
╔════════════════════════════════════════════════════════════════════════════════════════════════════╗
║▒▒▒▒▒▒▒▒▒▒▒▒▒▒▒▒▒▒▒▒▒▒▒▒▒▒▒▒▒▒▒《 General Simulation Configuration 》▒▒▒▒▒▒▒▒▒▒▒▒▒▒▒▒▒▒▒▒▒▒▒▒▒▒▒▒▒▒▒║
╠════════════════════════════════════════════════════════════════════════════════════════════════════╣
║ Dataset: /workspace/EVASim/datasets/vectordb/deep250m_100m.txt                                     ║
║ Numeric format: 32 bits                                                                            ║
║ Num batches: 100                                                                                   ║
║ Num tables: 1                                                                                      ║
║ Batch Size (samples per batch): 1                                                                  ║
║ Vectors per table: 250000000                                                                       ║
║ Lookups per sample: 488281                                                                         ║
║ Embedding Dimension 96                                                                             ║
╚════════════════════════════════════════════════════════════════════════════════════════════════════╝
(Time elapsed(s) in model and data gen:  17.425468sec)
[DEBUG] lS_i shape: (100, 1, 488281)
[DEBUG] addr_trace shape: (100, 1, 1464843)
Starting multiprocessing with 31 cores...
(Time elapsed(s) in address generation:  17.005398sec)

╔════════════════════════════════════════════════════════════════════════════════════════════════════╗
║▒▒▒▒▒▒▒▒▒▒▒▒▒▒▒▒▒▒▒▒▒▒▒▒▒▒▒▒▒▒▒▒▒《 On-Chip Memory Configuration 》▒▒▒▒▒▒▒▒▒▒▒▒▒▒▒▒▒▒▒▒▒▒▒▒▒▒▒▒▒▒▒▒▒║
╠════════════════════════════════════════════════════════════════════════════════════════════════════╣
║ Memory size: 134217728 B (128 MB)                                                                  ║
║ Memory type: spad                                                                                  ║
║ Memory policy: spad_naive                                                                          ║
╚════════════════════════════════════════════════════════════════════════════════════════════════════╝
[DEBUG] t_i: 0
[DEBUG] on_mem has 1048576 elements.
on mem data structure size: 8192.11 KB
(Time elapsed(s) in create memory structure:   1.504898sec)

╔════════════════════════════════════════════════════════════════════════════════════════════════════╗
║▒▒▒▒▒▒▒▒▒▒▒▒▒▒▒▒▒▒▒▒▒▒▒▒▒▒▒▒▒▒▒▒▒▒▒▒▒▒▒《 Simulation Start 》▒▒▒▒▒▒▒▒▒▒▒▒▒▒▒▒▒▒▒▒▒▒▒▒▒▒▒▒▒▒▒▒▒▒▒▒▒▒▒║
╚════════════════════════════════════════════════════════════════════════════════════════════════════╝
Simulation for batch 0...
Simulation for batch 1...
Simulation for batch 2...
Simulation for batch 3...
Simulation for batch 4...
Simulation for batch 5...
Simulation for batch 6...
Simulation for batch 7...
Simulation for batch 8...
Simulation for batch 9...
Simulation for batch 10...
Simulation for batch 11...
Simulation for batch 12...
Simulation for batch 13...
Simulation for batch 14...
Simulation for batch 15...
Simulation for batch 16...
Simulation for batch 17...
Simulation for batch 18...
Simulation for batch 19...
Simulation for batch 20...
Simulation for batch 21...
Simulation for batch 22...
Simulation for batch 23...
Simulation for batch 24...
Simulation for batch 25...
Simulation for batch 26...
Simulation for batch 27...
Simulation for batch 28...
Simulation for batch 29...
Simulation for batch 30...
Simulation for batch 31...
Simulation for batch 32...
Simulation for batch 33...
Simulation for batch 34...
Simulation for batch 35...
Simulation for batch 36...
Simulation for batch 37...
Simulation for batch 38...
Simulation for batch 39...
Simulation for batch 40...
Simulation for batch 41...
Simulation for batch 42...
Simulation for batch 43...
Simulation for batch 44...
Simulation for batch 45...
Simulation for batch 46...
Simulation for batch 47...
Simulation for batch 48...
Simulation for batch 49...
Simulation for batch 50...
Simulation for batch 51...
Simulation for batch 52...
Simulation for batch 53...
Simulation for batch 54...
Simulation for batch 55...
Simulation for batch 56...
Simulation for batch 57...
Simulation for batch 58...
Simulation for batch 59...
Simulation for batch 60...
Simulation for batch 61...
Simulation for batch 62...
Simulation for batch 63...
Simulation for batch 64...
Simulation for batch 65...
Simulation for batch 66...
Simulation for batch 67...
Simulation for batch 68...
Simulation for batch 69...
Simulation for batch 70...
Simulation for batch 71...
Simulation for batch 72...
Simulation for batch 73...
Simulation for batch 74...
Simulation for batch 75...
Simulation for batch 76...
Simulation for batch 77...
Simulation for batch 78...
Simulation for batch 79...
Simulation for batch 80...
Simulation for batch 81...
Simulation for batch 82...
Simulation for batch 83...
Simulation for batch 84...
Simulation for batch 85...
Simulation for batch 86...
Simulation for batch 87...
Simulation for batch 88...
Simulation for batch 89...
Simulation for batch 90...
Simulation for batch 91...
Simulation for batch 92...
Simulation for batch 93...
Simulation for batch 94...
Simulation for batch 95...
Simulation for batch 96...
Simulation for batch 97...
Simulation for batch 98...
Simulation for batch 99...
Simulation Done

╔════════════════════════════════════════════════════════════════════════════════════════════════════╗
║▒▒▒▒▒▒▒▒▒▒▒▒▒▒▒▒▒▒▒▒▒▒▒▒▒▒▒▒▒▒▒▒▒▒▒▒▒▒《 Simulation Results 》▒▒▒▒▒▒▒▒▒▒▒▒▒▒▒▒▒▒▒▒▒▒▒▒▒▒▒▒▒▒▒▒▒▒▒▒▒▒║
╠════════════════════════════════════════════════════════════════════════════════════════════════════╣
║ Total hit ratio: 0.0004                                                                            ║
║ Total accesses: 146484300                                                                          ║
║ Total hits: 52164                                                                                  ║
║ Total misses: 146432136                                                                            ║
║                                                                                                    ║
║ Per batch results:                                                                                 ║
║ [Batch 0] hit ratio: 0.0000 accesses: 1464843 hits: 0 misses: 1464843                              ║
║ [Batch 0] spad load: 0                                                                             ║
║ [Batch 1] hit ratio: 0.0000 accesses: 1464843 hits: 0 misses: 1464843                              ║
║ [Batch 1] spad load: 0                                                                             ║
║ [Batch 2] hit ratio: 0.0000 accesses: 1464843 hits: 0 misses: 1464843                              ║
║ [Batch 2] spad load: 0                                                                             ║
║ [Batch 3] hit ratio: 0.0000 accesses: 1464843 hits: 0 misses: 1464843                              ║
║ [Batch 3] spad load: 0                                                                             ║
║ [Batch 4] hit ratio: 0.0000 accesses: 1464843 hits: 0 misses: 1464843                              ║
║ [Batch 4] spad load: 0                                                                             ║
║ [Batch 5] hit ratio: 0.0061 accesses: 1464843 hits: 9000 misses: 1455843                           ║
║ [Batch 5] spad load: 0                                                                             ║
║ [Batch 6] hit ratio: 0.0000 accesses: 1464843 hits: 0 misses: 1464843                              ║
║ [Batch 6] spad load: 0                                                                             ║
║ [Batch 7] hit ratio: 0.0000 accesses: 1464843 hits: 0 misses: 1464843                              ║
║ [Batch 7] spad load: 0                                                                             ║
║ [Batch 8] hit ratio: 0.0000 accesses: 1464843 hits: 0 misses: 1464843                              ║
║ [Batch 8] spad load: 0                                                                             ║
║ [Batch 9] hit ratio: 0.0000 accesses: 1464843 hits: 0 misses: 1464843                              ║
║ [Batch 9] spad load: 0                                                                             ║
║ [Batch 10] hit ratio: 0.0000 accesses: 1464843 hits: 0 misses: 1464843                             ║
║ [Batch 10] spad load: 0                                                                            ║
║ [Batch 11] hit ratio: 0.0000 accesses: 1464843 hits: 0 misses: 1464843                             ║
║ [Batch 11] spad load: 0                                                                            ║
║ [Batch 12] hit ratio: 0.0000 accesses: 1464843 hits: 0 misses: 1464843                             ║
║ [Batch 12] spad load: 0                                                                            ║
║ [Batch 13] hit ratio: 0.0000 accesses: 1464843 hits: 0 misses: 1464843                             ║
║ [Batch 13] spad load: 0                                                                            ║
║ [Batch 14] hit ratio: 0.0000 accesses: 1464843 hits: 0 misses: 1464843                             ║
║ [Batch 14] spad load: 0                                                                            ║
║ [Batch 15] hit ratio: 0.0058 accesses: 1464843 hits: 8424 misses: 1456419                          ║
║ [Batch 15] spad load: 0                                                                            ║
║ [Batch 16] hit ratio: 0.0000 accesses: 1464843 hits: 0 misses: 1464843                             ║
║ [Batch 16] spad load: 0                                                                            ║
║ [Batch 17] hit ratio: 0.0000 accesses: 1464843 hits: 0 misses: 1464843                             ║
║ [Batch 17] spad load: 0                                                                            ║
║ [Batch 18] hit ratio: 0.0000 accesses: 1464843 hits: 0 misses: 1464843                             ║
║ [Batch 18] spad load: 0                                                                            ║
║ [Batch 19] hit ratio: 0.0000 accesses: 1464843 hits: 0 misses: 1464843                             ║
║ [Batch 19] spad load: 0                                                                            ║
║ [Batch 20] hit ratio: 0.0000 accesses: 1464843 hits: 0 misses: 1464843                             ║
║ [Batch 20] spad load: 0                                                                            ║
║ [Batch 21] hit ratio: 0.0000 accesses: 1464843 hits: 0 misses: 1464843                             ║
║ [Batch 21] spad load: 0                                                                            ║
║ [Batch 22] hit ratio: 0.0000 accesses: 1464843 hits: 0 misses: 1464843                             ║
║ [Batch 22] spad load: 0                                                                            ║
║ [Batch 23] hit ratio: 0.0000 accesses: 1464843 hits: 0 misses: 1464843                             ║
║ [Batch 23] spad load: 0                                                                            ║
║ [Batch 24] hit ratio: 0.0124 accesses: 1464843 hits: 18117 misses: 1446726                         ║
║ [Batch 24] spad load: 0                                                                            ║
║ [Batch 25] hit ratio: 0.0000 accesses: 1464843 hits: 0 misses: 1464843                             ║
║ [Batch 25] spad load: 0                                                                            ║
║ [Batch 26] hit ratio: 0.0000 accesses: 1464843 hits: 0 misses: 1464843                             ║
║ [Batch 26] spad load: 0                                                                            ║
║ [Batch 27] hit ratio: 0.0000 accesses: 1464843 hits: 0 misses: 1464843                             ║
║ [Batch 27] spad load: 0                                                                            ║
║ [Batch 28] hit ratio: 0.0000 accesses: 1464843 hits: 0 misses: 1464843                             ║
║ [Batch 28] spad load: 0                                                                            ║
║ [Batch 29] hit ratio: 0.0000 accesses: 1464843 hits: 0 misses: 1464843                             ║
║ [Batch 29] spad load: 0                                                                            ║
║ [Batch 30] hit ratio: 0.0000 accesses: 1464843 hits: 0 misses: 1464843                             ║
║ [Batch 30] spad load: 0                                                                            ║
║ [Batch 31] hit ratio: 0.0000 accesses: 1464843 hits: 0 misses: 1464843                             ║
║ [Batch 31] spad load: 0                                                                            ║
║ [Batch 32] hit ratio: 0.0000 accesses: 1464843 hits: 0 misses: 1464843                             ║
║ [Batch 32] spad load: 0                                                                            ║
║ [Batch 33] hit ratio: 0.0000 accesses: 1464843 hits: 0 misses: 1464843                             ║
║ [Batch 33] spad load: 0                                                                            ║
║ [Batch 34] hit ratio: 0.0000 accesses: 1464843 hits: 0 misses: 1464843                             ║
║ [Batch 34] spad load: 0                                                                            ║
║ [Batch 35] hit ratio: 0.0000 accesses: 1464843 hits: 0 misses: 1464843                             ║
║ [Batch 35] spad load: 0                                                                            ║
║ [Batch 36] hit ratio: 0.0000 accesses: 1464843 hits: 0 misses: 1464843                             ║
║ [Batch 36] spad load: 0                                                                            ║
║ [Batch 37] hit ratio: 0.0000 accesses: 1464843 hits: 0 misses: 1464843                             ║
║ [Batch 37] spad load: 0                                                                            ║
║ [Batch 38] hit ratio: 0.0000 accesses: 1464843 hits: 0 misses: 1464843                             ║
║ [Batch 38] spad load: 0                                                                            ║
║ [Batch 39] hit ratio: 0.0000 accesses: 1464843 hits: 0 misses: 1464843                             ║
║ [Batch 39] spad load: 0                                                                            ║
║ [Batch 40] hit ratio: 0.0000 accesses: 1464843 hits: 0 misses: 1464843                             ║
║ [Batch 40] spad load: 0                                                                            ║
║ [Batch 41] hit ratio: 0.0000 accesses: 1464843 hits: 0 misses: 1464843                             ║
║ [Batch 41] spad load: 0                                                                            ║
║ [Batch 42] hit ratio: 0.0000 accesses: 1464843 hits: 0 misses: 1464843                             ║
║ [Batch 42] spad load: 0                                                                            ║
║ [Batch 43] hit ratio: 0.0000 accesses: 1464843 hits: 0 misses: 1464843                             ║
║ [Batch 43] spad load: 0                                                                            ║
║ [Batch 44] hit ratio: 0.0000 accesses: 1464843 hits: 0 misses: 1464843                             ║
║ [Batch 44] spad load: 0                                                                            ║
║ [Batch 45] hit ratio: 0.0000 accesses: 1464843 hits: 0 misses: 1464843                             ║
║ [Batch 45] spad load: 0                                                                            ║
║ [Batch 46] hit ratio: 0.0000 accesses: 1464843 hits: 0 misses: 1464843                             ║
║ [Batch 46] spad load: 0                                                                            ║
║ [Batch 47] hit ratio: 0.0000 accesses: 1464843 hits: 0 misses: 1464843                             ║
║ [Batch 47] spad load: 0                                                                            ║
║ [Batch 48] hit ratio: 0.0000 accesses: 1464843 hits: 0 misses: 1464843                             ║
║ [Batch 48] spad load: 0                                                                            ║
║ [Batch 49] hit ratio: 0.0000 accesses: 1464843 hits: 0 misses: 1464843                             ║
║ [Batch 49] spad load: 0                                                                            ║
║ [Batch 50] hit ratio: 0.0000 accesses: 1464843 hits: 0 misses: 1464843                             ║
║ [Batch 50] spad load: 0                                                                            ║
║ [Batch 51] hit ratio: 0.0000 accesses: 1464843 hits: 0 misses: 1464843                             ║
║ [Batch 51] spad load: 0                                                                            ║
║ [Batch 52] hit ratio: 0.0000 accesses: 1464843 hits: 0 misses: 1464843                             ║
║ [Batch 52] spad load: 0                                                                            ║
║ [Batch 53] hit ratio: 0.0000 accesses: 1464843 hits: 0 misses: 1464843                             ║
║ [Batch 53] spad load: 0                                                                            ║
║ [Batch 54] hit ratio: 0.0000 accesses: 1464843 hits: 0 misses: 1464843                             ║
║ [Batch 54] spad load: 0                                                                            ║
║ [Batch 55] hit ratio: 0.0000 accesses: 1464843 hits: 0 misses: 1464843                             ║
║ [Batch 55] spad load: 0                                                                            ║
║ [Batch 56] hit ratio: 0.0000 accesses: 1464843 hits: 0 misses: 1464843                             ║
║ [Batch 56] spad load: 0                                                                            ║
║ [Batch 57] hit ratio: 0.0061 accesses: 1464843 hits: 9000 misses: 1455843                          ║
║ [Batch 57] spad load: 0                                                                            ║
║ [Batch 58] hit ratio: 0.0000 accesses: 1464843 hits: 0 misses: 1464843                             ║
║ [Batch 58] spad load: 0                                                                            ║
║ [Batch 59] hit ratio: 0.0000 accesses: 1464843 hits: 0 misses: 1464843                             ║
║ [Batch 59] spad load: 0                                                                            ║
║ [Batch 60] hit ratio: 0.0000 accesses: 1464843 hits: 0 misses: 1464843                             ║
║ [Batch 60] spad load: 0                                                                            ║
║ [Batch 61] hit ratio: 0.0000 accesses: 1464843 hits: 0 misses: 1464843                             ║
║ [Batch 61] spad load: 0                                                                            ║
║ [Batch 62] hit ratio: 0.0000 accesses: 1464843 hits: 0 misses: 1464843                             ║
║ [Batch 62] spad load: 0                                                                            ║
║ [Batch 63] hit ratio: 0.0000 accesses: 1464843 hits: 0 misses: 1464843                             ║
║ [Batch 63] spad load: 0                                                                            ║
║ [Batch 64] hit ratio: 0.0000 accesses: 1464843 hits: 0 misses: 1464843                             ║
║ [Batch 64] spad load: 0                                                                            ║
║ [Batch 65] hit ratio: 0.0000 accesses: 1464843 hits: 0 misses: 1464843                             ║
║ [Batch 65] spad load: 0                                                                            ║
║ [Batch 66] hit ratio: 0.0000 accesses: 1464843 hits: 0 misses: 1464843                             ║
║ [Batch 66] spad load: 0                                                                            ║
║ [Batch 67] hit ratio: 0.0000 accesses: 1464843 hits: 0 misses: 1464843                             ║
║ [Batch 67] spad load: 0                                                                            ║
║ [Batch 68] hit ratio: 0.0000 accesses: 1464843 hits: 0 misses: 1464843                             ║
║ [Batch 68] spad load: 0                                                                            ║
║ [Batch 69] hit ratio: 0.0000 accesses: 1464843 hits: 0 misses: 1464843                             ║
║ [Batch 69] spad load: 0                                                                            ║
║ [Batch 70] hit ratio: 0.0000 accesses: 1464843 hits: 0 misses: 1464843                             ║
║ [Batch 70] spad load: 0                                                                            ║
║ [Batch 71] hit ratio: 0.0000 accesses: 1464843 hits: 0 misses: 1464843                             ║
║ [Batch 71] spad load: 0                                                                            ║
║ [Batch 72] hit ratio: 0.0000 accesses: 1464843 hits: 0 misses: 1464843                             ║
║ [Batch 72] spad load: 0                                                                            ║
║ [Batch 73] hit ratio: 0.0000 accesses: 1464843 hits: 0 misses: 1464843                             ║
║ [Batch 73] spad load: 0                                                                            ║
║ [Batch 74] hit ratio: 0.0000 accesses: 1464843 hits: 0 misses: 1464843                             ║
║ [Batch 74] spad load: 0                                                                            ║
║ [Batch 75] hit ratio: 0.0000 accesses: 1464843 hits: 0 misses: 1464843                             ║
║ [Batch 75] spad load: 0                                                                            ║
║ [Batch 76] hit ratio: 0.0000 accesses: 1464843 hits: 0 misses: 1464843                             ║
║ [Batch 76] spad load: 0                                                                            ║
║ [Batch 77] hit ratio: 0.0000 accesses: 1464843 hits: 0 misses: 1464843                             ║
║ [Batch 77] spad load: 0                                                                            ║
║ [Batch 78] hit ratio: 0.0000 accesses: 1464843 hits: 0 misses: 1464843                             ║
║ [Batch 78] spad load: 0                                                                            ║
║ [Batch 79] hit ratio: 0.0000 accesses: 1464843 hits: 0 misses: 1464843                             ║
║ [Batch 79] spad load: 0                                                                            ║
║ [Batch 80] hit ratio: 0.0000 accesses: 1464843 hits: 0 misses: 1464843                             ║
║ [Batch 80] spad load: 0                                                                            ║
║ [Batch 81] hit ratio: 0.0000 accesses: 1464843 hits: 0 misses: 1464843                             ║
║ [Batch 81] spad load: 0                                                                            ║
║ [Batch 82] hit ratio: 0.0000 accesses: 1464843 hits: 0 misses: 1464843                             ║
║ [Batch 82] spad load: 0                                                                            ║
║ [Batch 83] hit ratio: 0.0000 accesses: 1464843 hits: 0 misses: 1464843                             ║
║ [Batch 83] spad load: 0                                                                            ║
║ [Batch 84] hit ratio: 0.0000 accesses: 1464843 hits: 0 misses: 1464843                             ║
║ [Batch 84] spad load: 0                                                                            ║
║ [Batch 85] hit ratio: 0.0052 accesses: 1464843 hits: 7623 misses: 1457220                          ║
║ [Batch 85] spad load: 0                                                                            ║
║ [Batch 86] hit ratio: 0.0000 accesses: 1464843 hits: 0 misses: 1464843                             ║
║ [Batch 86] spad load: 0                                                                            ║
║ [Batch 87] hit ratio: 0.0000 accesses: 1464843 hits: 0 misses: 1464843                             ║
║ [Batch 87] spad load: 0                                                                            ║
║ [Batch 88] hit ratio: 0.0000 accesses: 1464843 hits: 0 misses: 1464843                             ║
║ [Batch 88] spad load: 0                                                                            ║
║ [Batch 89] hit ratio: 0.0000 accesses: 1464843 hits: 0 misses: 1464843                             ║
║ [Batch 89] spad load: 0                                                                            ║
║ [Batch 90] hit ratio: 0.0000 accesses: 1464843 hits: 0 misses: 1464843                             ║
║ [Batch 90] spad load: 0                                                                            ║
║ [Batch 91] hit ratio: 0.0000 accesses: 1464843 hits: 0 misses: 1464843                             ║
║ [Batch 91] spad load: 0                                                                            ║
║ [Batch 92] hit ratio: 0.0000 accesses: 1464843 hits: 0 misses: 1464843                             ║
║ [Batch 92] spad load: 0                                                                            ║
║ [Batch 93] hit ratio: 0.0000 accesses: 1464843 hits: 0 misses: 1464843                             ║
║ [Batch 93] spad load: 0                                                                            ║
║ [Batch 94] hit ratio: 0.0000 accesses: 1464843 hits: 0 misses: 1464843                             ║
║ [Batch 94] spad load: 0                                                                            ║
║ [Batch 95] hit ratio: 0.0000 accesses: 1464843 hits: 0 misses: 1464843                             ║
║ [Batch 95] spad load: 0                                                                            ║
║ [Batch 96] hit ratio: 0.0000 accesses: 1464843 hits: 0 misses: 1464843                             ║
║ [Batch 96] spad load: 0                                                                            ║
║ [Batch 97] hit ratio: 0.0000 accesses: 1464843 hits: 0 misses: 1464843                             ║
║ [Batch 97] spad load: 0                                                                            ║
║ [Batch 98] hit ratio: 0.0000 accesses: 1464843 hits: 0 misses: 1464843                             ║
║ [Batch 98] spad load: 0                                                                            ║
║ [Batch 99] hit ratio: 0.0000 accesses: 1464843 hits: 0 misses: 1464843                             ║
║ [Batch 99] spad load: 0                                                                            ║
╚════════════════════════════════════════════════════════════════════════════════════════════════════╝
(Time elapsed(s) in do simulation:   7.447596sec)
[DEBUG] workload_type: vectordb



 START ENERGY ESTIMATION 

Setting parameters for energy estimation...
Setting workload configuration...
Setting energy table configuration...
 [DEBUG] action type and count for op 0: add 187499904.0
 [DEBUG] action type and count for op 1: mul 187499904.0
 [DEBUG] action type and count for op 0: add 187499904.0
 [DEBUG] action type and count for op 1: mul 187499904.0
 [DEBUG] action type and count for op 0: add 187499904.0
 [DEBUG] action type and count for op 1: mul 187499904.0
 [DEBUG] action type and count for op 0: add 187499904.0
 [DEBUG] action type and count for op 1: mul 187499904.0
 [DEBUG] action type and count for op 0: add 187499904.0
 [DEBUG] action type and count for op 1: mul 187499904.0
 [DEBUG] action type and count for op 0: add 187499904.0
 [DEBUG] action type and count for op 1: mul 187499904.0
 [DEBUG] action type and count for op 0: add 187499904.0
 [DEBUG] action type and count for op 1: mul 187499904.0
 [DEBUG] action type and count for op 0: add 187499904.0
 [DEBUG] action type and count for op 1: mul 187499904.0
 [DEBUG] action type and count for op 0: add 187499904.0
 [DEBUG] action type and count for op 1: mul 187499904.0
 [DEBUG] action type and count for op 0: add 187499904.0
 [DEBUG] action type and count for op 1: mul 187499904.0
 [DEBUG] action type and count for op 0: add 187499904.0
 [DEBUG] action type and count for op 1: mul 187499904.0
 [DEBUG] action type and count for op 0: add 187499904.0
 [DEBUG] action type and count for op 1: mul 187499904.0
 [DEBUG] action type and count for op 0: add 187499904.0
 [DEBUG] action type and count for op 1: mul 187499904.0
 [DEBUG] action type and count for op 0: add 187499904.0
 [DEBUG] action type and count for op 1: mul 187499904.0
 [DEBUG] action type and count for op 0: add 187499904.0
 [DEBUG] action type and count for op 1: mul 187499904.0
 [DEBUG] action type and count for op 0: add 187499904.0
 [DEBUG] action type and count for op 1: mul 187499904.0
 [DEBUG] action type and count for op 0: add 187499904.0
 [DEBUG] action type and count for op 1: mul 187499904.0
 [DEBUG] action type and count for op 0: add 187499904.0
 [DEBUG] action type and count for op 1: mul 187499904.0
 [DEBUG] action type and count for op 0: add 187499904.0
 [DEBUG] action type and count for op 1: mul 187499904.0
 [DEBUG] action type and count for op 0: add 187499904.0
 [DEBUG] action type and count for op 1: mul 187499904.0
 [DEBUG] action type and count for op 0: add 187499904.0
 [DEBUG] action type and count for op 1: mul 187499904.0
 [DEBUG] action type and count for op 0: add 187499904.0
 [DEBUG] action type and count for op 1: mul 187499904.0
 [DEBUG] action type and count for op 0: add 187499904.0
 [DEBUG] action type and count for op 1: mul 187499904.0
 [DEBUG] action type and count for op 0: add 187499904.0
 [DEBUG] action type and count for op 1: mul 187499904.0
 [DEBUG] action type and count for op 0: add 187499904.0
 [DEBUG] action type and count for op 1: mul 187499904.0
 [DEBUG] action type and count for op 0: add 187499904.0
 [DEBUG] action type and count for op 1: mul 187499904.0
 [DEBUG] action type and count for op 0: add 187499904.0
 [DEBUG] action type and count for op 1: mul 187499904.0
 [DEBUG] action type and count for op 0: add 187499904.0
 [DEBUG] action type and count for op 1: mul 187499904.0
 [DEBUG] action type and count for op 0: add 187499904.0
 [DEBUG] action type and count for op 1: mul 187499904.0
 [DEBUG] action type and count for op 0: add 187499904.0
 [DEBUG] action type and count for op 1: mul 187499904.0
 [DEBUG] action type and count for op 0: add 187499904.0
 [DEBUG] action type and count for op 1: mul 187499904.0
 [DEBUG] action type and count for op 0: add 187499904.0
 [DEBUG] action type and count for op 1: mul 187499904.0
 [DEBUG] action type and count for op 0: add 187499904.0
 [DEBUG] action type and count for op 1: mul 187499904.0
 [DEBUG] action type and count for op 0: add 187499904.0
 [DEBUG] action type and count for op 1: mul 187499904.0
 [DEBUG] action type and count for op 0: add 187499904.0
 [DEBUG] action type and count for op 1: mul 187499904.0
 [DEBUG] action type and count for op 0: add 187499904.0
 [DEBUG] action type and count for op 1: mul 187499904.0
 [DEBUG] action type and count for op 0: add 187499904.0
 [DEBUG] action type and count for op 1: mul 187499904.0
 [DEBUG] action type and count for op 0: add 187499904.0
 [DEBUG] action type and count for op 1: mul 187499904.0
 [DEBUG] action type and count for op 0: add 187499904.0
 [DEBUG] action type and count for op 1: mul 187499904.0
 [DEBUG] action type and count for op 0: add 187499904.0
 [DEBUG] action type and count for op 1: mul 187499904.0
 [DEBUG] action type and count for op 0: add 187499904.0
 [DEBUG] action type and count for op 1: mul 187499904.0
 [DEBUG] action type and count for op 0: add 187499904.0
 [DEBUG] action type and count for op 1: mul 187499904.0
 [DEBUG] action type and count for op 0: add 187499904.0
 [DEBUG] action type and count for op 1: mul 187499904.0
 [DEBUG] action type and count for op 0: add 187499904.0
 [DEBUG] action type and count for op 1: mul 187499904.0
 [DEBUG] action type and count for op 0: add 187499904.0
 [DEBUG] action type and count for op 1: mul 187499904.0
 [DEBUG] action type and count for op 0: add 187499904.0
 [DEBUG] action type and count for op 1: mul 187499904.0
 [DEBUG] action type and count for op 0: add 187499904.0
 [DEBUG] action type and count for op 1: mul 187499904.0
 [DEBUG] action type and count for op 0: add 187499904.0
 [DEBUG] action type and count for op 1: mul 187499904.0
 [DEBUG] action type and count for op 0: add 187499904.0
 [DEBUG] action type and count for op 1: mul 187499904.0
 [DEBUG] action type and count for op 0: add 187499904.0
 [DEBUG] action type and count for op 1: mul 187499904.0
 [DEBUG] action type and count for op 0: add 187499904.0
 [DEBUG] action type and count for op 1: mul 187499904.0
 [DEBUG] action type and count for op 0: add 187499904.0
 [DEBUG] action type and count for op 1: mul 187499904.0
 [DEBUG] action type and count for op 0: add 187499904.0
 [DEBUG] action type and count for op 1: mul 187499904.0
 [DEBUG] action type and count for op 0: add 187499904.0
 [DEBUG] action type and count for op 1: mul 187499904.0
 [DEBUG] action type and count for op 0: add 187499904.0
 [DEBUG] action type and count for op 1: mul 187499904.0
 [DEBUG] action type and count for op 0: add 187499904.0
 [DEBUG] action type and count for op 1: mul 187499904.0
 [DEBUG] action type and count for op 0: add 187499904.0
 [DEBUG] action type and count for op 1: mul 187499904.0
 [DEBUG] action type and count for op 0: add 187499904.0
 [DEBUG] action type and count for op 1: mul 187499904.0
 [DEBUG] action type and count for op 0: add 187499904.0
 [DEBUG] action type and count for op 1: mul 187499904.0
 [DEBUG] action type and count for op 0: add 187499904.0
 [DEBUG] action type and count for op 1: mul 187499904.0
 [DEBUG] action type and count for op 0: add 187499904.0
 [DEBUG] action type and count for op 1: mul 187499904.0
 [DEBUG] action type and count for op 0: add 187499904.0
 [DEBUG] action type and count for op 1: mul 187499904.0
 [DEBUG] action type and count for op 0: add 187499904.0
 [DEBUG] action type and count for op 1: mul 187499904.0
 [DEBUG] action type and count for op 0: add 187499904.0
 [DEBUG] action type and count for op 1: mul 187499904.0
 [DEBUG] action type and count for op 0: add 187499904.0
 [DEBUG] action type and count for op 1: mul 187499904.0
 [DEBUG] action type and count for op 0: add 187499904.0
 [DEBUG] action type and count for op 1: mul 187499904.0
 [DEBUG] action type and count for op 0: add 187499904.0
 [DEBUG] action type and count for op 1: mul 187499904.0
 [DEBUG] action type and count for op 0: add 187499904.0
 [DEBUG] action type and count for op 1: mul 187499904.0
 [DEBUG] action type and count for op 0: add 187499904.0
 [DEBUG] action type and count for op 1: mul 187499904.0
 [DEBUG] action type and count for op 0: add 187499904.0
 [DEBUG] action type and count for op 1: mul 187499904.0
 [DEBUG] action type and count for op 0: add 187499904.0
 [DEBUG] action type and count for op 1: mul 187499904.0
 [DEBUG] action type and count for op 0: add 187499904.0
 [DEBUG] action type and count for op 1: mul 187499904.0
 [DEBUG] action type and count for op 0: add 187499904.0
 [DEBUG] action type and count for op 1: mul 187499904.0
 [DEBUG] action type and count for op 0: add 187499904.0
 [DEBUG] action type and count for op 1: mul 187499904.0
 [DEBUG] action type and count for op 0: add 187499904.0
 [DEBUG] action type and count for op 1: mul 187499904.0
 [DEBUG] action type and count for op 0: add 187499904.0
 [DEBUG] action type and count for op 1: mul 187499904.0
 [DEBUG] action type and count for op 0: add 187499904.0
 [DEBUG] action type and count for op 1: mul 187499904.0
 [DEBUG] action type and count for op 0: add 187499904.0
 [DEBUG] action type and count for op 1: mul 187499904.0
 [DEBUG] action type and count for op 0: add 187499904.0
 [DEBUG] action type and count for op 1: mul 187499904.0
 [DEBUG] action type and count for op 0: add 187499904.0
 [DEBUG] action type and count for op 1: mul 187499904.0
 [DEBUG] action type and count for op 0: add 187499904.0
 [DEBUG] action type and count for op 1: mul 187499904.0
 [DEBUG] action type and count for op 0: add 187499904.0
 [DEBUG] action type and count for op 1: mul 187499904.0
 [DEBUG] action type and count for op 0: add 187499904.0
 [DEBUG] action type and count for op 1: mul 187499904.0
 [DEBUG] action type and count for op 0: add 187499904.0
 [DEBUG] action type and count for op 1: mul 187499904.0
 [DEBUG] action type and count for op 0: add 187499904.0
 [DEBUG] action type and count for op 1: mul 187499904.0
 [DEBUG] action type and count for op 0: add 187499904.0
 [DEBUG] action type and count for op 1: mul 187499904.0
 [DEBUG] action type and count for op 0: add 187499904.0
 [DEBUG] action type and count for op 1: mul 187499904.0
 [DEBUG] action type and count for op 0: add 187499904.0
 [DEBUG] action type and count for op 1: mul 187499904.0
 [DEBUG] action type and count for op 0: add 187499904.0
 [DEBUG] action type and count for op 1: mul 187499904.0
 [DEBUG] action type and count for op 0: add 187499904.0
 [DEBUG] action type and count for op 1: mul 187499904.0
 [DEBUG] action type and count for op 0: add 187499904.0
 [DEBUG] action type and count for op 1: mul 187499904.0
 [DEBUG] action type and count for op 0: add 187499904.0
 [DEBUG] action type and count for op 1: mul 187499904.0
 [DEBUG] action type and count for op 0: add 187499904.0
 [DEBUG] action type and count for op 1: mul 187499904.0
 [DEBUG] action type and count for op 0: add 187499904.0
 [DEBUG] action type and count for op 1: mul 187499904.0
 [DEBUG] action type and count for op 0: add 187499904.0
 [DEBUG] action type and count for op 1: mul 187499904.0
 [DEBUG] action type and count for op 0: add 187499904.0
 [DEBUG] action type and count for op 1: mul 187499904.0
 [DEBUG] action type and count for op 0: add 187499904.0
 [DEBUG] action type and count for op 1: mul 187499904.0
 [DEBUG] action type and count for op 0: add 187499904.0
 [DEBUG] action type and count for op 1: mul 187499904.0
 [DEBUG] action type and count for op 0: add 187499904.0
 [DEBUG] action type and count for op 1: mul 187499904.0
 [DEBUG] action type and count for op 0: add 187499904.0
 [DEBUG] action type and count for op 1: mul 187499904.0

╔════════════════════════════════════════════════════════════════════════════════════════════════════╗
║▒▒▒▒▒▒▒▒▒▒▒▒▒▒▒▒▒▒▒▒▒▒▒▒▒▒▒▒▒▒▒▒▒▒▒《 Energy Estimation Results 》▒▒▒▒▒▒▒▒▒▒▒▒▒▒▒▒▒▒▒▒▒▒▒▒▒▒▒▒▒▒▒▒▒▒▒║
╚════════════════════════════════════════════════════════════════════════════════════════════════════╝

╔════════════════════════════════════════════════════════════════════════════════════════════════════╗
║▒▒▒▒▒▒▒▒▒▒▒▒▒▒▒▒▒▒▒▒▒▒▒▒▒▒▒▒▒▒▒▒▒▒▒《 Energy Estimation Results 》▒▒▒▒▒▒▒▒▒▒▒▒▒▒▒▒▒▒▒▒▒▒▒▒▒▒▒▒▒▒▒▒▒▒▒║
╠════════════════════════════════════════════════════════════════════════════════════════════════════╣
║ Total Energy: 845825836590.481 pJ                                                                  ║
║ Off-chip Memory Energy: 820019961600.000 pJ (96.95%)                                               ║
║ On-chip Memory Energy: 24638100.480 pJ (0.00%)                                                     ║
║ Operations Energy:                                                                                 ║
║   - Operation 0: 4218747840.000 pJ (0.50%)                                                         ║
║   - Operation 1: 17343741120.000 pJ (2.05%)                                                        ║
║   - Operation 2: 4185788940.000 pJ (0.49%)                                                         ║
║   - Operation 3: 32958990.000 pJ (0.00%)                                                           ║
║                                                                                                    ║
║ Per-Batch Energy:                                                                                  ║
║   - Batch 0:                                                                                       ║
║     Total Energy: 8460933168.900 pJ                                                                ║
║     Off-chip Memory Energy: 8203120800.000 pJ                                                      ║
║     On-chip Memory Energy: 0.000 pJ                                                                ║
║     Operations Energy:                                                                             ║
║       - Operation 0: 42187478.400 pJ                                                               ║
║       - Operation 1: 173437411.200 pJ                                                              ║
║       - Operation 2: 41857889.400 pJ                                                               ║
║       - Operation 3: 329589.900 pJ                                                                 ║
║   - Batch 1:                                                                                       ║
║     Total Energy: 8460933168.900 pJ                                                                ║
║     Off-chip Memory Energy: 8203120800.000 pJ                                                      ║
║     On-chip Memory Energy: 0.000 pJ                                                                ║
║     Operations Energy:                                                                             ║
║       - Operation 0: 42187478.400 pJ                                                               ║
║       - Operation 1: 173437411.200 pJ                                                              ║
║       - Operation 2: 41857889.400 pJ                                                               ║
║       - Operation 3: 329589.900 pJ                                                                 ║
║   - Batch 2:                                                                                       ║
║     Total Energy: 8460933168.900 pJ                                                                ║
║     Off-chip Memory Energy: 8203120800.000 pJ                                                      ║
║     On-chip Memory Energy: 0.000 pJ                                                                ║
║     Operations Energy:                                                                             ║
║       - Operation 0: 42187478.400 pJ                                                               ║
║       - Operation 1: 173437411.200 pJ                                                              ║
║       - Operation 2: 41857889.400 pJ                                                               ║
║       - Operation 3: 329589.900 pJ                                                                 ║
║   - Batch 3:                                                                                       ║
║     Total Energy: 8460933168.900 pJ                                                                ║
║     Off-chip Memory Energy: 8203120800.000 pJ                                                      ║
║     On-chip Memory Energy: 0.000 pJ                                                                ║
║     Operations Energy:                                                                             ║
║       - Operation 0: 42187478.400 pJ                                                               ║
║       - Operation 1: 173437411.200 pJ                                                              ║
║       - Operation 2: 41857889.400 pJ                                                               ║
║       - Operation 3: 329589.900 pJ                                                                 ║
║   - Batch 4:                                                                                       ║
║     Total Energy: 8460933168.900 pJ                                                                ║
║     Off-chip Memory Energy: 8203120800.000 pJ                                                      ║
║     On-chip Memory Energy: 0.000 pJ                                                                ║
║     Operations Energy:                                                                             ║
║       - Operation 0: 42187478.400 pJ                                                               ║
║       - Operation 1: 173437411.200 pJ                                                              ║
║       - Operation 2: 41857889.400 pJ                                                               ║
║       - Operation 3: 329589.900 pJ                                                                 ║
║   - Batch 5:                                                                                       ║
║     Total Energy: 8414784048.900 pJ                                                                ║
║     Off-chip Memory Energy: 8152720800.000 pJ                                                      ║
║     On-chip Memory Energy: 4250880.000 pJ                                                          ║
║     Operations Energy:                                                                             ║
║       - Operation 0: 42187478.400 pJ                                                               ║
║       - Operation 1: 173437411.200 pJ                                                              ║
║       - Operation 2: 41857889.400 pJ                                                               ║
║       - Operation 3: 329589.900 pJ                                                                 ║
║   - Batch 6:                                                                                       ║
║     Total Energy: 8460933168.900 pJ                                                                ║
║     Off-chip Memory Energy: 8203120800.000 pJ                                                      ║
║     On-chip Memory Energy: 0.000 pJ                                                                ║
║     Operations Energy:                                                                             ║
║       - Operation 0: 42187478.400 pJ                                                               ║
║       - Operation 1: 173437411.200 pJ                                                              ║
║       - Operation 2: 41857889.400 pJ                                                               ║
║       - Operation 3: 329589.900 pJ                                                                 ║
║   - Batch 7:                                                                                       ║
║     Total Energy: 8460933168.900 pJ                                                                ║
║     Off-chip Memory Energy: 8203120800.000 pJ                                                      ║
║     On-chip Memory Energy: 0.000 pJ                                                                ║
║     Operations Energy:                                                                             ║
║       - Operation 0: 42187478.400 pJ                                                               ║
║       - Operation 1: 173437411.200 pJ                                                              ║
║       - Operation 2: 41857889.400 pJ                                                               ║
║       - Operation 3: 329589.900 pJ                                                                 ║
║   - Batch 8:                                                                                       ║
║     Total Energy: 8460933168.900 pJ                                                                ║
║     Off-chip Memory Energy: 8203120800.000 pJ                                                      ║
║     On-chip Memory Energy: 0.000 pJ                                                                ║
║     Operations Energy:                                                                             ║
║       - Operation 0: 42187478.400 pJ                                                               ║
║       - Operation 1: 173437411.200 pJ                                                              ║
║       - Operation 2: 41857889.400 pJ                                                               ║
║       - Operation 3: 329589.900 pJ                                                                 ║
║   - Batch 9:                                                                                       ║
║     Total Energy: 8460933168.900 pJ                                                                ║
║     Off-chip Memory Energy: 8203120800.000 pJ                                                      ║
║     On-chip Memory Energy: 0.000 pJ                                                                ║
║     Operations Energy:                                                                             ║
║       - Operation 0: 42187478.400 pJ                                                               ║
║       - Operation 1: 173437411.200 pJ                                                              ║
║       - Operation 2: 41857889.400 pJ                                                               ║
║       - Operation 3: 329589.900 pJ                                                                 ║
║   - Batch 10:                                                                                      ║
║     Total Energy: 8460933168.900 pJ                                                                ║
║     Off-chip Memory Energy: 8203120800.000 pJ                                                      ║
║     On-chip Memory Energy: 0.000 pJ                                                                ║
║     Operations Energy:                                                                             ║
║       - Operation 0: 42187478.400 pJ                                                               ║
║       - Operation 1: 173437411.200 pJ                                                              ║
║       - Operation 2: 41857889.400 pJ                                                               ║
║       - Operation 3: 329589.900 pJ                                                                 ║
║   - Batch 11:                                                                                      ║
║     Total Energy: 8460933168.900 pJ                                                                ║
║     Off-chip Memory Energy: 8203120800.000 pJ                                                      ║
║     On-chip Memory Energy: 0.000 pJ                                                                ║
║     Operations Energy:                                                                             ║
║       - Operation 0: 42187478.400 pJ                                                               ║
║       - Operation 1: 173437411.200 pJ                                                              ║
║       - Operation 2: 41857889.400 pJ                                                               ║
║       - Operation 3: 329589.900 pJ                                                                 ║
║   - Batch 12:                                                                                      ║
║     Total Energy: 8460933168.900 pJ                                                                ║
║     Off-chip Memory Energy: 8203120800.000 pJ                                                      ║
║     On-chip Memory Energy: 0.000 pJ                                                                ║
║     Operations Energy:                                                                             ║
║       - Operation 0: 42187478.400 pJ                                                               ║
║       - Operation 1: 173437411.200 pJ                                                              ║
║       - Operation 2: 41857889.400 pJ                                                               ║
║       - Operation 3: 329589.900 pJ                                                                 ║
║   - Batch 13:                                                                                      ║
║     Total Energy: 8460933168.900 pJ                                                                ║
║     Off-chip Memory Energy: 8203120800.000 pJ                                                      ║
║     On-chip Memory Energy: 0.000 pJ                                                                ║
║     Operations Energy:                                                                             ║
║       - Operation 0: 42187478.400 pJ                                                               ║
║       - Operation 1: 173437411.200 pJ                                                              ║
║       - Operation 2: 41857889.400 pJ                                                               ║
║       - Operation 3: 329589.900 pJ                                                                 ║
║   - Batch 14:                                                                                      ║
║     Total Energy: 8460933168.900 pJ                                                                ║
║     Off-chip Memory Energy: 8203120800.000 pJ                                                      ║
║     On-chip Memory Energy: 0.000 pJ                                                                ║
║     Operations Energy:                                                                             ║
║       - Operation 0: 42187478.400 pJ                                                               ║
║       - Operation 1: 173437411.200 pJ                                                              ║
║       - Operation 2: 41857889.400 pJ                                                               ║
║       - Operation 3: 329589.900 pJ                                                                 ║
║   - Batch 15:                                                                                      ║
║     Total Energy: 8417737592.580 pJ                                                                ║
║     Off-chip Memory Energy: 8155946400.000 pJ                                                      ║
║     On-chip Memory Energy: 3978823.680 pJ                                                          ║
║     Operations Energy:                                                                             ║
║       - Operation 0: 42187478.400 pJ                                                               ║
║       - Operation 1: 173437411.200 pJ                                                              ║
║       - Operation 2: 41857889.400 pJ                                                               ║
║       - Operation 3: 329589.900 pJ                                                                 ║
║   - Batch 16:                                                                                      ║
║     Total Energy: 8460933168.900 pJ                                                                ║
║     Off-chip Memory Energy: 8203120800.000 pJ                                                      ║
║     On-chip Memory Energy: 0.000 pJ                                                                ║
║     Operations Energy:                                                                             ║
║       - Operation 0: 42187478.400 pJ                                                               ║
║       - Operation 1: 173437411.200 pJ                                                              ║
║       - Operation 2: 41857889.400 pJ                                                               ║
║       - Operation 3: 329589.900 pJ                                                                 ║
║   - Batch 17:                                                                                      ║
║     Total Energy: 8460933168.900 pJ                                                                ║
║     Off-chip Memory Energy: 8203120800.000 pJ                                                      ║
║     On-chip Memory Energy: 0.000 pJ                                                                ║
║     Operations Energy:                                                                             ║
║       - Operation 0: 42187478.400 pJ                                                               ║
║       - Operation 1: 173437411.200 pJ                                                              ║
║       - Operation 2: 41857889.400 pJ                                                               ║
║       - Operation 3: 329589.900 pJ                                                                 ║
║   - Batch 18:                                                                                      ║
║     Total Energy: 8460933168.900 pJ                                                                ║
║     Off-chip Memory Energy: 8203120800.000 pJ                                                      ║
║     On-chip Memory Energy: 0.000 pJ                                                                ║
║     Operations Energy:                                                                             ║
║       - Operation 0: 42187478.400 pJ                                                               ║
║       - Operation 1: 173437411.200 pJ                                                              ║
║       - Operation 2: 41857889.400 pJ                                                               ║
║       - Operation 3: 329589.900 pJ                                                                 ║
║   - Batch 19:                                                                                      ║
║     Total Energy: 8460933168.900 pJ                                                                ║
║     Off-chip Memory Energy: 8203120800.000 pJ                                                      ║
║     On-chip Memory Energy: 0.000 pJ                                                                ║
║     Operations Energy:                                                                             ║
║       - Operation 0: 42187478.400 pJ                                                               ║
║       - Operation 1: 173437411.200 pJ                                                              ║
║       - Operation 2: 41857889.400 pJ                                                               ║
║       - Operation 3: 329589.900 pJ                                                                 ║
║   - Batch 20:                                                                                      ║
║     Total Energy: 8460933168.900 pJ                                                                ║
║     Off-chip Memory Energy: 8203120800.000 pJ                                                      ║
║     On-chip Memory Energy: 0.000 pJ                                                                ║
║     Operations Energy:                                                                             ║
║       - Operation 0: 42187478.400 pJ                                                               ║
║       - Operation 1: 173437411.200 pJ                                                              ║
║       - Operation 2: 41857889.400 pJ                                                               ║
║       - Operation 3: 329589.900 pJ                                                                 ║
║   - Batch 21:                                                                                      ║
║     Total Energy: 8460933168.900 pJ                                                                ║
║     Off-chip Memory Energy: 8203120800.000 pJ                                                      ║
║     On-chip Memory Energy: 0.000 pJ                                                                ║
║     Operations Energy:                                                                             ║
║       - Operation 0: 42187478.400 pJ                                                               ║
║       - Operation 1: 173437411.200 pJ                                                              ║
║       - Operation 2: 41857889.400 pJ                                                               ║
║       - Operation 3: 329589.900 pJ                                                                 ║
║   - Batch 22:                                                                                      ║
║     Total Energy: 8460933168.900 pJ                                                                ║
║     Off-chip Memory Energy: 8203120800.000 pJ                                                      ║
║     On-chip Memory Energy: 0.000 pJ                                                                ║
║     Operations Energy:                                                                             ║
║       - Operation 0: 42187478.400 pJ                                                               ║
║       - Operation 1: 173437411.200 pJ                                                              ║
║       - Operation 2: 41857889.400 pJ                                                               ║
║       - Operation 3: 329589.900 pJ                                                                 ║
║   - Batch 23:                                                                                      ║
║     Total Energy: 8460933168.900 pJ                                                                ║
║     Off-chip Memory Energy: 8203120800.000 pJ                                                      ║
║     On-chip Memory Energy: 0.000 pJ                                                                ║
║     Operations Energy:                                                                             ║
║       - Operation 0: 42187478.400 pJ                                                               ║
║       - Operation 1: 173437411.200 pJ                                                              ║
║       - Operation 2: 41857889.400 pJ                                                               ║
║       - Operation 3: 329589.900 pJ                                                                 ║
║   - Batch 24:                                                                                      ║
║     Total Energy: 8368034990.340 pJ                                                                ║
║     Off-chip Memory Energy: 8101665600.000 pJ                                                      ║
║     On-chip Memory Energy: 8557021.440 pJ                                                          ║
║     Operations Energy:                                                                             ║
║       - Operation 0: 42187478.400 pJ                                                               ║
║       - Operation 1: 173437411.200 pJ                                                              ║
║       - Operation 2: 41857889.400 pJ                                                               ║
║       - Operation 3: 329589.900 pJ                                                                 ║
║   - Batch 25:                                                                                      ║
║     Total Energy: 8460933168.900 pJ                                                                ║
║     Off-chip Memory Energy: 8203120800.000 pJ                                                      ║
║     On-chip Memory Energy: 0.000 pJ                                                                ║
║     Operations Energy:                                                                             ║
║       - Operation 0: 42187478.400 pJ                                                               ║
║       - Operation 1: 173437411.200 pJ                                                              ║
║       - Operation 2: 41857889.400 pJ                                                               ║
║       - Operation 3: 329589.900 pJ                                                                 ║
║   - Batch 26:                                                                                      ║
║     Total Energy: 8460933168.900 pJ                                                                ║
║     Off-chip Memory Energy: 8203120800.000 pJ                                                      ║
║     On-chip Memory Energy: 0.000 pJ                                                                ║
║     Operations Energy:                                                                             ║
║       - Operation 0: 42187478.400 pJ                                                               ║
║       - Operation 1: 173437411.200 pJ                                                              ║
║       - Operation 2: 41857889.400 pJ                                                               ║
║       - Operation 3: 329589.900 pJ                                                                 ║
║   - Batch 27:                                                                                      ║
║     Total Energy: 8460933168.900 pJ                                                                ║
║     Off-chip Memory Energy: 8203120800.000 pJ                                                      ║
║     On-chip Memory Energy: 0.000 pJ                                                                ║
║     Operations Energy:                                                                             ║
║       - Operation 0: 42187478.400 pJ                                                               ║
║       - Operation 1: 173437411.200 pJ                                                              ║
║       - Operation 2: 41857889.400 pJ                                                               ║
║       - Operation 3: 329589.900 pJ                                                                 ║
║   - Batch 28:                                                                                      ║
║     Total Energy: 8460933168.900 pJ                                                                ║
║     Off-chip Memory Energy: 8203120800.000 pJ                                                      ║
║     On-chip Memory Energy: 0.000 pJ                                                                ║
║     Operations Energy:                                                                             ║
║       - Operation 0: 42187478.400 pJ                                                               ║
║       - Operation 1: 173437411.200 pJ                                                              ║
║       - Operation 2: 41857889.400 pJ                                                               ║
║       - Operation 3: 329589.900 pJ                                                                 ║
║   - Batch 29:                                                                                      ║
║     Total Energy: 8460933168.900 pJ                                                                ║
║     Off-chip Memory Energy: 8203120800.000 pJ                                                      ║
║     On-chip Memory Energy: 0.000 pJ                                                                ║
║     Operations Energy:                                                                             ║
║       - Operation 0: 42187478.400 pJ                                                               ║
║       - Operation 1: 173437411.200 pJ                                                              ║
║       - Operation 2: 41857889.400 pJ                                                               ║
║       - Operation 3: 329589.900 pJ                                                                 ║
║   - Batch 30:                                                                                      ║
║     Total Energy: 8460933168.900 pJ                                                                ║
║     Off-chip Memory Energy: 8203120800.000 pJ                                                      ║
║     On-chip Memory Energy: 0.000 pJ                                                                ║
║     Operations Energy:                                                                             ║
║       - Operation 0: 42187478.400 pJ                                                               ║
║       - Operation 1: 173437411.200 pJ                                                              ║
║       - Operation 2: 41857889.400 pJ                                                               ║
║       - Operation 3: 329589.900 pJ                                                                 ║
║   - Batch 31:                                                                                      ║
║     Total Energy: 8460933168.900 pJ                                                                ║
║     Off-chip Memory Energy: 8203120800.000 pJ                                                      ║
║     On-chip Memory Energy: 0.000 pJ                                                                ║
║     Operations Energy:                                                                             ║
║       - Operation 0: 42187478.400 pJ                                                               ║
║       - Operation 1: 173437411.200 pJ                                                              ║
║       - Operation 2: 41857889.400 pJ                                                               ║
║       - Operation 3: 329589.900 pJ                                                                 ║
║   - Batch 32:                                                                                      ║
║     Total Energy: 8460933168.900 pJ                                                                ║
║     Off-chip Memory Energy: 8203120800.000 pJ                                                      ║
║     On-chip Memory Energy: 0.000 pJ                                                                ║
║     Operations Energy:                                                                             ║
║       - Operation 0: 42187478.400 pJ                                                               ║
║       - Operation 1: 173437411.200 pJ                                                              ║
║       - Operation 2: 41857889.400 pJ                                                               ║
║       - Operation 3: 329589.900 pJ                                                                 ║
║   - Batch 33:                                                                                      ║
║     Total Energy: 8460933168.900 pJ                                                                ║
║     Off-chip Memory Energy: 8203120800.000 pJ                                                      ║
║     On-chip Memory Energy: 0.000 pJ                                                                ║
║     Operations Energy:                                                                             ║
║       - Operation 0: 42187478.400 pJ                                                               ║
║       - Operation 1: 173437411.200 pJ                                                              ║
║       - Operation 2: 41857889.400 pJ                                                               ║
║       - Operation 3: 329589.900 pJ                                                                 ║
║   - Batch 34:                                                                                      ║
║     Total Energy: 8460933168.900 pJ                                                                ║
║     Off-chip Memory Energy: 8203120800.000 pJ                                                      ║
║     On-chip Memory Energy: 0.000 pJ                                                                ║
║     Operations Energy:                                                                             ║
║       - Operation 0: 42187478.400 pJ                                                               ║
║       - Operation 1: 173437411.200 pJ                                                              ║
║       - Operation 2: 41857889.400 pJ                                                               ║
║       - Operation 3: 329589.900 pJ                                                                 ║
║   - Batch 35:                                                                                      ║
║     Total Energy: 8460933168.900 pJ                                                                ║
║     Off-chip Memory Energy: 8203120800.000 pJ                                                      ║
║     On-chip Memory Energy: 0.000 pJ                                                                ║
║     Operations Energy:                                                                             ║
║       - Operation 0: 42187478.400 pJ                                                               ║
║       - Operation 1: 173437411.200 pJ                                                              ║
║       - Operation 2: 41857889.400 pJ                                                               ║
║       - Operation 3: 329589.900 pJ                                                                 ║
║   - Batch 36:                                                                                      ║
║     Total Energy: 8460933168.900 pJ                                                                ║
║     Off-chip Memory Energy: 8203120800.000 pJ                                                      ║
║     On-chip Memory Energy: 0.000 pJ                                                                ║
║     Operations Energy:                                                                             ║
║       - Operation 0: 42187478.400 pJ                                                               ║
║       - Operation 1: 173437411.200 pJ                                                              ║
║       - Operation 2: 41857889.400 pJ                                                               ║
║       - Operation 3: 329589.900 pJ                                                                 ║
║   - Batch 37:                                                                                      ║
║     Total Energy: 8460933168.900 pJ                                                                ║
║     Off-chip Memory Energy: 8203120800.000 pJ                                                      ║
║     On-chip Memory Energy: 0.000 pJ                                                                ║
║     Operations Energy:                                                                             ║
║       - Operation 0: 42187478.400 pJ                                                               ║
║       - Operation 1: 173437411.200 pJ                                                              ║
║       - Operation 2: 41857889.400 pJ                                                               ║
║       - Operation 3: 329589.900 pJ                                                                 ║
║   - Batch 38:                                                                                      ║
║     Total Energy: 8460933168.900 pJ                                                                ║
║     Off-chip Memory Energy: 8203120800.000 pJ                                                      ║
║     On-chip Memory Energy: 0.000 pJ                                                                ║
║     Operations Energy:                                                                             ║
║       - Operation 0: 42187478.400 pJ                                                               ║
║       - Operation 1: 173437411.200 pJ                                                              ║
║       - Operation 2: 41857889.400 pJ                                                               ║
║       - Operation 3: 329589.900 pJ                                                                 ║
║   - Batch 39:                                                                                      ║
║     Total Energy: 8460933168.900 pJ                                                                ║
║     Off-chip Memory Energy: 8203120800.000 pJ                                                      ║
║     On-chip Memory Energy: 0.000 pJ                                                                ║
║     Operations Energy:                                                                             ║
║       - Operation 0: 42187478.400 pJ                                                               ║
║       - Operation 1: 173437411.200 pJ                                                              ║
║       - Operation 2: 41857889.400 pJ                                                               ║
║       - Operation 3: 329589.900 pJ                                                                 ║
║   - Batch 40:                                                                                      ║
║     Total Energy: 8460933168.900 pJ                                                                ║
║     Off-chip Memory Energy: 8203120800.000 pJ                                                      ║
║     On-chip Memory Energy: 0.000 pJ                                                                ║
║     Operations Energy:                                                                             ║
║       - Operation 0: 42187478.400 pJ                                                               ║
║       - Operation 1: 173437411.200 pJ                                                              ║
║       - Operation 2: 41857889.400 pJ                                                               ║
║       - Operation 3: 329589.900 pJ                                                                 ║
║   - Batch 41:                                                                                      ║
║     Total Energy: 8460933168.900 pJ                                                                ║
║     Off-chip Memory Energy: 8203120800.000 pJ                                                      ║
║     On-chip Memory Energy: 0.000 pJ                                                                ║
║     Operations Energy:                                                                             ║
║       - Operation 0: 42187478.400 pJ                                                               ║
║       - Operation 1: 173437411.200 pJ                                                              ║
║       - Operation 2: 41857889.400 pJ                                                               ║
║       - Operation 3: 329589.900 pJ                                                                 ║
║   - Batch 42:                                                                                      ║
║     Total Energy: 8460933168.900 pJ                                                                ║
║     Off-chip Memory Energy: 8203120800.000 pJ                                                      ║
║     On-chip Memory Energy: 0.000 pJ                                                                ║
║     Operations Energy:                                                                             ║
║       - Operation 0: 42187478.400 pJ                                                               ║
║       - Operation 1: 173437411.200 pJ                                                              ║
║       - Operation 2: 41857889.400 pJ                                                               ║
║       - Operation 3: 329589.900 pJ                                                                 ║
║   - Batch 43:                                                                                      ║
║     Total Energy: 8460933168.900 pJ                                                                ║
║     Off-chip Memory Energy: 8203120800.000 pJ                                                      ║
║     On-chip Memory Energy: 0.000 pJ                                                                ║
║     Operations Energy:                                                                             ║
║       - Operation 0: 42187478.400 pJ                                                               ║
║       - Operation 1: 173437411.200 pJ                                                              ║
║       - Operation 2: 41857889.400 pJ                                                               ║
║       - Operation 3: 329589.900 pJ                                                                 ║
║   - Batch 44:                                                                                      ║
║     Total Energy: 8460933168.900 pJ                                                                ║
║     Off-chip Memory Energy: 8203120800.000 pJ                                                      ║
║     On-chip Memory Energy: 0.000 pJ                                                                ║
║     Operations Energy:                                                                             ║
║       - Operation 0: 42187478.400 pJ                                                               ║
║       - Operation 1: 173437411.200 pJ                                                              ║
║       - Operation 2: 41857889.400 pJ                                                               ║
║       - Operation 3: 329589.900 pJ                                                                 ║
║   - Batch 45:                                                                                      ║
║     Total Energy: 8460933168.900 pJ                                                                ║
║     Off-chip Memory Energy: 8203120800.000 pJ                                                      ║
║     On-chip Memory Energy: 0.000 pJ                                                                ║
║     Operations Energy:                                                                             ║
║       - Operation 0: 42187478.400 pJ                                                               ║
║       - Operation 1: 173437411.200 pJ                                                              ║
║       - Operation 2: 41857889.400 pJ                                                               ║
║       - Operation 3: 329589.900 pJ                                                                 ║
║   - Batch 46:                                                                                      ║
║     Total Energy: 8460933168.900 pJ                                                                ║
║     Off-chip Memory Energy: 8203120800.000 pJ                                                      ║
║     On-chip Memory Energy: 0.000 pJ                                                                ║
║     Operations Energy:                                                                             ║
║       - Operation 0: 42187478.400 pJ                                                               ║
║       - Operation 1: 173437411.200 pJ                                                              ║
║       - Operation 2: 41857889.400 pJ                                                               ║
║       - Operation 3: 329589.900 pJ                                                                 ║
║   - Batch 47:                                                                                      ║
║     Total Energy: 8460933168.900 pJ                                                                ║
║     Off-chip Memory Energy: 8203120800.000 pJ                                                      ║
║     On-chip Memory Energy: 0.000 pJ                                                                ║
║     Operations Energy:                                                                             ║
║       - Operation 0: 42187478.400 pJ                                                               ║
║       - Operation 1: 173437411.200 pJ                                                              ║
║       - Operation 2: 41857889.400 pJ                                                               ║
║       - Operation 3: 329589.900 pJ                                                                 ║
║   - Batch 48:                                                                                      ║
║     Total Energy: 8460933168.900 pJ                                                                ║
║     Off-chip Memory Energy: 8203120800.000 pJ                                                      ║
║     On-chip Memory Energy: 0.000 pJ                                                                ║
║     Operations Energy:                                                                             ║
║       - Operation 0: 42187478.400 pJ                                                               ║
║       - Operation 1: 173437411.200 pJ                                                              ║
║       - Operation 2: 41857889.400 pJ                                                               ║
║       - Operation 3: 329589.900 pJ                                                                 ║
║   - Batch 49:                                                                                      ║
║     Total Energy: 8460933168.900 pJ                                                                ║
║     Off-chip Memory Energy: 8203120800.000 pJ                                                      ║
║     On-chip Memory Energy: 0.000 pJ                                                                ║
║     Operations Energy:                                                                             ║
║       - Operation 0: 42187478.400 pJ                                                               ║
║       - Operation 1: 173437411.200 pJ                                                              ║
║       - Operation 2: 41857889.400 pJ                                                               ║
║       - Operation 3: 329589.900 pJ                                                                 ║
║   - Batch 50:                                                                                      ║
║     Total Energy: 8460933168.900 pJ                                                                ║
║     Off-chip Memory Energy: 8203120800.000 pJ                                                      ║
║     On-chip Memory Energy: 0.000 pJ                                                                ║
║     Operations Energy:                                                                             ║
║       - Operation 0: 42187478.400 pJ                                                               ║
║       - Operation 1: 173437411.200 pJ                                                              ║
║       - Operation 2: 41857889.400 pJ                                                               ║
║       - Operation 3: 329589.900 pJ                                                                 ║
║   - Batch 51:                                                                                      ║
║     Total Energy: 8460933168.900 pJ                                                                ║
║     Off-chip Memory Energy: 8203120800.000 pJ                                                      ║
║     On-chip Memory Energy: 0.000 pJ                                                                ║
║     Operations Energy:                                                                             ║
║       - Operation 0: 42187478.400 pJ                                                               ║
║       - Operation 1: 173437411.200 pJ                                                              ║
║       - Operation 2: 41857889.400 pJ                                                               ║
║       - Operation 3: 329589.900 pJ                                                                 ║
║   - Batch 52:                                                                                      ║
║     Total Energy: 8460933168.900 pJ                                                                ║
║     Off-chip Memory Energy: 8203120800.000 pJ                                                      ║
║     On-chip Memory Energy: 0.000 pJ                                                                ║
║     Operations Energy:                                                                             ║
║       - Operation 0: 42187478.400 pJ                                                               ║
║       - Operation 1: 173437411.200 pJ                                                              ║
║       - Operation 2: 41857889.400 pJ                                                               ║
║       - Operation 3: 329589.900 pJ                                                                 ║
║   - Batch 53:                                                                                      ║
║     Total Energy: 8460933168.900 pJ                                                                ║
║     Off-chip Memory Energy: 8203120800.000 pJ                                                      ║
║     On-chip Memory Energy: 0.000 pJ                                                                ║
║     Operations Energy:                                                                             ║
║       - Operation 0: 42187478.400 pJ                                                               ║
║       - Operation 1: 173437411.200 pJ                                                              ║
║       - Operation 2: 41857889.400 pJ                                                               ║
║       - Operation 3: 329589.900 pJ                                                                 ║
║   - Batch 54:                                                                                      ║
║     Total Energy: 8460933168.900 pJ                                                                ║
║     Off-chip Memory Energy: 8203120800.000 pJ                                                      ║
║     On-chip Memory Energy: 0.000 pJ                                                                ║
║     Operations Energy:                                                                             ║
║       - Operation 0: 42187478.400 pJ                                                               ║
║       - Operation 1: 173437411.200 pJ                                                              ║
║       - Operation 2: 41857889.400 pJ                                                               ║
║       - Operation 3: 329589.900 pJ                                                                 ║
║   - Batch 55:                                                                                      ║
║     Total Energy: 8460933168.900 pJ                                                                ║
║     Off-chip Memory Energy: 8203120800.000 pJ                                                      ║
║     On-chip Memory Energy: 0.000 pJ                                                                ║
║     Operations Energy:                                                                             ║
║       - Operation 0: 42187478.400 pJ                                                               ║
║       - Operation 1: 173437411.200 pJ                                                              ║
║       - Operation 2: 41857889.400 pJ                                                               ║
║       - Operation 3: 329589.900 pJ                                                                 ║
║   - Batch 56:                                                                                      ║
║     Total Energy: 8460933168.900 pJ                                                                ║
║     Off-chip Memory Energy: 8203120800.000 pJ                                                      ║
║     On-chip Memory Energy: 0.000 pJ                                                                ║
║     Operations Energy:                                                                             ║
║       - Operation 0: 42187478.400 pJ                                                               ║
║       - Operation 1: 173437411.200 pJ                                                              ║
║       - Operation 2: 41857889.400 pJ                                                               ║
║       - Operation 3: 329589.900 pJ                                                                 ║
║   - Batch 57:                                                                                      ║
║     Total Energy: 8414784048.900 pJ                                                                ║
║     Off-chip Memory Energy: 8152720800.000 pJ                                                      ║
║     On-chip Memory Energy: 4250880.000 pJ                                                          ║
║     Operations Energy:                                                                             ║
║       - Operation 0: 42187478.400 pJ                                                               ║
║       - Operation 1: 173437411.200 pJ                                                              ║
║       - Operation 2: 41857889.400 pJ                                                               ║
║       - Operation 3: 329589.900 pJ                                                                 ║
║   - Batch 58:                                                                                      ║
║     Total Energy: 8460933168.900 pJ                                                                ║
║     Off-chip Memory Energy: 8203120800.000 pJ                                                      ║
║     On-chip Memory Energy: 0.000 pJ                                                                ║
║     Operations Energy:                                                                             ║
║       - Operation 0: 42187478.400 pJ                                                               ║
║       - Operation 1: 173437411.200 pJ                                                              ║
║       - Operation 2: 41857889.400 pJ                                                               ║
║       - Operation 3: 329589.900 pJ                                                                 ║
║   - Batch 59:                                                                                      ║
║     Total Energy: 8460933168.900 pJ                                                                ║
║     Off-chip Memory Energy: 8203120800.000 pJ                                                      ║
║     On-chip Memory Energy: 0.000 pJ                                                                ║
║     Operations Energy:                                                                             ║
║       - Operation 0: 42187478.400 pJ                                                               ║
║       - Operation 1: 173437411.200 pJ                                                              ║
║       - Operation 2: 41857889.400 pJ                                                               ║
║       - Operation 3: 329589.900 pJ                                                                 ║
║   - Batch 60:                                                                                      ║
║     Total Energy: 8460933168.900 pJ                                                                ║
║     Off-chip Memory Energy: 8203120800.000 pJ                                                      ║
║     On-chip Memory Energy: 0.000 pJ                                                                ║
║     Operations Energy:                                                                             ║
║       - Operation 0: 42187478.400 pJ                                                               ║
║       - Operation 1: 173437411.200 pJ                                                              ║
║       - Operation 2: 41857889.400 pJ                                                               ║
║       - Operation 3: 329589.900 pJ                                                                 ║
║   - Batch 61:                                                                                      ║
║     Total Energy: 8460933168.900 pJ                                                                ║
║     Off-chip Memory Energy: 8203120800.000 pJ                                                      ║
║     On-chip Memory Energy: 0.000 pJ                                                                ║
║     Operations Energy:                                                                             ║
║       - Operation 0: 42187478.400 pJ                                                               ║
║       - Operation 1: 173437411.200 pJ                                                              ║
║       - Operation 2: 41857889.400 pJ                                                               ║
║       - Operation 3: 329589.900 pJ                                                                 ║
║   - Batch 62:                                                                                      ║
║     Total Energy: 8460933168.900 pJ                                                                ║
║     Off-chip Memory Energy: 8203120800.000 pJ                                                      ║
║     On-chip Memory Energy: 0.000 pJ                                                                ║
║     Operations Energy:                                                                             ║
║       - Operation 0: 42187478.400 pJ                                                               ║
║       - Operation 1: 173437411.200 pJ                                                              ║
║       - Operation 2: 41857889.400 pJ                                                               ║
║       - Operation 3: 329589.900 pJ                                                                 ║
║   - Batch 63:                                                                                      ║
║     Total Energy: 8460933168.900 pJ                                                                ║
║     Off-chip Memory Energy: 8203120800.000 pJ                                                      ║
║     On-chip Memory Energy: 0.000 pJ                                                                ║
║     Operations Energy:                                                                             ║
║       - Operation 0: 42187478.400 pJ                                                               ║
║       - Operation 1: 173437411.200 pJ                                                              ║
║       - Operation 2: 41857889.400 pJ                                                               ║
║       - Operation 3: 329589.900 pJ                                                                 ║
║   - Batch 64:                                                                                      ║
║     Total Energy: 8460933168.900 pJ                                                                ║
║     Off-chip Memory Energy: 8203120800.000 pJ                                                      ║
║     On-chip Memory Energy: 0.000 pJ                                                                ║
║     Operations Energy:                                                                             ║
║       - Operation 0: 42187478.400 pJ                                                               ║
║       - Operation 1: 173437411.200 pJ                                                              ║
║       - Operation 2: 41857889.400 pJ                                                               ║
║       - Operation 3: 329589.900 pJ                                                                 ║
║   - Batch 65:                                                                                      ║
║     Total Energy: 8460933168.900 pJ                                                                ║
║     Off-chip Memory Energy: 8203120800.000 pJ                                                      ║
║     On-chip Memory Energy: 0.000 pJ                                                                ║
║     Operations Energy:                                                                             ║
║       - Operation 0: 42187478.400 pJ                                                               ║
║       - Operation 1: 173437411.200 pJ                                                              ║
║       - Operation 2: 41857889.400 pJ                                                               ║
║       - Operation 3: 329589.900 pJ                                                                 ║
║   - Batch 66:                                                                                      ║
║     Total Energy: 8460933168.900 pJ                                                                ║
║     Off-chip Memory Energy: 8203120800.000 pJ                                                      ║
║     On-chip Memory Energy: 0.000 pJ                                                                ║
║     Operations Energy:                                                                             ║
║       - Operation 0: 42187478.400 pJ                                                               ║
║       - Operation 1: 173437411.200 pJ                                                              ║
║       - Operation 2: 41857889.400 pJ                                                               ║
║       - Operation 3: 329589.900 pJ                                                                 ║
║   - Batch 67:                                                                                      ║
║     Total Energy: 8460933168.900 pJ                                                                ║
║     Off-chip Memory Energy: 8203120800.000 pJ                                                      ║
║     On-chip Memory Energy: 0.000 pJ                                                                ║
║     Operations Energy:                                                                             ║
║       - Operation 0: 42187478.400 pJ                                                               ║
║       - Operation 1: 173437411.200 pJ                                                              ║
║       - Operation 2: 41857889.400 pJ                                                               ║
║       - Operation 3: 329589.900 pJ                                                                 ║
║   - Batch 68:                                                                                      ║
║     Total Energy: 8460933168.900 pJ                                                                ║
║     Off-chip Memory Energy: 8203120800.000 pJ                                                      ║
║     On-chip Memory Energy: 0.000 pJ                                                                ║
║     Operations Energy:                                                                             ║
║       - Operation 0: 42187478.400 pJ                                                               ║
║       - Operation 1: 173437411.200 pJ                                                              ║
║       - Operation 2: 41857889.400 pJ                                                               ║
║       - Operation 3: 329589.900 pJ                                                                 ║
║   - Batch 69:                                                                                      ║
║     Total Energy: 8460933168.900 pJ                                                                ║
║     Off-chip Memory Energy: 8203120800.000 pJ                                                      ║
║     On-chip Memory Energy: 0.000 pJ                                                                ║
║     Operations Energy:                                                                             ║
║       - Operation 0: 42187478.400 pJ                                                               ║
║       - Operation 1: 173437411.200 pJ                                                              ║
║       - Operation 2: 41857889.400 pJ                                                               ║
║       - Operation 3: 329589.900 pJ                                                                 ║
║   - Batch 70:                                                                                      ║
║     Total Energy: 8460933168.900 pJ                                                                ║
║     Off-chip Memory Energy: 8203120800.000 pJ                                                      ║
║     On-chip Memory Energy: 0.000 pJ                                                                ║
║     Operations Energy:                                                                             ║
║       - Operation 0: 42187478.400 pJ                                                               ║
║       - Operation 1: 173437411.200 pJ                                                              ║
║       - Operation 2: 41857889.400 pJ                                                               ║
║       - Operation 3: 329589.900 pJ                                                                 ║
║   - Batch 71:                                                                                      ║
║     Total Energy: 8460933168.900 pJ                                                                ║
║     Off-chip Memory Energy: 8203120800.000 pJ                                                      ║
║     On-chip Memory Energy: 0.000 pJ                                                                ║
║     Operations Energy:                                                                             ║
║       - Operation 0: 42187478.400 pJ                                                               ║
║       - Operation 1: 173437411.200 pJ                                                              ║
║       - Operation 2: 41857889.400 pJ                                                               ║
║       - Operation 3: 329589.900 pJ                                                                 ║
║   - Batch 72:                                                                                      ║
║     Total Energy: 8460933168.900 pJ                                                                ║
║     Off-chip Memory Energy: 8203120800.000 pJ                                                      ║
║     On-chip Memory Energy: 0.000 pJ                                                                ║
║     Operations Energy:                                                                             ║
║       - Operation 0: 42187478.400 pJ                                                               ║
║       - Operation 1: 173437411.200 pJ                                                              ║
║       - Operation 2: 41857889.400 pJ                                                               ║
║       - Operation 3: 329589.900 pJ                                                                 ║
║   - Batch 73:                                                                                      ║
║     Total Energy: 8460933168.900 pJ                                                                ║
║     Off-chip Memory Energy: 8203120800.000 pJ                                                      ║
║     On-chip Memory Energy: 0.000 pJ                                                                ║
║     Operations Energy:                                                                             ║
║       - Operation 0: 42187478.400 pJ                                                               ║
║       - Operation 1: 173437411.200 pJ                                                              ║
║       - Operation 2: 41857889.400 pJ                                                               ║
║       - Operation 3: 329589.900 pJ                                                                 ║
║   - Batch 74:                                                                                      ║
║     Total Energy: 8460933168.900 pJ                                                                ║
║     Off-chip Memory Energy: 8203120800.000 pJ                                                      ║
║     On-chip Memory Energy: 0.000 pJ                                                                ║
║     Operations Energy:                                                                             ║
║       - Operation 0: 42187478.400 pJ                                                               ║
║       - Operation 1: 173437411.200 pJ                                                              ║
║       - Operation 2: 41857889.400 pJ                                                               ║
║       - Operation 3: 329589.900 pJ                                                                 ║
║   - Batch 75:                                                                                      ║
║     Total Energy: 8460933168.900 pJ                                                                ║
║     Off-chip Memory Energy: 8203120800.000 pJ                                                      ║
║     On-chip Memory Energy: 0.000 pJ                                                                ║
║     Operations Energy:                                                                             ║
║       - Operation 0: 42187478.400 pJ                                                               ║
║       - Operation 1: 173437411.200 pJ                                                              ║
║       - Operation 2: 41857889.400 pJ                                                               ║
║       - Operation 3: 329589.900 pJ                                                                 ║
║   - Batch 76:                                                                                      ║
║     Total Energy: 8460933168.900 pJ                                                                ║
║     Off-chip Memory Energy: 8203120800.000 pJ                                                      ║
║     On-chip Memory Energy: 0.000 pJ                                                                ║
║     Operations Energy:                                                                             ║
║       - Operation 0: 42187478.400 pJ                                                               ║
║       - Operation 1: 173437411.200 pJ                                                              ║
║       - Operation 2: 41857889.400 pJ                                                               ║
║       - Operation 3: 329589.900 pJ                                                                 ║
║   - Batch 77:                                                                                      ║
║     Total Energy: 8460933168.900 pJ                                                                ║
║     Off-chip Memory Energy: 8203120800.000 pJ                                                      ║
║     On-chip Memory Energy: 0.000 pJ                                                                ║
║     Operations Energy:                                                                             ║
║       - Operation 0: 42187478.400 pJ                                                               ║
║       - Operation 1: 173437411.200 pJ                                                              ║
║       - Operation 2: 41857889.400 pJ                                                               ║
║       - Operation 3: 329589.900 pJ                                                                 ║
║   - Batch 78:                                                                                      ║
║     Total Energy: 8460933168.900 pJ                                                                ║
║     Off-chip Memory Energy: 8203120800.000 pJ                                                      ║
║     On-chip Memory Energy: 0.000 pJ                                                                ║
║     Operations Energy:                                                                             ║
║       - Operation 0: 42187478.400 pJ                                                               ║
║       - Operation 1: 173437411.200 pJ                                                              ║
║       - Operation 2: 41857889.400 pJ                                                               ║
║       - Operation 3: 329589.900 pJ                                                                 ║
║   - Batch 79:                                                                                      ║
║     Total Energy: 8460933168.900 pJ                                                                ║
║     Off-chip Memory Energy: 8203120800.000 pJ                                                      ║
║     On-chip Memory Energy: 0.000 pJ                                                                ║
║     Operations Energy:                                                                             ║
║       - Operation 0: 42187478.400 pJ                                                               ║
║       - Operation 1: 173437411.200 pJ                                                              ║
║       - Operation 2: 41857889.400 pJ                                                               ║
║       - Operation 3: 329589.900 pJ                                                                 ║
║   - Batch 80:                                                                                      ║
║     Total Energy: 8460933168.900 pJ                                                                ║
║     Off-chip Memory Energy: 8203120800.000 pJ                                                      ║
║     On-chip Memory Energy: 0.000 pJ                                                                ║
║     Operations Energy:                                                                             ║
║       - Operation 0: 42187478.400 pJ                                                               ║
║       - Operation 1: 173437411.200 pJ                                                              ║
║       - Operation 2: 41857889.400 pJ                                                               ║
║       - Operation 3: 329589.900 pJ                                                                 ║
║   - Batch 81:                                                                                      ║
║     Total Energy: 8460933168.900 pJ                                                                ║
║     Off-chip Memory Energy: 8203120800.000 pJ                                                      ║
║     On-chip Memory Energy: 0.000 pJ                                                                ║
║     Operations Energy:                                                                             ║
║       - Operation 0: 42187478.400 pJ                                                               ║
║       - Operation 1: 173437411.200 pJ                                                              ║
║       - Operation 2: 41857889.400 pJ                                                               ║
║       - Operation 3: 329589.900 pJ                                                                 ║
║   - Batch 82:                                                                                      ║
║     Total Energy: 8460933168.900 pJ                                                                ║
║     Off-chip Memory Energy: 8203120800.000 pJ                                                      ║
║     On-chip Memory Energy: 0.000 pJ                                                                ║
║     Operations Energy:                                                                             ║
║       - Operation 0: 42187478.400 pJ                                                               ║
║       - Operation 1: 173437411.200 pJ                                                              ║
║       - Operation 2: 41857889.400 pJ                                                               ║
║       - Operation 3: 329589.900 pJ                                                                 ║
║   - Batch 83:                                                                                      ║
║     Total Energy: 8460933168.900 pJ                                                                ║
║     Off-chip Memory Energy: 8203120800.000 pJ                                                      ║
║     On-chip Memory Energy: 0.000 pJ                                                                ║
║     Operations Energy:                                                                             ║
║       - Operation 0: 42187478.400 pJ                                                               ║
║       - Operation 1: 173437411.200 pJ                                                              ║
║       - Operation 2: 41857889.400 pJ                                                               ║
║       - Operation 3: 329589.900 pJ                                                                 ║
║   - Batch 84:                                                                                      ║
║     Total Energy: 8460933168.900 pJ                                                                ║
║     Off-chip Memory Energy: 8203120800.000 pJ                                                      ║
║     On-chip Memory Energy: 0.000 pJ                                                                ║
║     Operations Energy:                                                                             ║
║       - Operation 0: 42187478.400 pJ                                                               ║
║       - Operation 1: 173437411.200 pJ                                                              ║
║       - Operation 2: 41857889.400 pJ                                                               ║
║       - Operation 3: 329589.900 pJ                                                                 ║
║   - Batch 85:                                                                                      ║
║     Total Energy: 8421844864.260 pJ                                                                ║
║     Off-chip Memory Energy: 8160432000.000 pJ                                                      ║
║     On-chip Memory Energy: 3600495.360 pJ                                                          ║
║     Operations Energy:                                                                             ║
║       - Operation 0: 42187478.400 pJ                                                               ║
║       - Operation 1: 173437411.200 pJ                                                              ║
║       - Operation 2: 41857889.400 pJ                                                               ║
║       - Operation 3: 329589.900 pJ                                                                 ║
║   - Batch 86:                                                                                      ║
║     Total Energy: 8460933168.900 pJ                                                                ║
║     Off-chip Memory Energy: 8203120800.000 pJ                                                      ║
║     On-chip Memory Energy: 0.000 pJ                                                                ║
║     Operations Energy:                                                                             ║
║       - Operation 0: 42187478.400 pJ                                                               ║
║       - Operation 1: 173437411.200 pJ                                                              ║
║       - Operation 2: 41857889.400 pJ                                                               ║
║       - Operation 3: 329589.900 pJ                                                                 ║
║   - Batch 87:                                                                                      ║
║     Total Energy: 8460933168.900 pJ                                                                ║
║     Off-chip Memory Energy: 8203120800.000 pJ                                                      ║
║     On-chip Memory Energy: 0.000 pJ                                                                ║
║     Operations Energy:                                                                             ║
║       - Operation 0: 42187478.400 pJ                                                               ║
║       - Operation 1: 173437411.200 pJ                                                              ║
║       - Operation 2: 41857889.400 pJ                                                               ║
║       - Operation 3: 329589.900 pJ                                                                 ║
║   - Batch 88:                                                                                      ║
║     Total Energy: 8460933168.900 pJ                                                                ║
║     Off-chip Memory Energy: 8203120800.000 pJ                                                      ║
║     On-chip Memory Energy: 0.000 pJ                                                                ║
║     Operations Energy:                                                                             ║
║       - Operation 0: 42187478.400 pJ                                                               ║
║       - Operation 1: 173437411.200 pJ                                                              ║
║       - Operation 2: 41857889.400 pJ                                                               ║
║       - Operation 3: 329589.900 pJ                                                                 ║
║   - Batch 89:                                                                                      ║
║     Total Energy: 8460933168.900 pJ                                                                ║
║     Off-chip Memory Energy: 8203120800.000 pJ                                                      ║
║     On-chip Memory Energy: 0.000 pJ                                                                ║
║     Operations Energy:                                                                             ║
║       - Operation 0: 42187478.400 pJ                                                               ║
║       - Operation 1: 173437411.200 pJ                                                              ║
║       - Operation 2: 41857889.400 pJ                                                               ║
║       - Operation 3: 329589.900 pJ                                                                 ║
║   - Batch 90:                                                                                      ║
║     Total Energy: 8460933168.900 pJ                                                                ║
║     Off-chip Memory Energy: 8203120800.000 pJ                                                      ║
║     On-chip Memory Energy: 0.000 pJ                                                                ║
║     Operations Energy:                                                                             ║
║       - Operation 0: 42187478.400 pJ                                                               ║
║       - Operation 1: 173437411.200 pJ                                                              ║
║       - Operation 2: 41857889.400 pJ                                                               ║
║       - Operation 3: 329589.900 pJ                                                                 ║
║   - Batch 91:                                                                                      ║
║     Total Energy: 8460933168.900 pJ                                                                ║
║     Off-chip Memory Energy: 8203120800.000 pJ                                                      ║
║     On-chip Memory Energy: 0.000 pJ                                                                ║
║     Operations Energy:                                                                             ║
║       - Operation 0: 42187478.400 pJ                                                               ║
║       - Operation 1: 173437411.200 pJ                                                              ║
║       - Operation 2: 41857889.400 pJ                                                               ║
║       - Operation 3: 329589.900 pJ                                                                 ║
║   - Batch 92:                                                                                      ║
║     Total Energy: 8460933168.900 pJ                                                                ║
║     Off-chip Memory Energy: 8203120800.000 pJ                                                      ║
║     On-chip Memory Energy: 0.000 pJ                                                                ║
║     Operations Energy:                                                                             ║
║       - Operation 0: 42187478.400 pJ                                                               ║
║       - Operation 1: 173437411.200 pJ                                                              ║
║       - Operation 2: 41857889.400 pJ                                                               ║
║       - Operation 3: 329589.900 pJ                                                                 ║
║   - Batch 93:                                                                                      ║
║     Total Energy: 8460933168.900 pJ                                                                ║
║     Off-chip Memory Energy: 8203120800.000 pJ                                                      ║
║     On-chip Memory Energy: 0.000 pJ                                                                ║
║     Operations Energy:                                                                             ║
║       - Operation 0: 42187478.400 pJ                                                               ║
║       - Operation 1: 173437411.200 pJ                                                              ║
║       - Operation 2: 41857889.400 pJ                                                               ║
║       - Operation 3: 329589.900 pJ                                                                 ║
║   - Batch 94:                                                                                      ║
║     Total Energy: 8460933168.900 pJ                                                                ║
║     Off-chip Memory Energy: 8203120800.000 pJ                                                      ║
║     On-chip Memory Energy: 0.000 pJ                                                                ║
║     Operations Energy:                                                                             ║
║       - Operation 0: 42187478.400 pJ                                                               ║
║       - Operation 1: 173437411.200 pJ                                                              ║
║       - Operation 2: 41857889.400 pJ                                                               ║
║       - Operation 3: 329589.900 pJ                                                                 ║
║   - Batch 95:                                                                                      ║
║     Total Energy: 8460933168.900 pJ                                                                ║
║     Off-chip Memory Energy: 8203120800.000 pJ                                                      ║
║     On-chip Memory Energy: 0.000 pJ                                                                ║
║     Operations Energy:                                                                             ║
║       - Operation 0: 42187478.400 pJ                                                               ║
║       - Operation 1: 173437411.200 pJ                                                              ║
║       - Operation 2: 41857889.400 pJ                                                               ║
║       - Operation 3: 329589.900 pJ                                                                 ║
║   - Batch 96:                                                                                      ║
║     Total Energy: 8460933168.900 pJ                                                                ║
║     Off-chip Memory Energy: 8203120800.000 pJ                                                      ║
║     On-chip Memory Energy: 0.000 pJ                                                                ║
║     Operations Energy:                                                                             ║
║       - Operation 0: 42187478.400 pJ                                                               ║
║       - Operation 1: 173437411.200 pJ                                                              ║
║       - Operation 2: 41857889.400 pJ                                                               ║
║       - Operation 3: 329589.900 pJ                                                                 ║
║   - Batch 97:                                                                                      ║
║     Total Energy: 8460933168.900 pJ                                                                ║
║     Off-chip Memory Energy: 8203120800.000 pJ                                                      ║
║     On-chip Memory Energy: 0.000 pJ                                                                ║
║     Operations Energy:                                                                             ║
║       - Operation 0: 42187478.400 pJ                                                               ║
║       - Operation 1: 173437411.200 pJ                                                              ║
║       - Operation 2: 41857889.400 pJ                                                               ║
║       - Operation 3: 329589.900 pJ                                                                 ║
║   - Batch 98:                                                                                      ║
║     Total Energy: 8460933168.900 pJ                                                                ║
║     Off-chip Memory Energy: 8203120800.000 pJ                                                      ║
║     On-chip Memory Energy: 0.000 pJ                                                                ║
║     Operations Energy:                                                                             ║
║       - Operation 0: 42187478.400 pJ                                                               ║
║       - Operation 1: 173437411.200 pJ                                                              ║
║       - Operation 2: 41857889.400 pJ                                                               ║
║       - Operation 3: 329589.900 pJ                                                                 ║
║   - Batch 99:                                                                                      ║
║     Total Energy: 8460933168.900 pJ                                                                ║
║     Off-chip Memory Energy: 8203120800.000 pJ                                                      ║
║     On-chip Memory Energy: 0.000 pJ                                                                ║
║     Operations Energy:                                                                             ║
║       - Operation 0: 42187478.400 pJ                                                               ║
║       - Operation 1: 173437411.200 pJ                                                              ║
║       - Operation 2: 41857889.400 pJ                                                               ║
║       - Operation 3: 329589.900 pJ                                                                 ║
╚════════════════════════════════════════════════════════════════════════════════════════════════════╝
(Time elapsed(s) in energy estimation:   0.005490sec)
