
╔════════════════════════════════════════════════════════════════════════════════════════════════════╗
║▒▒▒▒▒▒▒▒▒▒▒▒▒▒▒▒▒▒▒▒▒▒▒▒▒▒▒▒▒▒▒《 General Simulation Configuration 》▒▒▒▒▒▒▒▒▒▒▒▒▒▒▒▒▒▒▒▒▒▒▒▒▒▒▒▒▒▒▒║
╠════════════════════════════════════════════════════════════════════════════════════════════════════╣
║ Dataset: /workspace/EVASim/datasets/vectordb/deep250m_100m.txt                                     ║
║ Numeric format: 32 bits                                                                            ║
║ Num batches: 200                                                                                   ║
║ Num tables: 1                                                                                      ║
║ Batch Size (samples per batch): 1                                                                  ║
║ Vectors per table: 250000000                                                                       ║
║ Lookups per sample: 488281                                                                         ║
║ Embedding Dimension 96                                                                             ║
╚════════════════════════════════════════════════════════════════════════════════════════════════════╝
(Time elapsed(s) in model and data gen:  20.495524sec)
[DEBUG] lS_i shape: (200, 1, 488281)
[DEBUG] addr_trace shape: (200, 1, 1464843)
Starting multiprocessing with 31 cores...
(Time elapsed(s) in address generation:  31.474312sec)

╔════════════════════════════════════════════════════════════════════════════════════════════════════╗
║▒▒▒▒▒▒▒▒▒▒▒▒▒▒▒▒▒▒▒▒▒▒▒▒▒▒▒▒▒▒▒▒▒《 On-Chip Memory Configuration 》▒▒▒▒▒▒▒▒▒▒▒▒▒▒▒▒▒▒▒▒▒▒▒▒▒▒▒▒▒▒▒▒▒║
╠════════════════════════════════════════════════════════════════════════════════════════════════════╣
║ Memory size: 134217728 B (128 MB)                                                                  ║
║ Memory type: spad                                                                                  ║
║ Memory policy: spad_oracle                                                                         ║
╚════════════════════════════════════════════════════════════════════════════════════════════════════╝
on mem data structure size: 8192.11 KB
(Time elapsed(s) in create memory structure:  61.307961sec)

╔════════════════════════════════════════════════════════════════════════════════════════════════════╗
║▒▒▒▒▒▒▒▒▒▒▒▒▒▒▒▒▒▒▒▒▒▒▒▒▒▒▒▒▒▒▒▒▒▒▒▒▒▒▒《 Simulation Start 》▒▒▒▒▒▒▒▒▒▒▒▒▒▒▒▒▒▒▒▒▒▒▒▒▒▒▒▒▒▒▒▒▒▒▒▒▒▒▒║
╚════════════════════════════════════════════════════════════════════════════════════════════════════╝
Simulation for batch 0...
Simulation for batch 1...
Simulation for batch 2...
Simulation for batch 3...
Simulation for batch 4...
Simulation for batch 5...
Simulation for batch 6...
Simulation for batch 7...
Simulation for batch 8...
Simulation for batch 9...
Simulation for batch 10...
Simulation for batch 11...
Simulation for batch 12...
Simulation for batch 13...
Simulation for batch 14...
Simulation for batch 15...
Simulation for batch 16...
Simulation for batch 17...
Simulation for batch 18...
Simulation for batch 19...
Simulation for batch 20...
Simulation for batch 21...
Simulation for batch 22...
Simulation for batch 23...
Simulation for batch 24...
Simulation for batch 25...
Simulation for batch 26...
Simulation for batch 27...
Simulation for batch 28...
Simulation for batch 29...
Simulation for batch 30...
Simulation for batch 31...
Simulation for batch 32...
Simulation for batch 33...
Simulation for batch 34...
Simulation for batch 35...
Simulation for batch 36...
Simulation for batch 37...
Simulation for batch 38...
Simulation for batch 39...
Simulation for batch 40...
Simulation for batch 41...
Simulation for batch 42...
Simulation for batch 43...
Simulation for batch 44...
Simulation for batch 45...
Simulation for batch 46...
Simulation for batch 47...
Simulation for batch 48...
Simulation for batch 49...
Simulation for batch 50...
Simulation for batch 51...
Simulation for batch 52...
Simulation for batch 53...
Simulation for batch 54...
Simulation for batch 55...
Simulation for batch 56...
Simulation for batch 57...
Simulation for batch 58...
Simulation for batch 59...
Simulation for batch 60...
Simulation for batch 61...
Simulation for batch 62...
Simulation for batch 63...
Simulation for batch 64...
Simulation for batch 65...
Simulation for batch 66...
Simulation for batch 67...
Simulation for batch 68...
Simulation for batch 69...
Simulation for batch 70...
Simulation for batch 71...
Simulation for batch 72...
Simulation for batch 73...
Simulation for batch 74...
Simulation for batch 75...
Simulation for batch 76...
Simulation for batch 77...
Simulation for batch 78...
Simulation for batch 79...
Simulation for batch 80...
Simulation for batch 81...
Simulation for batch 82...
Simulation for batch 83...
Simulation for batch 84...
Simulation for batch 85...
Simulation for batch 86...
Simulation for batch 87...
Simulation for batch 88...
Simulation for batch 89...
Simulation for batch 90...
Simulation for batch 91...
Simulation for batch 92...
Simulation for batch 93...
Simulation for batch 94...
Simulation for batch 95...
Simulation for batch 96...
Simulation for batch 97...
Simulation for batch 98...
Simulation for batch 99...
Simulation for batch 100...
Simulation for batch 101...
Simulation for batch 102...
Simulation for batch 103...
Simulation for batch 104...
Simulation for batch 105...
Simulation for batch 106...
Simulation for batch 107...
Simulation for batch 108...
Simulation for batch 109...
Simulation for batch 110...
Simulation for batch 111...
Simulation for batch 112...
Simulation for batch 113...
Simulation for batch 114...
Simulation for batch 115...
Simulation for batch 116...
Simulation for batch 117...
Simulation for batch 118...
Simulation for batch 119...
Simulation for batch 120...
Simulation for batch 121...
Simulation for batch 122...
Simulation for batch 123...
Simulation for batch 124...
Simulation for batch 125...
Simulation for batch 126...
Simulation for batch 127...
Simulation for batch 128...
Simulation for batch 129...
Simulation for batch 130...
Simulation for batch 131...
Simulation for batch 132...
Simulation for batch 133...
Simulation for batch 134...
Simulation for batch 135...
Simulation for batch 136...
Simulation for batch 137...
Simulation for batch 138...
Simulation for batch 139...
Simulation for batch 140...
Simulation for batch 141...
Simulation for batch 142...
Simulation for batch 143...
Simulation for batch 144...
Simulation for batch 145...
Simulation for batch 146...
Simulation for batch 147...
Simulation for batch 148...
Simulation for batch 149...
Simulation for batch 150...
Simulation for batch 151...
Simulation for batch 152...
Simulation for batch 153...
Simulation for batch 154...
Simulation for batch 155...
Simulation for batch 156...
Simulation for batch 157...
Simulation for batch 158...
Simulation for batch 159...
Simulation for batch 160...
Simulation for batch 161...
Simulation for batch 162...
Simulation for batch 163...
Simulation for batch 164...
Simulation for batch 165...
Simulation for batch 166...
Simulation for batch 167...
Simulation for batch 168...
Simulation for batch 169...
Simulation for batch 170...
Simulation for batch 171...
Simulation for batch 172...
Simulation for batch 173...
Simulation for batch 174...
Simulation for batch 175...
Simulation for batch 176...
Simulation for batch 177...
Simulation for batch 178...
Simulation for batch 179...
Simulation for batch 180...
Simulation for batch 181...
Simulation for batch 182...
Simulation for batch 183...
Simulation for batch 184...
Simulation for batch 185...
Simulation for batch 186...
Simulation for batch 187...
Simulation for batch 188...
Simulation for batch 189...
Simulation for batch 190...
Simulation for batch 191...
Simulation for batch 192...
Simulation for batch 193...
Simulation for batch 194...
Simulation for batch 195...
Simulation for batch 196...
Simulation for batch 197...
Simulation for batch 198...
Simulation for batch 199...
Simulation Done

╔════════════════════════════════════════════════════════════════════════════════════════════════════╗
║▒▒▒▒▒▒▒▒▒▒▒▒▒▒▒▒▒▒▒▒▒▒▒▒▒▒▒▒▒▒▒▒▒▒▒▒▒▒《 Simulation Results 》▒▒▒▒▒▒▒▒▒▒▒▒▒▒▒▒▒▒▒▒▒▒▒▒▒▒▒▒▒▒▒▒▒▒▒▒▒▒║
╠════════════════════════════════════════════════════════════════════════════════════════════════════╣
║ Total hit ratio: 0.2197                                                                            ║
║ Total accesses: 292968600                                                                          ║
║ Total hits: 64361314                                                                               ║
║ Total misses: 228607286                                                                            ║
║                                                                                                    ║
║ Per batch results:                                                                                 ║
║ [Batch 0] hit ratio: 0.1814 accesses: 1464843 hits: 265770 misses: 1199073                         ║
║ [Batch 0] spad load: 0                                                                             ║
║ [Batch 1] hit ratio: 0.5344 accesses: 1464843 hits: 782806 misses: 682037                          ║
║ [Batch 1] spad load: 0                                                                             ║
║ [Batch 2] hit ratio: 0.0000 accesses: 1464843 hits: 0 misses: 1464843                              ║
║ [Batch 2] spad load: 0                                                                             ║
║ [Batch 3] hit ratio: 0.0000 accesses: 1464843 hits: 0 misses: 1464843                              ║
║ [Batch 3] spad load: 0                                                                             ║
║ [Batch 4] hit ratio: 0.0000 accesses: 1464843 hits: 0 misses: 1464843                              ║
║ [Batch 4] spad load: 0                                                                             ║
║ [Batch 5] hit ratio: 0.5780 accesses: 1464843 hits: 846699 misses: 618144                          ║
║ [Batch 5] spad load: 0                                                                             ║
║ [Batch 6] hit ratio: 0.1378 accesses: 1464843 hits: 201877 misses: 1262966                         ║
║ [Batch 6] spad load: 0                                                                             ║
║ [Batch 7] hit ratio: 0.0000 accesses: 1464843 hits: 0 misses: 1464843                              ║
║ [Batch 7] spad load: 0                                                                             ║
║ [Batch 8] hit ratio: 0.0000 accesses: 1464843 hits: 0 misses: 1464843                              ║
║ [Batch 8] spad load: 0                                                                             ║
║ [Batch 9] hit ratio: 0.6191 accesses: 1464843 hits: 906867 misses: 557976                          ║
║ [Batch 9] spad load: 0                                                                             ║
║ [Batch 10] hit ratio: 0.1128 accesses: 1464843 hits: 165229 misses: 1299614                        ║
║ [Batch 10] spad load: 0                                                                            ║
║ [Batch 11] hit ratio: 0.6998 accesses: 1464843 hits: 1025056 misses: 439787                        ║
║ [Batch 11] spad load: 0                                                                            ║
║ [Batch 12] hit ratio: 0.0000 accesses: 1464843 hits: 0 misses: 1464843                             ║
║ [Batch 12] spad load: 0                                                                            ║
║ [Batch 13] hit ratio: 0.0000 accesses: 1464843 hits: 0 misses: 1464843                             ║
║ [Batch 13] spad load: 0                                                                            ║
║ [Batch 14] hit ratio: 0.0000 accesses: 1464843 hits: 0 misses: 1464843                             ║
║ [Batch 14] spad load: 0                                                                            ║
║ [Batch 15] hit ratio: 0.0000 accesses: 1464843 hits: 0 misses: 1464843                             ║
║ [Batch 15] spad load: 0                                                                            ║
║ [Batch 16] hit ratio: 0.0000 accesses: 1464843 hits: 0 misses: 1464843                             ║
║ [Batch 16] spad load: 0                                                                            ║
║ [Batch 17] hit ratio: 0.4885 accesses: 1464843 hits: 715590 misses: 749253                         ║
║ [Batch 17] spad load: 0                                                                            ║
║ [Batch 18] hit ratio: 0.2273 accesses: 1464843 hits: 332986 misses: 1131857                        ║
║ [Batch 18] spad load: 0                                                                            ║
║ [Batch 19] hit ratio: 0.0000 accesses: 1464843 hits: 0 misses: 1464843                             ║
║ [Batch 19] spad load: 0                                                                            ║
║ [Batch 20] hit ratio: 0.0000 accesses: 1464843 hits: 0 misses: 1464843                             ║
║ [Batch 20] spad load: 0                                                                            ║
║ [Batch 21] hit ratio: 0.4995 accesses: 1464843 hits: 731695 misses: 733148                         ║
║ [Batch 21] spad load: 0                                                                            ║
║ [Batch 22] hit ratio: 0.1801 accesses: 1464843 hits: 263745 misses: 1201098                        ║
║ [Batch 22] spad load: 0                                                                            ║
║ [Batch 23] hit ratio: 0.0000 accesses: 1464843 hits: 0 misses: 1464843                             ║
║ [Batch 23] spad load: 0                                                                            ║
║ [Batch 24] hit ratio: 0.7158 accesses: 1464843 hits: 1048576 misses: 416267                        ║
║ [Batch 24] spad load: 0                                                                            ║
║ [Batch 25] hit ratio: 0.0000 accesses: 1464843 hits: 0 misses: 1464843                             ║
║ [Batch 25] spad load: 0                                                                            ║
║ [Batch 26] hit ratio: 0.0000 accesses: 1464843 hits: 0 misses: 1464843                             ║
║ [Batch 26] spad load: 0                                                                            ║
║ [Batch 27] hit ratio: 0.2555 accesses: 1464843 hits: 374301 misses: 1090542                        ║
║ [Batch 27] spad load: 0                                                                            ║
║ [Batch 28] hit ratio: 0.4603 accesses: 1464843 hits: 674275 misses: 790568                         ║
║ [Batch 28] spad load: 0                                                                            ║
║ [Batch 29] hit ratio: 0.0000 accesses: 1464843 hits: 0 misses: 1464843                             ║
║ [Batch 29] spad load: 0                                                                            ║
║ [Batch 30] hit ratio: 0.3841 accesses: 1464843 hits: 562620 misses: 902223                         ║
║ [Batch 30] spad load: 0                                                                            ║
║ [Batch 31] hit ratio: 0.3317 accesses: 1464843 hits: 485956 misses: 978887                         ║
║ [Batch 31] spad load: 0                                                                            ║
║ [Batch 32] hit ratio: 0.6084 accesses: 1464843 hits: 891282 misses: 573561                         ║
║ [Batch 32] spad load: 0                                                                            ║
║ [Batch 33] hit ratio: 0.1074 accesses: 1464843 hits: 157294 misses: 1307549                        ║
║ [Batch 33] spad load: 0                                                                            ║
║ [Batch 34] hit ratio: 0.0000 accesses: 1464843 hits: 0 misses: 1464843                             ║
║ [Batch 34] spad load: 0                                                                            ║
║ [Batch 35] hit ratio: 0.0000 accesses: 1464843 hits: 0 misses: 1464843                             ║
║ [Batch 35] spad load: 0                                                                            ║
║ [Batch 36] hit ratio: 0.0000 accesses: 1464843 hits: 0 misses: 1464843                             ║
║ [Batch 36] spad load: 0                                                                            ║
║ [Batch 37] hit ratio: 0.6507 accesses: 1464843 hits: 953145 misses: 511698                         ║
║ [Batch 37] spad load: 0                                                                            ║
║ [Batch 38] hit ratio: 0.1405 accesses: 1464843 hits: 205789 misses: 1259054                        ║
║ [Batch 38] spad load: 0                                                                            ║
║ [Batch 39] hit ratio: 0.6405 accesses: 1464843 hits: 938218 misses: 526625                         ║
║ [Batch 39] spad load: 0                                                                            ║
║ [Batch 40] hit ratio: 0.3661 accesses: 1464843 hits: 536319 misses: 928524                         ║
║ [Batch 40] spad load: 0                                                                            ║
║ [Batch 41] hit ratio: 0.3497 accesses: 1464843 hits: 512257 misses: 952586                         ║
║ [Batch 41] spad load: 0                                                                            ║
║ [Batch 42] hit ratio: 0.6018 accesses: 1464843 hits: 881574 misses: 583269                         ║
║ [Batch 42] spad load: 0                                                                            ║
║ [Batch 43] hit ratio: 0.1140 accesses: 1464843 hits: 167002 misses: 1297841                        ║
║ [Batch 43] spad load: 0                                                                            ║
║ [Batch 44] hit ratio: 0.7158 accesses: 1464843 hits: 1048576 misses: 416267                        ║
║ [Batch 44] spad load: 0                                                                            ║
║ [Batch 45] hit ratio: 0.0000 accesses: 1464843 hits: 0 misses: 1464843                             ║
║ [Batch 45] spad load: 0                                                                            ║
║ [Batch 46] hit ratio: 0.0000 accesses: 1464843 hits: 0 misses: 1464843                             ║
║ [Batch 46] spad load: 0                                                                            ║
║ [Batch 47] hit ratio: 0.0000 accesses: 1464843 hits: 0 misses: 1464843                             ║
║ [Batch 47] spad load: 0                                                                            ║
║ [Batch 48] hit ratio: 0.0000 accesses: 1464843 hits: 0 misses: 1464843                             ║
║ [Batch 48] spad load: 0                                                                            ║
║ [Batch 49] hit ratio: 0.0000 accesses: 1464843 hits: 0 misses: 1464843                             ║
║ [Batch 49] spad load: 0                                                                            ║
║ [Batch 50] hit ratio: 0.2924 accesses: 1464843 hits: 428367 misses: 1036476                        ║
║ [Batch 50] spad load: 0                                                                            ║
║ [Batch 51] hit ratio: 0.4234 accesses: 1464843 hits: 620209 misses: 844634                         ║
║ [Batch 51] spad load: 0                                                                            ║
║ [Batch 52] hit ratio: 0.5273 accesses: 1464843 hits: 772359 misses: 692484                         ║
║ [Batch 52] spad load: 0                                                                            ║
║ [Batch 53] hit ratio: 0.1886 accesses: 1464843 hits: 276217 misses: 1188626                        ║
║ [Batch 53] spad load: 0                                                                            ║
║ [Batch 54] hit ratio: 0.0000 accesses: 1464843 hits: 0 misses: 1464843                             ║
║ [Batch 54] spad load: 0                                                                            ║
║ [Batch 55] hit ratio: 0.0000 accesses: 1464843 hits: 0 misses: 1464843                             ║
║ [Batch 55] spad load: 0                                                                            ║
║ [Batch 56] hit ratio: 0.0000 accesses: 1464843 hits: 0 misses: 1464843                             ║
║ [Batch 56] spad load: 0                                                                            ║
║ [Batch 57] hit ratio: 0.0000 accesses: 1464843 hits: 0 misses: 1464843                             ║
║ [Batch 57] spad load: 0                                                                            ║
║ [Batch 58] hit ratio: 0.0000 accesses: 1464843 hits: 0 misses: 1464843                             ║
║ [Batch 58] spad load: 0                                                                            ║
║ [Batch 59] hit ratio: 0.0000 accesses: 1464843 hits: 0 misses: 1464843                             ║
║ [Batch 59] spad load: 0                                                                            ║
║ [Batch 60] hit ratio: 0.0000 accesses: 1464843 hits: 0 misses: 1464843                             ║
║ [Batch 60] spad load: 0                                                                            ║
║ [Batch 61] hit ratio: 0.0000 accesses: 1464843 hits: 0 misses: 1464843                             ║
║ [Batch 61] spad load: 0                                                                            ║
║ [Batch 62] hit ratio: 0.5486 accesses: 1464843 hits: 803646 misses: 661197                         ║
║ [Batch 62] spad load: 0                                                                            ║
║ [Batch 63] hit ratio: 0.1672 accesses: 1464843 hits: 244930 misses: 1219913                        ║
║ [Batch 63] spad load: 0                                                                            ║
║ [Batch 64] hit ratio: 0.0000 accesses: 1464843 hits: 0 misses: 1464843                             ║
║ [Batch 64] spad load: 0                                                                            ║
║ [Batch 65] hit ratio: 0.0000 accesses: 1464843 hits: 0 misses: 1464843                             ║
║ [Batch 65] spad load: 0                                                                            ║
║ [Batch 66] hit ratio: 0.6277 accesses: 1464843 hits: 919431 misses: 545412                         ║
║ [Batch 66] spad load: 0                                                                            ║
║ [Batch 67] hit ratio: 0.0882 accesses: 1464843 hits: 129145 misses: 1335698                        ║
║ [Batch 67] spad load: 0                                                                            ║
║ [Batch 68] hit ratio: 0.0000 accesses: 1464843 hits: 0 misses: 1464843                             ║
║ [Batch 68] spad load: 0                                                                            ║
║ [Batch 69] hit ratio: 0.0000 accesses: 1464843 hits: 0 misses: 1464843                             ║
║ [Batch 69] spad load: 0                                                                            ║
║ [Batch 70] hit ratio: 0.0000 accesses: 1464843 hits: 0 misses: 1464843                             ║
║ [Batch 70] spad load: 0                                                                            ║
║ [Batch 71] hit ratio: 0.0000 accesses: 1464843 hits: 0 misses: 1464843                             ║
║ [Batch 71] spad load: 0                                                                            ║
║ [Batch 72] hit ratio: 0.6227 accesses: 1464843 hits: 912135 misses: 552708                         ║
║ [Batch 72] spad load: 0                                                                            ║
║ [Batch 73] hit ratio: 0.0931 accesses: 1464843 hits: 136441 misses: 1328402                        ║
║ [Batch 73] spad load: 0                                                                            ║
║ [Batch 74] hit ratio: 0.0000 accesses: 1464843 hits: 0 misses: 1464843                             ║
║ [Batch 74] spad load: 0                                                                            ║
║ [Batch 75] hit ratio: 0.0000 accesses: 1464843 hits: 0 misses: 1464843                             ║
║ [Batch 75] spad load: 0                                                                            ║
║ [Batch 76] hit ratio: 0.0000 accesses: 1464843 hits: 0 misses: 1464843                             ║
║ [Batch 76] spad load: 0                                                                            ║
║ [Batch 77] hit ratio: 0.5686 accesses: 1464843 hits: 832938 misses: 631905                         ║
║ [Batch 77] spad load: 0                                                                            ║
║ [Batch 78] hit ratio: 0.1472 accesses: 1464843 hits: 215638 misses: 1249205                        ║
║ [Batch 78] spad load: 0                                                                            ║
║ [Batch 79] hit ratio: 0.7158 accesses: 1464843 hits: 1048576 misses: 416267                        ║
║ [Batch 79] spad load: 0                                                                            ║
║ [Batch 80] hit ratio: 0.0000 accesses: 1464843 hits: 0 misses: 1464843                             ║
║ [Batch 80] spad load: 0                                                                            ║
║ [Batch 81] hit ratio: 0.3324 accesses: 1464843 hits: 486948 misses: 977895                         ║
║ [Batch 81] spad load: 0                                                                            ║
║ [Batch 82] hit ratio: 0.3834 accesses: 1464843 hits: 561628 misses: 903215                         ║
║ [Batch 82] spad load: 0                                                                            ║
║ [Batch 83] hit ratio: 0.5673 accesses: 1464843 hits: 831042 misses: 633801                         ║
║ [Batch 83] spad load: 0                                                                            ║
║ [Batch 84] hit ratio: 0.1485 accesses: 1464843 hits: 217534 misses: 1247309                        ║
║ [Batch 84] spad load: 0                                                                            ║
║ [Batch 85] hit ratio: 0.0000 accesses: 1464843 hits: 0 misses: 1464843                             ║
║ [Batch 85] spad load: 0                                                                            ║
║ [Batch 86] hit ratio: 0.0000 accesses: 1464843 hits: 0 misses: 1464843                             ║
║ [Batch 86] spad load: 0                                                                            ║
║ [Batch 87] hit ratio: 0.0000 accesses: 1464843 hits: 0 misses: 1464843                             ║
║ [Batch 87] spad load: 0                                                                            ║
║ [Batch 88] hit ratio: 0.6135 accesses: 1464843 hits: 898659 misses: 566184                         ║
║ [Batch 88] spad load: 0                                                                            ║
║ [Batch 89] hit ratio: 0.1023 accesses: 1464843 hits: 149917 misses: 1314926                        ║
║ [Batch 89] spad load: 0                                                                            ║
║ [Batch 90] hit ratio: 0.0000 accesses: 1464843 hits: 0 misses: 1464843                             ║
║ [Batch 90] spad load: 0                                                                            ║
║ [Batch 91] hit ratio: 0.1267 accesses: 1464843 hits: 185601 misses: 1279242                        ║
║ [Batch 91] spad load: 0                                                                            ║
║ [Batch 92] hit ratio: 0.5891 accesses: 1464843 hits: 862975 misses: 601868                         ║
║ [Batch 92] spad load: 0                                                                            ║
║ [Batch 93] hit ratio: 0.3972 accesses: 1464843 hits: 581763 misses: 883080                         ║
║ [Batch 93] spad load: 0                                                                            ║
║ [Batch 94] hit ratio: 0.3187 accesses: 1464843 hits: 466813 misses: 998030                         ║
║ [Batch 94] spad load: 0                                                                            ║
║ [Batch 95] hit ratio: 0.0000 accesses: 1464843 hits: 0 misses: 1464843                             ║
║ [Batch 95] spad load: 0                                                                            ║
║ [Batch 96] hit ratio: 0.0000 accesses: 1464843 hits: 0 misses: 1464843                             ║
║ [Batch 96] spad load: 0                                                                            ║
║ [Batch 97] hit ratio: 0.0047 accesses: 1464843 hits: 6819 misses: 1458024                          ║
║ [Batch 97] spad load: 0                                                                            ║
║ [Batch 98] hit ratio: 0.7112 accesses: 1464843 hits: 1041757 misses: 423086                        ║
║ [Batch 98] spad load: 0                                                                            ║
║ [Batch 99] hit ratio: 0.3081 accesses: 1464843 hits: 451314 misses: 1013529                        ║
║ [Batch 99] spad load: 1048576                                                                      ║
║ [Batch 100] hit ratio: 0.7158 accesses: 1464843 hits: 1048576 misses: 416267                       ║
║ [Batch 100] spad load: 0                                                                           ║
║ [Batch 101] hit ratio: 0.0000 accesses: 1464843 hits: 0 misses: 1464843                            ║
║ [Batch 101] spad load: 0                                                                           ║
║ [Batch 102] hit ratio: 0.0000 accesses: 1464843 hits: 0 misses: 1464843                            ║
║ [Batch 102] spad load: 0                                                                           ║
║ [Batch 103] hit ratio: 0.6615 accesses: 1464843 hits: 969066 misses: 495777                        ║
║ [Batch 103] spad load: 0                                                                           ║
║ [Batch 104] hit ratio: 0.0543 accesses: 1464843 hits: 79510 misses: 1385333                        ║
║ [Batch 104] spad load: 0                                                                           ║
║ [Batch 105] hit ratio: 0.0000 accesses: 1464843 hits: 0 misses: 1464843                            ║
║ [Batch 105] spad load: 0                                                                           ║
║ [Batch 106] hit ratio: 0.0000 accesses: 1464843 hits: 0 misses: 1464843                            ║
║ [Batch 106] spad load: 0                                                                           ║
║ [Batch 107] hit ratio: 0.7158 accesses: 1464843 hits: 1048576 misses: 416267                       ║
║ [Batch 107] spad load: 0                                                                           ║
║ [Batch 108] hit ratio: 0.0000 accesses: 1464843 hits: 0 misses: 1464843                            ║
║ [Batch 108] spad load: 0                                                                           ║
║ [Batch 109] hit ratio: 0.0000 accesses: 1464843 hits: 0 misses: 1464843                            ║
║ [Batch 109] spad load: 0                                                                           ║
║ [Batch 110] hit ratio: 0.0000 accesses: 1464843 hits: 0 misses: 1464843                            ║
║ [Batch 110] spad load: 0                                                                           ║
║ [Batch 111] hit ratio: 0.2225 accesses: 1464843 hits: 325941 misses: 1138902                       ║
║ [Batch 111] spad load: 0                                                                           ║
║ [Batch 112] hit ratio: 0.4933 accesses: 1464843 hits: 722635 misses: 742208                        ║
║ [Batch 112] spad load: 0                                                                           ║
║ [Batch 113] hit ratio: 0.5260 accesses: 1464843 hits: 770436 misses: 694407                        ║
║ [Batch 113] spad load: 0                                                                           ║
║ [Batch 114] hit ratio: 0.1899 accesses: 1464843 hits: 278140 misses: 1186703                       ║
║ [Batch 114] spad load: 0                                                                           ║
║ [Batch 115] hit ratio: 0.0000 accesses: 1464843 hits: 0 misses: 1464843                            ║
║ [Batch 115] spad load: 0                                                                           ║
║ [Batch 116] hit ratio: 0.0000 accesses: 1464843 hits: 0 misses: 1464843                            ║
║ [Batch 116] spad load: 0                                                                           ║
║ [Batch 117] hit ratio: 0.4613 accesses: 1464843 hits: 675693 misses: 789150                        ║
║ [Batch 117] spad load: 0                                                                           ║
║ [Batch 118] hit ratio: 0.2546 accesses: 1464843 hits: 372883 misses: 1091960                       ║
║ [Batch 118] spad load: 0                                                                           ║
║ [Batch 119] hit ratio: 0.7158 accesses: 1464843 hits: 1048576 misses: 416267                       ║
║ [Batch 119] spad load: 0                                                                           ║
║ [Batch 120] hit ratio: 0.0682 accesses: 1464843 hits: 99840 misses: 1365003                        ║
║ [Batch 120] spad load: 0                                                                           ║
║ [Batch 121] hit ratio: 0.6477 accesses: 1464843 hits: 948736 misses: 516107                        ║
║ [Batch 121] spad load: 0                                                                           ║
║ [Batch 122] hit ratio: 0.0000 accesses: 1464843 hits: 0 misses: 1464843                            ║
║ [Batch 122] spad load: 0                                                                           ║
║ [Batch 123] hit ratio: 0.0000 accesses: 1464843 hits: 0 misses: 1464843                            ║
║ [Batch 123] spad load: 0                                                                           ║
║ [Batch 124] hit ratio: 0.0000 accesses: 1464843 hits: 0 misses: 1464843                            ║
║ [Batch 124] spad load: 0                                                                           ║
║ [Batch 125] hit ratio: 0.6563 accesses: 1464843 hits: 961404 misses: 503439                        ║
║ [Batch 125] spad load: 0                                                                           ║
║ [Batch 126] hit ratio: 0.0595 accesses: 1464843 hits: 87172 misses: 1377671                        ║
║ [Batch 126] spad load: 0                                                                           ║
║ [Batch 127] hit ratio: 0.0000 accesses: 1464843 hits: 0 misses: 1464843                            ║
║ [Batch 127] spad load: 0                                                                           ║
║ [Batch 128] hit ratio: 0.6233 accesses: 1464843 hits: 912990 misses: 551853                        ║
║ [Batch 128] spad load: 0                                                                           ║
║ [Batch 129] hit ratio: 0.0926 accesses: 1464843 hits: 135586 misses: 1329257                       ║
║ [Batch 129] spad load: 0                                                                           ║
║ [Batch 130] hit ratio: 0.0000 accesses: 1464843 hits: 0 misses: 1464843                            ║
║ [Batch 130] spad load: 0                                                                           ║
║ [Batch 131] hit ratio: 0.0209 accesses: 1464843 hits: 30546 misses: 1434297                        ║
║ [Batch 131] spad load: 0                                                                           ║
║ [Batch 132] hit ratio: 0.6950 accesses: 1464843 hits: 1018030 misses: 446813                       ║
║ [Batch 132] spad load: 0                                                                           ║
║ [Batch 133] hit ratio: 0.0000 accesses: 1464843 hits: 0 misses: 1464843                            ║
║ [Batch 133] spad load: 0                                                                           ║
║ [Batch 134] hit ratio: 0.2591 accesses: 1464843 hits: 379560 misses: 1085283                       ║
║ [Batch 134] spad load: 0                                                                           ║
║ [Batch 135] hit ratio: 0.4567 accesses: 1464843 hits: 669016 misses: 795827                        ║
║ [Batch 135] spad load: 0                                                                           ║
║ [Batch 136] hit ratio: 0.5626 accesses: 1464843 hits: 824055 misses: 640788                        ║
║ [Batch 136] spad load: 0                                                                           ║
║ [Batch 137] hit ratio: 0.1533 accesses: 1464843 hits: 224521 misses: 1240322                       ║
║ [Batch 137] spad load: 0                                                                           ║
║ [Batch 138] hit ratio: 0.0000 accesses: 1464843 hits: 0 misses: 1464843                            ║
║ [Batch 138] spad load: 0                                                                           ║
║ [Batch 139] hit ratio: 0.0000 accesses: 1464843 hits: 0 misses: 1464843                            ║
║ [Batch 139] spad load: 0                                                                           ║
║ [Batch 140] hit ratio: 0.0000 accesses: 1464843 hits: 0 misses: 1464843                            ║
║ [Batch 140] spad load: 0                                                                           ║
║ [Batch 141] hit ratio: 0.0000 accesses: 1464843 hits: 0 misses: 1464843                            ║
║ [Batch 141] spad load: 0                                                                           ║
║ [Batch 142] hit ratio: 0.0000 accesses: 1464843 hits: 0 misses: 1464843                            ║
║ [Batch 142] spad load: 0                                                                           ║
║ [Batch 143] hit ratio: 0.7158 accesses: 1464843 hits: 1048576 misses: 416267                       ║
║ [Batch 143] spad load: 0                                                                           ║
║ [Batch 144] hit ratio: 0.2785 accesses: 1464843 hits: 408000 misses: 1056843                       ║
║ [Batch 144] spad load: 0                                                                           ║
║ [Batch 145] hit ratio: 0.4373 accesses: 1464843 hits: 640576 misses: 824267                        ║
║ [Batch 145] spad load: 0                                                                           ║
║ [Batch 146] hit ratio: 0.0000 accesses: 1464843 hits: 0 misses: 1464843                            ║
║ [Batch 146] spad load: 0                                                                           ║
║ [Batch 147] hit ratio: 0.3714 accesses: 1464843 hits: 544041 misses: 920802                        ║
║ [Batch 147] spad load: 0                                                                           ║
║ [Batch 148] hit ratio: 0.3444 accesses: 1464843 hits: 504535 misses: 960308                        ║
║ [Batch 148] spad load: 0                                                                           ║
║ [Batch 149] hit ratio: 0.0000 accesses: 1464843 hits: 0 misses: 1464843                            ║
║ [Batch 149] spad load: 0                                                                           ║
║ [Batch 150] hit ratio: 0.7158 accesses: 1464843 hits: 1048576 misses: 416267                       ║
║ [Batch 150] spad load: 0                                                                           ║
║ [Batch 151] hit ratio: 0.0000 accesses: 1464843 hits: 0 misses: 1464843                            ║
║ [Batch 151] spad load: 0                                                                           ║
║ [Batch 152] hit ratio: 0.0000 accesses: 1464843 hits: 0 misses: 1464843                            ║
║ [Batch 152] spad load: 0                                                                           ║
║ [Batch 153] hit ratio: 0.0000 accesses: 1464843 hits: 0 misses: 1464843                            ║
║ [Batch 153] spad load: 0                                                                           ║
║ [Batch 154] hit ratio: 0.7158 accesses: 1464843 hits: 1048576 misses: 416267                       ║
║ [Batch 154] spad load: 0                                                                           ║
║ [Batch 155] hit ratio: 0.1425 accesses: 1464843 hits: 208767 misses: 1256076                       ║
║ [Batch 155] spad load: 0                                                                           ║
║ [Batch 156] hit ratio: 0.5733 accesses: 1464843 hits: 839809 misses: 625034                        ║
║ [Batch 156] spad load: 0                                                                           ║
║ [Batch 157] hit ratio: 0.0000 accesses: 1464843 hits: 0 misses: 1464843                            ║
║ [Batch 157] spad load: 0                                                                           ║
║ [Batch 158] hit ratio: 0.0000 accesses: 1464843 hits: 0 misses: 1464843                            ║
║ [Batch 158] spad load: 0                                                                           ║
║ [Batch 159] hit ratio: 0.4692 accesses: 1464843 hits: 687243 misses: 777600                        ║
║ [Batch 159] spad load: 0                                                                           ║
║ [Batch 160] hit ratio: 0.2467 accesses: 1464843 hits: 361333 misses: 1103510                       ║
║ [Batch 160] spad load: 0                                                                           ║
║ [Batch 161] hit ratio: 0.0000 accesses: 1464843 hits: 0 misses: 1464843                            ║
║ [Batch 161] spad load: 0                                                                           ║
║ [Batch 162] hit ratio: 0.7158 accesses: 1464843 hits: 1048576 misses: 416267                       ║
║ [Batch 162] spad load: 0                                                                           ║
║ [Batch 163] hit ratio: 0.0000 accesses: 1464843 hits: 0 misses: 1464843                            ║
║ [Batch 163] spad load: 0                                                                           ║
║ [Batch 164] hit ratio: 0.0000 accesses: 1464843 hits: 0 misses: 1464843                            ║
║ [Batch 164] spad load: 0                                                                           ║
║ [Batch 165] hit ratio: 0.0000 accesses: 1464843 hits: 0 misses: 1464843                            ║
║ [Batch 165] spad load: 0                                                                           ║
║ [Batch 166] hit ratio: 0.7158 accesses: 1464843 hits: 1048576 misses: 416267                       ║
║ [Batch 166] spad load: 0                                                                           ║
║ [Batch 167] hit ratio: 0.0000 accesses: 1464843 hits: 0 misses: 1464843                            ║
║ [Batch 167] spad load: 0                                                                           ║
║ [Batch 168] hit ratio: 0.0000 accesses: 1464843 hits: 0 misses: 1464843                            ║
║ [Batch 168] spad load: 0                                                                           ║
║ [Batch 169] hit ratio: 0.3475 accesses: 1464843 hits: 508986 misses: 955857                        ║
║ [Batch 169] spad load: 0                                                                           ║
║ [Batch 170] hit ratio: 0.3684 accesses: 1464843 hits: 539590 misses: 925253                        ║
║ [Batch 170] spad load: 0                                                                           ║
║ [Batch 171] hit ratio: 0.0000 accesses: 1464843 hits: 0 misses: 1464843                            ║
║ [Batch 171] spad load: 0                                                                           ║
║ [Batch 172] hit ratio: 0.5857 accesses: 1464843 hits: 858000 misses: 606843                        ║
║ [Batch 172] spad load: 0                                                                           ║
║ [Batch 173] hit ratio: 0.1301 accesses: 1464843 hits: 190576 misses: 1274267                       ║
║ [Batch 173] spad load: 0                                                                           ║
║ [Batch 174] hit ratio: 0.7158 accesses: 1464843 hits: 1048576 misses: 416267                       ║
║ [Batch 174] spad load: 0                                                                           ║
║ [Batch 175] hit ratio: 0.1926 accesses: 1464843 hits: 282147 misses: 1182696                       ║
║ [Batch 175] spad load: 0                                                                           ║
║ [Batch 176] hit ratio: 0.5232 accesses: 1464843 hits: 766429 misses: 698414                        ║
║ [Batch 176] spad load: 0                                                                           ║
║ [Batch 177] hit ratio: 0.4961 accesses: 1464843 hits: 726642 misses: 738201                        ║
║ [Batch 177] spad load: 0                                                                           ║
║ [Batch 178] hit ratio: 0.2198 accesses: 1464843 hits: 321934 misses: 1142909                       ║
║ [Batch 178] spad load: 0                                                                           ║
║ [Batch 179] hit ratio: 0.7158 accesses: 1464843 hits: 1048576 misses: 416267                       ║
║ [Batch 179] spad load: 0                                                                           ║
║ [Batch 180] hit ratio: 0.0000 accesses: 1464843 hits: 0 misses: 1464843                            ║
║ [Batch 180] spad load: 0                                                                           ║
║ [Batch 181] hit ratio: 0.0000 accesses: 1464843 hits: 0 misses: 1464843                            ║
║ [Batch 181] spad load: 0                                                                           ║
║ [Batch 182] hit ratio: 0.0000 accesses: 1464843 hits: 0 misses: 1464843                            ║
║ [Batch 182] spad load: 0                                                                           ║
║ [Batch 183] hit ratio: 0.0000 accesses: 1464843 hits: 0 misses: 1464843                            ║
║ [Batch 183] spad load: 0                                                                           ║
║ [Batch 184] hit ratio: 0.0000 accesses: 1464843 hits: 0 misses: 1464843                            ║
║ [Batch 184] spad load: 0                                                                           ║
║ [Batch 185] hit ratio: 0.0000 accesses: 1464843 hits: 0 misses: 1464843                            ║
║ [Batch 185] spad load: 0                                                                           ║
║ [Batch 186] hit ratio: 0.0000 accesses: 1464843 hits: 0 misses: 1464843                            ║
║ [Batch 186] spad load: 0                                                                           ║
║ [Batch 187] hit ratio: 0.5839 accesses: 1464843 hits: 855249 misses: 609594                        ║
║ [Batch 187] spad load: 0                                                                           ║
║ [Batch 188] hit ratio: 0.1320 accesses: 1464843 hits: 193327 misses: 1271516                       ║
║ [Batch 188] spad load: 0                                                                           ║
║ [Batch 189] hit ratio: 0.0000 accesses: 1464843 hits: 0 misses: 1464843                            ║
║ [Batch 189] spad load: 0                                                                           ║
║ [Batch 190] hit ratio: 0.7158 accesses: 1464843 hits: 1048576 misses: 416267                       ║
║ [Batch 190] spad load: 0                                                                           ║
║ [Batch 191] hit ratio: 0.0894 accesses: 1464843 hits: 130920 misses: 1333923                       ║
║ [Batch 191] spad load: 0                                                                           ║
║ [Batch 192] hit ratio: 0.6265 accesses: 1464843 hits: 917656 misses: 547187                        ║
║ [Batch 192] spad load: 0                                                                           ║
║ [Batch 193] hit ratio: 0.0000 accesses: 1464843 hits: 0 misses: 1464843                            ║
║ [Batch 193] spad load: 0                                                                           ║
║ [Batch 194] hit ratio: 0.2790 accesses: 1464843 hits: 408726 misses: 1056117                       ║
║ [Batch 194] spad load: 0                                                                           ║
║ [Batch 195] hit ratio: 0.4368 accesses: 1464843 hits: 639850 misses: 824993                        ║
║ [Batch 195] spad load: 0                                                                           ║
║ [Batch 196] hit ratio: 0.5825 accesses: 1464843 hits: 853221 misses: 611622                        ║
║ [Batch 196] spad load: 0                                                                           ║
║ [Batch 197] hit ratio: 0.1334 accesses: 1464843 hits: 195355 misses: 1269488                       ║
║ [Batch 197] spad load: 0                                                                           ║
║ [Batch 198] hit ratio: 0.0000 accesses: 1464843 hits: 0 misses: 1464843                            ║
║ [Batch 198] spad load: 0                                                                           ║
║ [Batch 199] hit ratio: 0.0000 accesses: 1464843 hits: 0 misses: 1464843                            ║
║ [Batch 199] spad load: 0                                                                           ║
╚════════════════════════════════════════════════════════════════════════════════════════════════════╝
(Time elapsed(s) in do simulation:  71.224203sec)
[DEBUG] workload_type: vectordb



 START ENERGY ESTIMATION 

Setting parameters for energy estimation...
Setting workload configuration...
Setting energy table configuration...
 [DEBUG] action type and count for op 0: add 187499904.0
 [DEBUG] action type and count for op 1: mul 187499904.0
 [DEBUG] action type and count for op 0: add 187499904.0
 [DEBUG] action type and count for op 1: mul 187499904.0
 [DEBUG] action type and count for op 0: add 187499904.0
 [DEBUG] action type and count for op 1: mul 187499904.0
 [DEBUG] action type and count for op 0: add 187499904.0
 [DEBUG] action type and count for op 1: mul 187499904.0
 [DEBUG] action type and count for op 0: add 187499904.0
 [DEBUG] action type and count for op 1: mul 187499904.0
 [DEBUG] action type and count for op 0: add 187499904.0
 [DEBUG] action type and count for op 1: mul 187499904.0
 [DEBUG] action type and count for op 0: add 187499904.0
 [DEBUG] action type and count for op 1: mul 187499904.0
 [DEBUG] action type and count for op 0: add 187499904.0
 [DEBUG] action type and count for op 1: mul 187499904.0
 [DEBUG] action type and count for op 0: add 187499904.0
 [DEBUG] action type and count for op 1: mul 187499904.0
 [DEBUG] action type and count for op 0: add 187499904.0
 [DEBUG] action type and count for op 1: mul 187499904.0
 [DEBUG] action type and count for op 0: add 187499904.0
 [DEBUG] action type and count for op 1: mul 187499904.0
 [DEBUG] action type and count for op 0: add 187499904.0
 [DEBUG] action type and count for op 1: mul 187499904.0
 [DEBUG] action type and count for op 0: add 187499904.0
 [DEBUG] action type and count for op 1: mul 187499904.0
 [DEBUG] action type and count for op 0: add 187499904.0
 [DEBUG] action type and count for op 1: mul 187499904.0
 [DEBUG] action type and count for op 0: add 187499904.0
 [DEBUG] action type and count for op 1: mul 187499904.0
 [DEBUG] action type and count for op 0: add 187499904.0
 [DEBUG] action type and count for op 1: mul 187499904.0
 [DEBUG] action type and count for op 0: add 187499904.0
 [DEBUG] action type and count for op 1: mul 187499904.0
 [DEBUG] action type and count for op 0: add 187499904.0
 [DEBUG] action type and count for op 1: mul 187499904.0
 [DEBUG] action type and count for op 0: add 187499904.0
 [DEBUG] action type and count for op 1: mul 187499904.0
 [DEBUG] action type and count for op 0: add 187499904.0
 [DEBUG] action type and count for op 1: mul 187499904.0
 [DEBUG] action type and count for op 0: add 187499904.0
 [DEBUG] action type and count for op 1: mul 187499904.0
 [DEBUG] action type and count for op 0: add 187499904.0
 [DEBUG] action type and count for op 1: mul 187499904.0
 [DEBUG] action type and count for op 0: add 187499904.0
 [DEBUG] action type and count for op 1: mul 187499904.0
 [DEBUG] action type and count for op 0: add 187499904.0
 [DEBUG] action type and count for op 1: mul 187499904.0
 [DEBUG] action type and count for op 0: add 187499904.0
 [DEBUG] action type and count for op 1: mul 187499904.0
 [DEBUG] action type and count for op 0: add 187499904.0
 [DEBUG] action type and count for op 1: mul 187499904.0
 [DEBUG] action type and count for op 0: add 187499904.0
 [DEBUG] action type and count for op 1: mul 187499904.0
 [DEBUG] action type and count for op 0: add 187499904.0
 [DEBUG] action type and count for op 1: mul 187499904.0
 [DEBUG] action type and count for op 0: add 187499904.0
 [DEBUG] action type and count for op 1: mul 187499904.0
 [DEBUG] action type and count for op 0: add 187499904.0
 [DEBUG] action type and count for op 1: mul 187499904.0
 [DEBUG] action type and count for op 0: add 187499904.0
 [DEBUG] action type and count for op 1: mul 187499904.0
 [DEBUG] action type and count for op 0: add 187499904.0
 [DEBUG] action type and count for op 1: mul 187499904.0
 [DEBUG] action type and count for op 0: add 187499904.0
 [DEBUG] action type and count for op 1: mul 187499904.0
 [DEBUG] action type and count for op 0: add 187499904.0
 [DEBUG] action type and count for op 1: mul 187499904.0
 [DEBUG] action type and count for op 0: add 187499904.0
 [DEBUG] action type and count for op 1: mul 187499904.0
 [DEBUG] action type and count for op 0: add 187499904.0
 [DEBUG] action type and count for op 1: mul 187499904.0
 [DEBUG] action type and count for op 0: add 187499904.0
 [DEBUG] action type and count for op 1: mul 187499904.0
 [DEBUG] action type and count for op 0: add 187499904.0
 [DEBUG] action type and count for op 1: mul 187499904.0
 [DEBUG] action type and count for op 0: add 187499904.0
 [DEBUG] action type and count for op 1: mul 187499904.0
 [DEBUG] action type and count for op 0: add 187499904.0
 [DEBUG] action type and count for op 1: mul 187499904.0
 [DEBUG] action type and count for op 0: add 187499904.0
 [DEBUG] action type and count for op 1: mul 187499904.0
 [DEBUG] action type and count for op 0: add 187499904.0
 [DEBUG] action type and count for op 1: mul 187499904.0
 [DEBUG] action type and count for op 0: add 187499904.0
 [DEBUG] action type and count for op 1: mul 187499904.0
 [DEBUG] action type and count for op 0: add 187499904.0
 [DEBUG] action type and count for op 1: mul 187499904.0
 [DEBUG] action type and count for op 0: add 187499904.0
 [DEBUG] action type and count for op 1: mul 187499904.0
 [DEBUG] action type and count for op 0: add 187499904.0
 [DEBUG] action type and count for op 1: mul 187499904.0
 [DEBUG] action type and count for op 0: add 187499904.0
 [DEBUG] action type and count for op 1: mul 187499904.0
 [DEBUG] action type and count for op 0: add 187499904.0
 [DEBUG] action type and count for op 1: mul 187499904.0
 [DEBUG] action type and count for op 0: add 187499904.0
 [DEBUG] action type and count for op 1: mul 187499904.0
 [DEBUG] action type and count for op 0: add 187499904.0
 [DEBUG] action type and count for op 1: mul 187499904.0
 [DEBUG] action type and count for op 0: add 187499904.0
 [DEBUG] action type and count for op 1: mul 187499904.0
 [DEBUG] action type and count for op 0: add 187499904.0
 [DEBUG] action type and count for op 1: mul 187499904.0
 [DEBUG] action type and count for op 0: add 187499904.0
 [DEBUG] action type and count for op 1: mul 187499904.0
 [DEBUG] action type and count for op 0: add 187499904.0
 [DEBUG] action type and count for op 1: mul 187499904.0
 [DEBUG] action type and count for op 0: add 187499904.0
 [DEBUG] action type and count for op 1: mul 187499904.0
 [DEBUG] action type and count for op 0: add 187499904.0
 [DEBUG] action type and count for op 1: mul 187499904.0
 [DEBUG] action type and count for op 0: add 187499904.0
 [DEBUG] action type and count for op 1: mul 187499904.0
 [DEBUG] action type and count for op 0: add 187499904.0
 [DEBUG] action type and count for op 1: mul 187499904.0
 [DEBUG] action type and count for op 0: add 187499904.0
 [DEBUG] action type and count for op 1: mul 187499904.0
 [DEBUG] action type and count for op 0: add 187499904.0
 [DEBUG] action type and count for op 1: mul 187499904.0
 [DEBUG] action type and count for op 0: add 187499904.0
 [DEBUG] action type and count for op 1: mul 187499904.0
 [DEBUG] action type and count for op 0: add 187499904.0
 [DEBUG] action type and count for op 1: mul 187499904.0
 [DEBUG] action type and count for op 0: add 187499904.0
 [DEBUG] action type and count for op 1: mul 187499904.0
 [DEBUG] action type and count for op 0: add 187499904.0
 [DEBUG] action type and count for op 1: mul 187499904.0
 [DEBUG] action type and count for op 0: add 187499904.0
 [DEBUG] action type and count for op 1: mul 187499904.0
 [DEBUG] action type and count for op 0: add 187499904.0
 [DEBUG] action type and count for op 1: mul 187499904.0
 [DEBUG] action type and count for op 0: add 187499904.0
 [DEBUG] action type and count for op 1: mul 187499904.0
 [DEBUG] action type and count for op 0: add 187499904.0
 [DEBUG] action type and count for op 1: mul 187499904.0
 [DEBUG] action type and count for op 0: add 187499904.0
 [DEBUG] action type and count for op 1: mul 187499904.0
 [DEBUG] action type and count for op 0: add 187499904.0
 [DEBUG] action type and count for op 1: mul 187499904.0
 [DEBUG] action type and count for op 0: add 187499904.0
 [DEBUG] action type and count for op 1: mul 187499904.0
 [DEBUG] action type and count for op 0: add 187499904.0
 [DEBUG] action type and count for op 1: mul 187499904.0
 [DEBUG] action type and count for op 0: add 187499904.0
 [DEBUG] action type and count for op 1: mul 187499904.0
 [DEBUG] action type and count for op 0: add 187499904.0
 [DEBUG] action type and count for op 1: mul 187499904.0
 [DEBUG] action type and count for op 0: add 187499904.0
 [DEBUG] action type and count for op 1: mul 187499904.0
 [DEBUG] action type and count for op 0: add 187499904.0
 [DEBUG] action type and count for op 1: mul 187499904.0
 [DEBUG] action type and count for op 0: add 187499904.0
 [DEBUG] action type and count for op 1: mul 187499904.0
 [DEBUG] action type and count for op 0: add 187499904.0
 [DEBUG] action type and count for op 1: mul 187499904.0
 [DEBUG] action type and count for op 0: add 187499904.0
 [DEBUG] action type and count for op 1: mul 187499904.0
 [DEBUG] action type and count for op 0: add 187499904.0
 [DEBUG] action type and count for op 1: mul 187499904.0
 [DEBUG] action type and count for op 0: add 187499904.0
 [DEBUG] action type and count for op 1: mul 187499904.0
 [DEBUG] action type and count for op 0: add 187499904.0
 [DEBUG] action type and count for op 1: mul 187499904.0
 [DEBUG] action type and count for op 0: add 187499904.0
 [DEBUG] action type and count for op 1: mul 187499904.0
 [DEBUG] action type and count for op 0: add 187499904.0
 [DEBUG] action type and count for op 1: mul 187499904.0
 [DEBUG] action type and count for op 0: add 187499904.0
 [DEBUG] action type and count for op 1: mul 187499904.0
 [DEBUG] action type and count for op 0: add 187499904.0
 [DEBUG] action type and count for op 1: mul 187499904.0
 [DEBUG] action type and count for op 0: add 187499904.0
 [DEBUG] action type and count for op 1: mul 187499904.0
 [DEBUG] action type and count for op 0: add 187499904.0
 [DEBUG] action type and count for op 1: mul 187499904.0
 [DEBUG] action type and count for op 0: add 187499904.0
 [DEBUG] action type and count for op 1: mul 187499904.0
 [DEBUG] action type and count for op 0: add 187499904.0
 [DEBUG] action type and count for op 1: mul 187499904.0
 [DEBUG] action type and count for op 0: add 187499904.0
 [DEBUG] action type and count for op 1: mul 187499904.0
 [DEBUG] action type and count for op 0: add 187499904.0
 [DEBUG] action type and count for op 1: mul 187499904.0
 [DEBUG] action type and count for op 0: add 187499904.0
 [DEBUG] action type and count for op 1: mul 187499904.0
 [DEBUG] action type and count for op 0: add 187499904.0
 [DEBUG] action type and count for op 1: mul 187499904.0
 [DEBUG] action type and count for op 0: add 187499904.0
 [DEBUG] action type and count for op 1: mul 187499904.0
 [DEBUG] action type and count for op 0: add 187499904.0
 [DEBUG] action type and count for op 1: mul 187499904.0
 [DEBUG] action type and count for op 0: add 187499904.0
 [DEBUG] action type and count for op 1: mul 187499904.0
 [DEBUG] action type and count for op 0: add 187499904.0
 [DEBUG] action type and count for op 1: mul 187499904.0
 [DEBUG] action type and count for op 0: add 187499904.0
 [DEBUG] action type and count for op 1: mul 187499904.0
 [DEBUG] action type and count for op 0: add 187499904.0
 [DEBUG] action type and count for op 1: mul 187499904.0
 [DEBUG] action type and count for op 0: add 187499904.0
 [DEBUG] action type and count for op 1: mul 187499904.0
 [DEBUG] action type and count for op 0: add 187499904.0
 [DEBUG] action type and count for op 1: mul 187499904.0
 [DEBUG] action type and count for op 0: add 187499904.0
 [DEBUG] action type and count for op 1: mul 187499904.0
 [DEBUG] action type and count for op 0: add 187499904.0
 [DEBUG] action type and count for op 1: mul 187499904.0
 [DEBUG] action type and count for op 0: add 187499904.0
 [DEBUG] action type and count for op 1: mul 187499904.0
 [DEBUG] action type and count for op 0: add 187499904.0
 [DEBUG] action type and count for op 1: mul 187499904.0
 [DEBUG] action type and count for op 0: add 187499904.0
 [DEBUG] action type and count for op 1: mul 187499904.0
 [DEBUG] action type and count for op 0: add 187499904.0
 [DEBUG] action type and count for op 1: mul 187499904.0
 [DEBUG] action type and count for op 0: add 187499904.0
 [DEBUG] action type and count for op 1: mul 187499904.0
 [DEBUG] action type and count for op 0: add 187499904.0
 [DEBUG] action type and count for op 1: mul 187499904.0
 [DEBUG] action type and count for op 0: add 187499904.0
 [DEBUG] action type and count for op 1: mul 187499904.0
 [DEBUG] action type and count for op 0: add 187499904.0
 [DEBUG] action type and count for op 1: mul 187499904.0
 [DEBUG] action type and count for op 0: add 187499904.0
 [DEBUG] action type and count for op 1: mul 187499904.0
 [DEBUG] action type and count for op 0: add 187499904.0
 [DEBUG] action type and count for op 1: mul 187499904.0
 [DEBUG] action type and count for op 0: add 187499904.0
 [DEBUG] action type and count for op 1: mul 187499904.0
 [DEBUG] action type and count for op 0: add 187499904.0
 [DEBUG] action type and count for op 1: mul 187499904.0
 [DEBUG] action type and count for op 0: add 187499904.0
 [DEBUG] action type and count for op 1: mul 187499904.0
 [DEBUG] action type and count for op 0: add 187499904.0
 [DEBUG] action type and count for op 1: mul 187499904.0
 [DEBUG] action type and count for op 0: add 187499904.0
 [DEBUG] action type and count for op 1: mul 187499904.0
 [DEBUG] action type and count for op 0: add 187499904.0
 [DEBUG] action type and count for op 1: mul 187499904.0
 [DEBUG] action type and count for op 0: add 187499904.0
 [DEBUG] action type and count for op 1: mul 187499904.0
 [DEBUG] action type and count for op 0: add 187499904.0
 [DEBUG] action type and count for op 1: mul 187499904.0
 [DEBUG] action type and count for op 0: add 187499904.0
 [DEBUG] action type and count for op 1: mul 187499904.0
 [DEBUG] action type and count for op 0: add 187499904.0
 [DEBUG] action type and count for op 1: mul 187499904.0
 [DEBUG] action type and count for op 0: add 187499904.0
 [DEBUG] action type and count for op 1: mul 187499904.0
 [DEBUG] action type and count for op 0: add 187499904.0
 [DEBUG] action type and count for op 1: mul 187499904.0
 [DEBUG] action type and count for op 0: add 187499904.0
 [DEBUG] action type and count for op 1: mul 187499904.0
 [DEBUG] action type and count for op 0: add 187499904.0
 [DEBUG] action type and count for op 1: mul 187499904.0
 [DEBUG] action type and count for op 0: add 187499904.0
 [DEBUG] action type and count for op 1: mul 187499904.0
 [DEBUG] action type and count for op 0: add 187499904.0
 [DEBUG] action type and count for op 1: mul 187499904.0
 [DEBUG] action type and count for op 0: add 187499904.0
 [DEBUG] action type and count for op 1: mul 187499904.0
 [DEBUG] action type and count for op 0: add 187499904.0
 [DEBUG] action type and count for op 1: mul 187499904.0
 [DEBUG] action type and count for op 0: add 187499904.0
 [DEBUG] action type and count for op 1: mul 187499904.0
 [DEBUG] action type and count for op 0: add 187499904.0
 [DEBUG] action type and count for op 1: mul 187499904.0
 [DEBUG] action type and count for op 0: add 187499904.0
 [DEBUG] action type and count for op 1: mul 187499904.0
 [DEBUG] action type and count for op 0: add 187499904.0
 [DEBUG] action type and count for op 1: mul 187499904.0
 [DEBUG] action type and count for op 0: add 187499904.0
 [DEBUG] action type and count for op 1: mul 187499904.0
 [DEBUG] action type and count for op 0: add 187499904.0
 [DEBUG] action type and count for op 1: mul 187499904.0
 [DEBUG] action type and count for op 0: add 187499904.0
 [DEBUG] action type and count for op 1: mul 187499904.0
 [DEBUG] action type and count for op 0: add 187499904.0
 [DEBUG] action type and count for op 1: mul 187499904.0
 [DEBUG] action type and count for op 0: add 187499904.0
 [DEBUG] action type and count for op 1: mul 187499904.0
 [DEBUG] action type and count for op 0: add 187499904.0
 [DEBUG] action type and count for op 1: mul 187499904.0
 [DEBUG] action type and count for op 0: add 187499904.0
 [DEBUG] action type and count for op 1: mul 187499904.0
 [DEBUG] action type and count for op 0: add 187499904.0
 [DEBUG] action type and count for op 1: mul 187499904.0
 [DEBUG] action type and count for op 0: add 187499904.0
 [DEBUG] action type and count for op 1: mul 187499904.0
 [DEBUG] action type and count for op 0: add 187499904.0
 [DEBUG] action type and count for op 1: mul 187499904.0
 [DEBUG] action type and count for op 0: add 187499904.0
 [DEBUG] action type and count for op 1: mul 187499904.0
 [DEBUG] action type and count for op 0: add 187499904.0
 [DEBUG] action type and count for op 1: mul 187499904.0
 [DEBUG] action type and count for op 0: add 187499904.0
 [DEBUG] action type and count for op 1: mul 187499904.0
 [DEBUG] action type and count for op 0: add 187499904.0
 [DEBUG] action type and count for op 1: mul 187499904.0
 [DEBUG] action type and count for op 0: add 187499904.0
 [DEBUG] action type and count for op 1: mul 187499904.0
 [DEBUG] action type and count for op 0: add 187499904.0
 [DEBUG] action type and count for op 1: mul 187499904.0
 [DEBUG] action type and count for op 0: add 187499904.0
 [DEBUG] action type and count for op 1: mul 187499904.0
 [DEBUG] action type and count for op 0: add 187499904.0
 [DEBUG] action type and count for op 1: mul 187499904.0
 [DEBUG] action type and count for op 0: add 187499904.0
 [DEBUG] action type and count for op 1: mul 187499904.0
 [DEBUG] action type and count for op 0: add 187499904.0
 [DEBUG] action type and count for op 1: mul 187499904.0
 [DEBUG] action type and count for op 0: add 187499904.0
 [DEBUG] action type and count for op 1: mul 187499904.0
 [DEBUG] action type and count for op 0: add 187499904.0
 [DEBUG] action type and count for op 1: mul 187499904.0
 [DEBUG] action type and count for op 0: add 187499904.0
 [DEBUG] action type and count for op 1: mul 187499904.0
 [DEBUG] action type and count for op 0: add 187499904.0
 [DEBUG] action type and count for op 1: mul 187499904.0
 [DEBUG] action type and count for op 0: add 187499904.0
 [DEBUG] action type and count for op 1: mul 187499904.0
 [DEBUG] action type and count for op 0: add 187499904.0
 [DEBUG] action type and count for op 1: mul 187499904.0
 [DEBUG] action type and count for op 0: add 187499904.0
 [DEBUG] action type and count for op 1: mul 187499904.0
 [DEBUG] action type and count for op 0: add 187499904.0
 [DEBUG] action type and count for op 1: mul 187499904.0
 [DEBUG] action type and count for op 0: add 187499904.0
 [DEBUG] action type and count for op 1: mul 187499904.0
 [DEBUG] action type and count for op 0: add 187499904.0
 [DEBUG] action type and count for op 1: mul 187499904.0
 [DEBUG] action type and count for op 0: add 187499904.0
 [DEBUG] action type and count for op 1: mul 187499904.0
 [DEBUG] action type and count for op 0: add 187499904.0
 [DEBUG] action type and count for op 1: mul 187499904.0
 [DEBUG] action type and count for op 0: add 187499904.0
 [DEBUG] action type and count for op 1: mul 187499904.0
 [DEBUG] action type and count for op 0: add 187499904.0
 [DEBUG] action type and count for op 1: mul 187499904.0
 [DEBUG] action type and count for op 0: add 187499904.0
 [DEBUG] action type and count for op 1: mul 187499904.0
 [DEBUG] action type and count for op 0: add 187499904.0
 [DEBUG] action type and count for op 1: mul 187499904.0
 [DEBUG] action type and count for op 0: add 187499904.0
 [DEBUG] action type and count for op 1: mul 187499904.0
 [DEBUG] action type and count for op 0: add 187499904.0
 [DEBUG] action type and count for op 1: mul 187499904.0
 [DEBUG] action type and count for op 0: add 187499904.0
 [DEBUG] action type and count for op 1: mul 187499904.0
 [DEBUG] action type and count for op 0: add 187499904.0
 [DEBUG] action type and count for op 1: mul 187499904.0
 [DEBUG] action type and count for op 0: add 187499904.0
 [DEBUG] action type and count for op 1: mul 187499904.0
 [DEBUG] action type and count for op 0: add 187499904.0
 [DEBUG] action type and count for op 1: mul 187499904.0
 [DEBUG] action type and count for op 0: add 187499904.0
 [DEBUG] action type and count for op 1: mul 187499904.0
 [DEBUG] action type and count for op 0: add 187499904.0
 [DEBUG] action type and count for op 1: mul 187499904.0
 [DEBUG] action type and count for op 0: add 187499904.0
 [DEBUG] action type and count for op 1: mul 187499904.0
 [DEBUG] action type and count for op 0: add 187499904.0
 [DEBUG] action type and count for op 1: mul 187499904.0
 [DEBUG] action type and count for op 0: add 187499904.0
 [DEBUG] action type and count for op 1: mul 187499904.0
 [DEBUG] action type and count for op 0: add 187499904.0
 [DEBUG] action type and count for op 1: mul 187499904.0
 [DEBUG] action type and count for op 0: add 187499904.0
 [DEBUG] action type and count for op 1: mul 187499904.0
 [DEBUG] action type and count for op 0: add 187499904.0
 [DEBUG] action type and count for op 1: mul 187499904.0
 [DEBUG] action type and count for op 0: add 187499904.0
 [DEBUG] action type and count for op 1: mul 187499904.0
 [DEBUG] action type and count for op 0: add 187499904.0
 [DEBUG] action type and count for op 1: mul 187499904.0
 [DEBUG] action type and count for op 0: add 187499904.0
 [DEBUG] action type and count for op 1: mul 187499904.0
 [DEBUG] action type and count for op 0: add 187499904.0
 [DEBUG] action type and count for op 1: mul 187499904.0
 [DEBUG] action type and count for op 0: add 187499904.0
 [DEBUG] action type and count for op 1: mul 187499904.0
 [DEBUG] action type and count for op 0: add 187499904.0
 [DEBUG] action type and count for op 1: mul 187499904.0
 [DEBUG] action type and count for op 0: add 187499904.0
 [DEBUG] action type and count for op 1: mul 187499904.0
 [DEBUG] action type and count for op 0: add 187499904.0
 [DEBUG] action type and count for op 1: mul 187499904.0
 [DEBUG] action type and count for op 0: add 187499904.0
 [DEBUG] action type and count for op 1: mul 187499904.0
 [DEBUG] action type and count for op 0: add 187499904.0
 [DEBUG] action type and count for op 1: mul 187499904.0
 [DEBUG] action type and count for op 0: add 187499904.0
 [DEBUG] action type and count for op 1: mul 187499904.0
 [DEBUG] action type and count for op 0: add 187499904.0
 [DEBUG] action type and count for op 1: mul 187499904.0
 [DEBUG] action type and count for op 0: add 187499904.0
 [DEBUG] action type and count for op 1: mul 187499904.0
 [DEBUG] action type and count for op 0: add 187499904.0
 [DEBUG] action type and count for op 1: mul 187499904.0

╔════════════════════════════════════════════════════════════════════════════════════════════════════╗
║▒▒▒▒▒▒▒▒▒▒▒▒▒▒▒▒▒▒▒▒▒▒▒▒▒▒▒▒▒▒▒▒▒▒▒《 Energy Estimation Results 》▒▒▒▒▒▒▒▒▒▒▒▒▒▒▒▒▒▒▒▒▒▒▒▒▒▒▒▒▒▒▒▒▒▒▒║
╚════════════════════════════════════════════════════════════════════════════════════════════════════╝

╔════════════════════════════════════════════════════════════════════════════════════════════════════╗
║▒▒▒▒▒▒▒▒▒▒▒▒▒▒▒▒▒▒▒▒▒▒▒▒▒▒▒▒▒▒▒▒▒▒▒《 Energy Estimation Results 》▒▒▒▒▒▒▒▒▒▒▒▒▒▒▒▒▒▒▒▒▒▒▒▒▒▒▒▒▒▒▒▒▒▒▒║
╠════════════════════════════════════════════════════════════════════════════════════════════════════╣
║ Total Energy: 1362162411208.479 pJ                                                                 ║
║ Off-chip Memory Energy: 1280200801600.000 pJ (93.98%)                                              ║
║ On-chip Memory Energy: 30399135828.480 pJ (2.23%)                                                  ║
║ Operations Energy:                                                                                 ║
║   - Operation 0: 8437495680.000 pJ (0.62%)                                                         ║
║   - Operation 1: 34687482240.000 pJ (2.55%)                                                        ║
║   - Operation 2: 8371577880.000 pJ (0.61%)                                                         ║
║   - Operation 3: 65917980.000 pJ (0.00%)                                                           ║
║                                                                                                    ║
║ Per-Batch Energy:                                                                                  ║
║   - Batch 0:                                                                                       ║
║     Total Energy: 7098149655.300 pJ                                                                ║
║     Off-chip Memory Energy: 6714808800.000 pJ                                                      ║
║     On-chip Memory Energy: 125528486.400 pJ                                                        ║
║     Operations Energy:                                                                             ║
║       - Operation 0: 42187478.400 pJ                                                               ║
║       - Operation 1: 173437411.200 pJ                                                              ║
║       - Operation 2: 41857889.400 pJ                                                               ║
║       - Operation 3: 329589.900 pJ                                                                 ║
║   - Batch 1:                                                                                       ║
║     Total Energy: 4446954498.820 pJ                                                                ║
║     Off-chip Memory Energy: 3819407200.000 pJ                                                      ║
║     On-chip Memory Energy: 369734929.920 pJ                                                        ║
║     Operations Energy:                                                                             ║
║       - Operation 0: 42187478.400 pJ                                                               ║
║       - Operation 1: 173437411.200 pJ                                                              ║
║       - Operation 2: 41857889.400 pJ                                                               ║
║       - Operation 3: 329589.900 pJ                                                                 ║
║   - Batch 2:                                                                                       ║
║     Total Energy: 8460933168.900 pJ                                                                ║
║     Off-chip Memory Energy: 8203120800.000 pJ                                                      ║
║     On-chip Memory Energy: 0.000 pJ                                                                ║
║     Operations Energy:                                                                             ║
║       - Operation 0: 42187478.400 pJ                                                               ║
║       - Operation 1: 173437411.200 pJ                                                              ║
║       - Operation 2: 41857889.400 pJ                                                               ║
║       - Operation 3: 329589.900 pJ                                                                 ║
║   - Batch 3:                                                                                       ║
║     Total Energy: 8460933168.900 pJ                                                                ║
║     Off-chip Memory Energy: 8203120800.000 pJ                                                      ║
║     On-chip Memory Energy: 0.000 pJ                                                                ║
║     Operations Energy:                                                                             ║
║       - Operation 0: 42187478.400 pJ                                                               ║
║       - Operation 1: 173437411.200 pJ                                                              ║
║       - Operation 2: 41857889.400 pJ                                                               ║
║       - Operation 3: 329589.900 pJ                                                                 ║
║   - Batch 4:                                                                                       ║
║     Total Energy: 8460933168.900 pJ                                                                ║
║     Off-chip Memory Energy: 8203120800.000 pJ                                                      ║
║     On-chip Memory Energy: 0.000 pJ                                                                ║
║     Operations Energy:                                                                             ║
║       - Operation 0: 42187478.400 pJ                                                               ║
║       - Operation 1: 173437411.200 pJ                                                              ║
║       - Operation 2: 41857889.400 pJ                                                               ║
║       - Operation 3: 329589.900 pJ                                                                 ║
║   - Batch 5:                                                                                       ║
║     Total Energy: 4119331640.580 pJ                                                                ║
║     Off-chip Memory Energy: 3461606400.000 pJ                                                      ║
║     On-chip Memory Energy: 399912871.680 pJ                                                        ║
║     Operations Energy:                                                                             ║
║       - Operation 0: 42187478.400 pJ                                                               ║
║       - Operation 1: 173437411.200 pJ                                                              ║
║       - Operation 2: 41857889.400 pJ                                                               ║
║       - Operation 3: 329589.900 pJ                                                                 ║
║   - Batch 6:                                                                                       ║
║     Total Energy: 7425772513.540 pJ                                                                ║
║     Off-chip Memory Energy: 7072609600.000 pJ                                                      ║
║     On-chip Memory Energy: 95350544.640 pJ                                                         ║
║     Operations Energy:                                                                             ║
║       - Operation 0: 42187478.400 pJ                                                               ║
║       - Operation 1: 173437411.200 pJ                                                              ║
║       - Operation 2: 41857889.400 pJ                                                               ║
║       - Operation 3: 329589.900 pJ                                                                 ║
║   - Batch 7:                                                                                       ║
║     Total Energy: 8460933168.900 pJ                                                                ║
║     Off-chip Memory Energy: 8203120800.000 pJ                                                      ║
║     On-chip Memory Energy: 0.000 pJ                                                                ║
║     Operations Energy:                                                                             ║
║       - Operation 0: 42187478.400 pJ                                                               ║
║       - Operation 1: 173437411.200 pJ                                                              ║
║       - Operation 2: 41857889.400 pJ                                                               ║
║       - Operation 3: 329589.900 pJ                                                                 ║
║   - Batch 8:                                                                                       ║
║     Total Energy: 8460933168.900 pJ                                                                ║
║     Off-chip Memory Energy: 8203120800.000 pJ                                                      ║
║     On-chip Memory Energy: 0.000 pJ                                                                ║
║     Operations Energy:                                                                             ║
║       - Operation 0: 42187478.400 pJ                                                               ║
║       - Operation 1: 173437411.200 pJ                                                              ║
║       - Operation 2: 41857889.400 pJ                                                               ║
║       - Operation 3: 329589.900 pJ                                                                 ║
║   - Batch 9:                                                                                       ║
║     Total Energy: 3810809390.340 pJ                                                                ║
║     Off-chip Memory Energy: 3124665600.000 pJ                                                      ║
║     On-chip Memory Energy: 428331421.440 pJ                                                        ║
║     Operations Energy:                                                                             ║
║       - Operation 0: 42187478.400 pJ                                                               ║
║       - Operation 1: 173437411.200 pJ                                                              ║
║       - Operation 2: 41857889.400 pJ                                                               ║
║       - Operation 3: 329589.900 pJ                                                                 ║
║   - Batch 10:                                                                                      ║
║     Total Energy: 7613691730.180 pJ                                                                ║
║     Off-chip Memory Energy: 7277838400.000 pJ                                                      ║
║     On-chip Memory Energy: 78040961.280 pJ                                                         ║
║     Operations Energy:                                                                             ║
║       - Operation 0: 42187478.400 pJ                                                               ║
║       - Operation 1: 173437411.200 pJ                                                              ║
║       - Operation 2: 41857889.400 pJ                                                               ║
║       - Operation 3: 329589.900 pJ                                                                 ║
║   - Batch 11:                                                                                      ║
║     Total Energy: 3204774018.820 pJ                                                                ║
║     Off-chip Memory Energy: 2462807200.000 pJ                                                      ║
║     On-chip Memory Energy: 484154449.920 pJ                                                        ║
║     Operations Energy:                                                                             ║
║       - Operation 0: 42187478.400 pJ                                                               ║
║       - Operation 1: 173437411.200 pJ                                                              ║
║       - Operation 2: 41857889.400 pJ                                                               ║
║       - Operation 3: 329589.900 pJ                                                                 ║
║   - Batch 12:                                                                                      ║
║     Total Energy: 8460933168.900 pJ                                                                ║
║     Off-chip Memory Energy: 8203120800.000 pJ                                                      ║
║     On-chip Memory Energy: 0.000 pJ                                                                ║
║     Operations Energy:                                                                             ║
║       - Operation 0: 42187478.400 pJ                                                               ║
║       - Operation 1: 173437411.200 pJ                                                              ║
║       - Operation 2: 41857889.400 pJ                                                               ║
║       - Operation 3: 329589.900 pJ                                                                 ║
║   - Batch 13:                                                                                      ║
║     Total Energy: 8460933168.900 pJ                                                                ║
║     Off-chip Memory Energy: 8203120800.000 pJ                                                      ║
║     On-chip Memory Energy: 0.000 pJ                                                                ║
║     Operations Energy:                                                                             ║
║       - Operation 0: 42187478.400 pJ                                                               ║
║       - Operation 1: 173437411.200 pJ                                                              ║
║       - Operation 2: 41857889.400 pJ                                                               ║
║       - Operation 3: 329589.900 pJ                                                                 ║
║   - Batch 14:                                                                                      ║
║     Total Energy: 8460933168.900 pJ                                                                ║
║     Off-chip Memory Energy: 8203120800.000 pJ                                                      ║
║     On-chip Memory Energy: 0.000 pJ                                                                ║
║     Operations Energy:                                                                             ║
║       - Operation 0: 42187478.400 pJ                                                               ║
║       - Operation 1: 173437411.200 pJ                                                              ║
║       - Operation 2: 41857889.400 pJ                                                               ║
║       - Operation 3: 329589.900 pJ                                                                 ║
║   - Batch 15:                                                                                      ║
║     Total Energy: 8460933168.900 pJ                                                                ║
║     Off-chip Memory Energy: 8203120800.000 pJ                                                      ║
║     On-chip Memory Energy: 0.000 pJ                                                                ║
║     Operations Energy:                                                                             ║
║       - Operation 0: 42187478.400 pJ                                                               ║
║       - Operation 1: 173437411.200 pJ                                                              ║
║       - Operation 2: 41857889.400 pJ                                                               ║
║       - Operation 3: 329589.900 pJ                                                                 ║
║   - Batch 16:                                                                                      ║
║     Total Energy: 8460933168.900 pJ                                                                ║
║     Off-chip Memory Energy: 8203120800.000 pJ                                                      ║
║     On-chip Memory Energy: 0.000 pJ                                                                ║
║     Operations Energy:                                                                             ║
║       - Operation 0: 42187478.400 pJ                                                               ║
║       - Operation 1: 173437411.200 pJ                                                              ║
║       - Operation 2: 41857889.400 pJ                                                               ║
║       - Operation 3: 329589.900 pJ                                                                 ║
║   - Batch 17:                                                                                      ║
║     Total Energy: 4791616637.700 pJ                                                                ║
║     Off-chip Memory Energy: 4195816800.000 pJ                                                      ║
║     On-chip Memory Energy: 337987468.800 pJ                                                        ║
║     Operations Energy:                                                                             ║
║       - Operation 0: 42187478.400 pJ                                                               ║
║       - Operation 1: 173437411.200 pJ                                                              ║
║       - Operation 2: 41857889.400 pJ                                                               ║
║       - Operation 3: 329589.900 pJ                                                                 ║
║   - Batch 18:                                                                                      ║
║     Total Energy: 6753487516.420 pJ                                                                ║
║     Off-chip Memory Energy: 6338399200.000 pJ                                                      ║
║     On-chip Memory Energy: 157275947.520 pJ                                                        ║
║     Operations Energy:                                                                             ║
║       - Operation 0: 42187478.400 pJ                                                               ║
║       - Operation 1: 173437411.200 pJ                                                              ║
║       - Operation 2: 41857889.400 pJ                                                               ║
║       - Operation 3: 329589.900 pJ                                                                 ║
║   - Batch 19:                                                                                      ║
║     Total Energy: 8460933168.900 pJ                                                                ║
║     Off-chip Memory Energy: 8203120800.000 pJ                                                      ║
║     On-chip Memory Energy: 0.000 pJ                                                                ║
║     Operations Energy:                                                                             ║
║       - Operation 0: 42187478.400 pJ                                                               ║
║       - Operation 1: 173437411.200 pJ                                                              ║
║       - Operation 2: 41857889.400 pJ                                                               ║
║       - Operation 3: 329589.900 pJ                                                                 ║
║   - Batch 20:                                                                                      ║
║     Total Energy: 8460933168.900 pJ                                                                ║
║     Off-chip Memory Energy: 8203120800.000 pJ                                                      ║
║     On-chip Memory Energy: 0.000 pJ                                                                ║
║     Operations Energy:                                                                             ║
║       - Operation 0: 42187478.400 pJ                                                               ║
║       - Operation 1: 173437411.200 pJ                                                              ║
║       - Operation 2: 41857889.400 pJ                                                               ║
║       - Operation 3: 329589.900 pJ                                                                 ║
║   - Batch 21:                                                                                      ║
║     Total Energy: 4709035351.300 pJ                                                                ║
║     Off-chip Memory Energy: 4105628800.000 pJ                                                      ║
║     On-chip Memory Energy: 345594182.400 pJ                                                        ║
║     Operations Energy:                                                                             ║
║       - Operation 0: 42187478.400 pJ                                                               ║
║       - Operation 1: 173437411.200 pJ                                                              ║
║       - Operation 2: 41857889.400 pJ                                                               ║
║       - Operation 3: 329589.900 pJ                                                                 ║
║   - Batch 22:                                                                                      ║
║     Total Energy: 7108533207.300 pJ                                                                ║
║     Off-chip Memory Energy: 6726148800.000 pJ                                                      ║
║     On-chip Memory Energy: 124572038.400 pJ                                                        ║
║     Operations Energy:                                                                             ║
║       - Operation 0: 42187478.400 pJ                                                               ║
║       - Operation 1: 173437411.200 pJ                                                              ║
║       - Operation 2: 41857889.400 pJ                                                               ║
║       - Operation 3: 329589.900 pJ                                                                 ║
║   - Batch 23:                                                                                      ║
║     Total Energy: 8460933168.900 pJ                                                                ║
║     Off-chip Memory Energy: 8203120800.000 pJ                                                      ║
║     On-chip Memory Energy: 0.000 pJ                                                                ║
║     Operations Energy:                                                                             ║
║       - Operation 0: 42187478.400 pJ                                                               ║
║       - Operation 1: 173437411.200 pJ                                                              ║
║       - Operation 2: 41857889.400 pJ                                                               ║
║       - Operation 3: 329589.900 pJ                                                                 ║
║   - Batch 24:                                                                                      ║
║     Total Energy: 3084170985.220 pJ                                                                ║
║     Off-chip Memory Energy: 2331095200.000 pJ                                                      ║
║     On-chip Memory Energy: 495263416.320 pJ                                                        ║
║     Operations Energy:                                                                             ║
║       - Operation 0: 42187478.400 pJ                                                               ║
║       - Operation 1: 173437411.200 pJ                                                              ║
║       - Operation 2: 41857889.400 pJ                                                               ║
║       - Operation 3: 329589.900 pJ                                                                 ║
║   - Batch 25:                                                                                      ║
║     Total Energy: 8460933168.900 pJ                                                                ║
║     Off-chip Memory Energy: 8203120800.000 pJ                                                      ║
║     On-chip Memory Energy: 0.000 pJ                                                                ║
║     Operations Energy:                                                                             ║
║       - Operation 0: 42187478.400 pJ                                                               ║
║       - Operation 1: 173437411.200 pJ                                                              ║
║       - Operation 2: 41857889.400 pJ                                                               ║
║       - Operation 3: 329589.900 pJ                                                                 ║
║   - Batch 26:                                                                                      ║
║     Total Energy: 8460933168.900 pJ                                                                ║
║     Off-chip Memory Energy: 8203120800.000 pJ                                                      ║
║     On-chip Memory Energy: 0.000 pJ                                                                ║
║     Operations Energy:                                                                             ║
║       - Operation 0: 42187478.400 pJ                                                               ║
║       - Operation 1: 173437411.200 pJ                                                              ║
║       - Operation 2: 41857889.400 pJ                                                               ║
║       - Operation 3: 329589.900 pJ                                                                 ║
║   - Batch 27:                                                                                      ║
║     Total Energy: 6541637417.220 pJ                                                                ║
║     Off-chip Memory Energy: 6107035200.000 pJ                                                      ║
║     On-chip Memory Energy: 176789848.320 pJ                                                        ║
║     Operations Energy:                                                                             ║
║       - Operation 0: 42187478.400 pJ                                                               ║
║       - Operation 1: 173437411.200 pJ                                                              ║
║       - Operation 2: 41857889.400 pJ                                                               ║
║       - Operation 3: 329589.900 pJ                                                                 ║
║   - Batch 28:                                                                                      ║
║     Total Energy: 5003466736.900 pJ                                                                ║
║     Off-chip Memory Energy: 4427180800.000 pJ                                                      ║
║     On-chip Memory Energy: 318473568.000 pJ                                                        ║
║     Operations Energy:                                                                             ║
║       - Operation 0: 42187478.400 pJ                                                               ║
║       - Operation 1: 173437411.200 pJ                                                              ║
║       - Operation 2: 41857889.400 pJ                                                               ║
║       - Operation 3: 329589.900 pJ                                                                 ║
║   - Batch 29:                                                                                      ║
║     Total Energy: 8460933168.900 pJ                                                                ║
║     Off-chip Memory Energy: 8203120800.000 pJ                                                      ║
║     On-chip Memory Energy: 0.000 pJ                                                                ║
║     Operations Energy:                                                                             ║
║       - Operation 0: 42187478.400 pJ                                                               ║
║       - Operation 1: 173437411.200 pJ                                                              ║
║       - Operation 2: 41857889.400 pJ                                                               ║
║       - Operation 3: 329589.900 pJ                                                                 ║
║   - Batch 30:                                                                                      ║
║     Total Energy: 5575997847.300 pJ                                                                ║
║     Off-chip Memory Energy: 5052448800.000 pJ                                                      ║
║     On-chip Memory Energy: 265736678.400 pJ                                                        ║
║     Operations Energy:                                                                             ║
║       - Operation 0: 42187478.400 pJ                                                               ║
║       - Operation 1: 173437411.200 pJ                                                              ║
║       - Operation 2: 41857889.400 pJ                                                               ║
║       - Operation 3: 329589.900 pJ                                                                 ║
║   - Batch 31:                                                                                      ║
║     Total Energy: 5969106306.820 pJ                                                                ║
║     Off-chip Memory Energy: 5481767200.000 pJ                                                      ║
║     On-chip Memory Energy: 229526737.920 pJ                                                        ║
║     Operations Energy:                                                                             ║
║       - Operation 0: 42187478.400 pJ                                                               ║
║       - Operation 1: 173437411.200 pJ                                                              ║
║       - Operation 2: 41857889.400 pJ                                                               ║
║       - Operation 3: 329589.900 pJ                                                                 ║
║   - Batch 32:                                                                                      ║
║     Total Energy: 3890724283.140 pJ                                                                ║
║     Off-chip Memory Energy: 3211941600.000 pJ                                                      ║
║     On-chip Memory Energy: 420970314.240 pJ                                                        ║
║     Operations Energy:                                                                             ║
║       - Operation 0: 42187478.400 pJ                                                               ║
║       - Operation 1: 173437411.200 pJ                                                              ║
║       - Operation 2: 41857889.400 pJ                                                               ║
║       - Operation 3: 329589.900 pJ                                                                 ║
║   - Batch 33:                                                                                      ║
║     Total Energy: 7654379870.980 pJ                                                                ║
║     Off-chip Memory Energy: 7322274400.000 pJ                                                      ║
║     On-chip Memory Energy: 74293102.080 pJ                                                         ║
║     Operations Energy:                                                                             ║
║       - Operation 0: 42187478.400 pJ                                                               ║
║       - Operation 1: 173437411.200 pJ                                                              ║
║       - Operation 2: 41857889.400 pJ                                                               ║
║       - Operation 3: 329589.900 pJ                                                                 ║
║   - Batch 34:                                                                                      ║
║     Total Energy: 8460933168.900 pJ                                                                ║
║     Off-chip Memory Energy: 8203120800.000 pJ                                                      ║
║     On-chip Memory Energy: 0.000 pJ                                                                ║
║     Operations Energy:                                                                             ║
║       - Operation 0: 42187478.400 pJ                                                               ║
║       - Operation 1: 173437411.200 pJ                                                              ║
║       - Operation 2: 41857889.400 pJ                                                               ║
║       - Operation 3: 329589.900 pJ                                                                 ║
║   - Batch 35:                                                                                      ║
║     Total Energy: 8460933168.900 pJ                                                                ║
║     Off-chip Memory Energy: 8203120800.000 pJ                                                      ║
║     On-chip Memory Energy: 0.000 pJ                                                                ║
║     Operations Energy:                                                                             ║
║       - Operation 0: 42187478.400 pJ                                                               ║
║       - Operation 1: 173437411.200 pJ                                                              ║
║       - Operation 2: 41857889.400 pJ                                                               ║
║       - Operation 3: 329589.900 pJ                                                                 ║
║   - Batch 36:                                                                                      ║
║     Total Energy: 8460933168.900 pJ                                                                ║
║     Off-chip Memory Energy: 8203120800.000 pJ                                                      ║
║     On-chip Memory Energy: 0.000 pJ                                                                ║
║     Operations Energy:                                                                             ║
║       - Operation 0: 42187478.400 pJ                                                               ║
║       - Operation 1: 173437411.200 pJ                                                              ║
║       - Operation 2: 41857889.400 pJ                                                               ║
║       - Operation 3: 329589.900 pJ                                                                 ║
║   - Batch 37:                                                                                      ║
║     Total Energy: 3573510615.300 pJ                                                                ║
║     Off-chip Memory Energy: 2865508800.000 pJ                                                      ║
║     On-chip Memory Energy: 450189446.400 pJ                                                        ║
║     Operations Energy:                                                                             ║
║       - Operation 0: 42187478.400 pJ                                                               ║
║       - Operation 1: 173437411.200 pJ                                                              ║
║       - Operation 2: 41857889.400 pJ                                                               ║
║       - Operation 3: 329589.900 pJ                                                                 ║
║   - Batch 38:                                                                                      ║
║     Total Energy: 7405713029.380 pJ                                                                ║
║     Off-chip Memory Energy: 7050702400.000 pJ                                                      ║
║     On-chip Memory Energy: 97198260.480 pJ                                                         ║
║     Operations Energy:                                                                             ║
║       - Operation 0: 42187478.400 pJ                                                               ║
║       - Operation 1: 173437411.200 pJ                                                              ║
║       - Operation 2: 41857889.400 pJ                                                               ║
║       - Operation 3: 329589.900 pJ                                                                 ║
║   - Batch 39:                                                                                      ║
║     Total Energy: 3650051494.660 pJ                                                                ║
║     Off-chip Memory Energy: 2949100000.000 pJ                                                      ║
║     On-chip Memory Energy: 443139125.760 pJ                                                        ║
║     Operations Energy:                                                                             ║
║       - Operation 0: 42187478.400 pJ                                                               ║
║       - Operation 1: 173437411.200 pJ                                                              ║
║       - Operation 2: 41857889.400 pJ                                                               ║
║       - Operation 3: 329589.900 pJ                                                                 ║
║   - Batch 40:                                                                                      ║
║     Total Energy: 5710860958.980 pJ                                                                ║
║     Off-chip Memory Energy: 5199734400.000 pJ                                                      ║
║     On-chip Memory Energy: 253314190.080 pJ                                                        ║
║     Operations Energy:                                                                             ║
║       - Operation 0: 42187478.400 pJ                                                               ║
║       - Operation 1: 173437411.200 pJ                                                              ║
║       - Operation 2: 41857889.400 pJ                                                               ║
║       - Operation 3: 329589.900 pJ                                                                 ║
║   - Batch 41:                                                                                      ║
║     Total Energy: 5834243195.140 pJ                                                                ║
║     Off-chip Memory Energy: 5334481600.000 pJ                                                      ║
║     On-chip Memory Energy: 241949226.240 pJ                                                        ║
║     Operations Energy:                                                                             ║
║       - Operation 0: 42187478.400 pJ                                                               ║
║       - Operation 1: 173437411.200 pJ                                                              ║
║       - Operation 2: 41857889.400 pJ                                                               ║
║       - Operation 3: 329589.900 pJ                                                                 ║
║   - Batch 42:                                                                                      ║
║     Total Energy: 3940503800.580 pJ                                                                ║
║     Off-chip Memory Energy: 3266306400.000 pJ                                                      ║
║     On-chip Memory Energy: 416385031.680 pJ                                                        ║
║     Operations Energy:                                                                             ║
║       - Operation 0: 42187478.400 pJ                                                               ║
║       - Operation 1: 173437411.200 pJ                                                              ║
║       - Operation 2: 41857889.400 pJ                                                               ║
║       - Operation 3: 329589.900 pJ                                                                 ║
║   - Batch 43:                                                                                      ║
║     Total Energy: 7604600353.540 pJ                                                                ║
║     Off-chip Memory Energy: 7267909600.000 pJ                                                      ║
║     On-chip Memory Energy: 78878384.640 pJ                                                         ║
║     Operations Energy:                                                                             ║
║       - Operation 0: 42187478.400 pJ                                                               ║
║       - Operation 1: 173437411.200 pJ                                                              ║
║       - Operation 2: 41857889.400 pJ                                                               ║
║       - Operation 3: 329589.900 pJ                                                                 ║
║   - Batch 44:                                                                                      ║
║     Total Energy: 3084170985.220 pJ                                                                ║
║     Off-chip Memory Energy: 2331095200.000 pJ                                                      ║
║     On-chip Memory Energy: 495263416.320 pJ                                                        ║
║     Operations Energy:                                                                             ║
║       - Operation 0: 42187478.400 pJ                                                               ║
║       - Operation 1: 173437411.200 pJ                                                              ║
║       - Operation 2: 41857889.400 pJ                                                               ║
║       - Operation 3: 329589.900 pJ                                                                 ║
║   - Batch 45:                                                                                      ║
║     Total Energy: 8460933168.900 pJ                                                                ║
║     Off-chip Memory Energy: 8203120800.000 pJ                                                      ║
║     On-chip Memory Energy: 0.000 pJ                                                                ║
║     Operations Energy:                                                                             ║
║       - Operation 0: 42187478.400 pJ                                                               ║
║       - Operation 1: 173437411.200 pJ                                                              ║
║       - Operation 2: 41857889.400 pJ                                                               ║
║       - Operation 3: 329589.900 pJ                                                                 ║
║   - Batch 46:                                                                                      ║
║     Total Energy: 8460933168.900 pJ                                                                ║
║     Off-chip Memory Energy: 8203120800.000 pJ                                                      ║
║     On-chip Memory Energy: 0.000 pJ                                                                ║
║     Operations Energy:                                                                             ║
║       - Operation 0: 42187478.400 pJ                                                               ║
║       - Operation 1: 173437411.200 pJ                                                              ║
║       - Operation 2: 41857889.400 pJ                                                               ║
║       - Operation 3: 329589.900 pJ                                                                 ║
║   - Batch 47:                                                                                      ║
║     Total Energy: 8460933168.900 pJ                                                                ║
║     Off-chip Memory Energy: 8203120800.000 pJ                                                      ║
║     On-chip Memory Energy: 0.000 pJ                                                                ║
║     Operations Energy:                                                                             ║
║       - Operation 0: 42187478.400 pJ                                                               ║
║       - Operation 1: 173437411.200 pJ                                                              ║
║       - Operation 2: 41857889.400 pJ                                                               ║
║       - Operation 3: 329589.900 pJ                                                                 ║
║   - Batch 48:                                                                                      ║
║     Total Energy: 8460933168.900 pJ                                                                ║
║     Off-chip Memory Energy: 8203120800.000 pJ                                                      ║
║     On-chip Memory Energy: 0.000 pJ                                                                ║
║     Operations Energy:                                                                             ║
║       - Operation 0: 42187478.400 pJ                                                               ║
║       - Operation 1: 173437411.200 pJ                                                              ║
║       - Operation 2: 41857889.400 pJ                                                               ║
║       - Operation 3: 329589.900 pJ                                                                 ║
║   - Batch 49:                                                                                      ║
║     Total Energy: 8460933168.900 pJ                                                                ║
║     Off-chip Memory Energy: 8203120800.000 pJ                                                      ║
║     On-chip Memory Energy: 0.000 pJ                                                                ║
║     Operations Energy:                                                                             ║
║       - Operation 0: 42187478.400 pJ                                                               ║
║       - Operation 1: 173437411.200 pJ                                                              ║
║       - Operation 2: 41857889.400 pJ                                                               ║
║       - Operation 3: 329589.900 pJ                                                                 ║
║   - Batch 50:                                                                                      ║
║     Total Energy: 6264404270.340 pJ                                                                ║
║     Off-chip Memory Energy: 5804265600.000 pJ                                                      ║
║     On-chip Memory Energy: 202326301.440 pJ                                                        ║
║     Operations Energy:                                                                             ║
║       - Operation 0: 42187478.400 pJ                                                               ║
║       - Operation 1: 173437411.200 pJ                                                              ║
║       - Operation 2: 41857889.400 pJ                                                               ║
║       - Operation 3: 329589.900 pJ                                                                 ║
║   - Batch 51:                                                                                      ║
║     Total Energy: 5280699883.780 pJ                                                                ║
║     Off-chip Memory Energy: 4729950400.000 pJ                                                      ║
║     On-chip Memory Energy: 292937114.880 pJ                                                        ║
║     Operations Energy:                                                                             ║
║       - Operation 0: 42187478.400 pJ                                                               ║
║       - Operation 1: 173437411.200 pJ                                                              ║
║       - Operation 2: 41857889.400 pJ                                                               ║
║       - Operation 3: 329589.900 pJ                                                                 ║
║   - Batch 52:                                                                                      ║
║     Total Energy: 4500523371.780 pJ                                                                ║
║     Off-chip Memory Energy: 3877910400.000 pJ                                                      ║
║     On-chip Memory Energy: 364800602.880 pJ                                                        ║
║     Operations Energy:                                                                             ║
║       - Operation 0: 42187478.400 pJ                                                               ║
║       - Operation 1: 173437411.200 pJ                                                              ║
║       - Operation 2: 41857889.400 pJ                                                               ║
║       - Operation 3: 329589.900 pJ                                                                 ║
║   - Batch 53:                                                                                      ║
║     Total Energy: 7044580782.340 pJ                                                                ║
║     Off-chip Memory Energy: 6656305600.000 pJ                                                      ║
║     On-chip Memory Energy: 130462813.440 pJ                                                        ║
║     Operations Energy:                                                                             ║
║       - Operation 0: 42187478.400 pJ                                                               ║
║       - Operation 1: 173437411.200 pJ                                                              ║
║       - Operation 2: 41857889.400 pJ                                                               ║
║       - Operation 3: 329589.900 pJ                                                                 ║
║   - Batch 54:                                                                                      ║
║     Total Energy: 8460933168.900 pJ                                                                ║
║     Off-chip Memory Energy: 8203120800.000 pJ                                                      ║
║     On-chip Memory Energy: 0.000 pJ                                                                ║
║     Operations Energy:                                                                             ║
║       - Operation 0: 42187478.400 pJ                                                               ║
║       - Operation 1: 173437411.200 pJ                                                              ║
║       - Operation 2: 41857889.400 pJ                                                               ║
║       - Operation 3: 329589.900 pJ                                                                 ║
║   - Batch 55:                                                                                      ║
║     Total Energy: 8460933168.900 pJ                                                                ║
║     Off-chip Memory Energy: 8203120800.000 pJ                                                      ║
║     On-chip Memory Energy: 0.000 pJ                                                                ║
║     Operations Energy:                                                                             ║
║       - Operation 0: 42187478.400 pJ                                                               ║
║       - Operation 1: 173437411.200 pJ                                                              ║
║       - Operation 2: 41857889.400 pJ                                                               ║
║       - Operation 3: 329589.900 pJ                                                                 ║
║   - Batch 56:                                                                                      ║
║     Total Energy: 8460933168.900 pJ                                                                ║
║     Off-chip Memory Energy: 8203120800.000 pJ                                                      ║
║     On-chip Memory Energy: 0.000 pJ                                                                ║
║     Operations Energy:                                                                             ║
║       - Operation 0: 42187478.400 pJ                                                               ║
║       - Operation 1: 173437411.200 pJ                                                              ║
║       - Operation 2: 41857889.400 pJ                                                               ║
║       - Operation 3: 329589.900 pJ                                                                 ║
║   - Batch 57:                                                                                      ║
║     Total Energy: 8460933168.900 pJ                                                                ║
║     Off-chip Memory Energy: 8203120800.000 pJ                                                      ║
║     On-chip Memory Energy: 0.000 pJ                                                                ║
║     Operations Energy:                                                                             ║
║       - Operation 0: 42187478.400 pJ                                                               ║
║       - Operation 1: 173437411.200 pJ                                                              ║
║       - Operation 2: 41857889.400 pJ                                                               ║
║       - Operation 3: 329589.900 pJ                                                                 ║
║   - Batch 58:                                                                                      ║
║     Total Energy: 8460933168.900 pJ                                                                ║
║     Off-chip Memory Energy: 8203120800.000 pJ                                                      ║
║     On-chip Memory Energy: 0.000 pJ                                                                ║
║     Operations Energy:                                                                             ║
║       - Operation 0: 42187478.400 pJ                                                               ║
║       - Operation 1: 173437411.200 pJ                                                              ║
║       - Operation 2: 41857889.400 pJ                                                               ║
║       - Operation 3: 329589.900 pJ                                                                 ║
║   - Batch 59:                                                                                      ║
║     Total Energy: 8460933168.900 pJ                                                                ║
║     Off-chip Memory Energy: 8203120800.000 pJ                                                      ║
║     On-chip Memory Energy: 0.000 pJ                                                                ║
║     Operations Energy:                                                                             ║
║       - Operation 0: 42187478.400 pJ                                                               ║
║       - Operation 1: 173437411.200 pJ                                                              ║
║       - Operation 2: 41857889.400 pJ                                                               ║
║       - Operation 3: 329589.900 pJ                                                                 ║
║   - Batch 60:                                                                                      ║
║     Total Energy: 8460933168.900 pJ                                                                ║
║     Off-chip Memory Energy: 8203120800.000 pJ                                                      ║
║     On-chip Memory Energy: 0.000 pJ                                                                ║
║     Operations Energy:                                                                             ║
║       - Operation 0: 42187478.400 pJ                                                               ║
║       - Operation 1: 173437411.200 pJ                                                              ║
║       - Operation 2: 41857889.400 pJ                                                               ║
║       - Operation 3: 329589.900 pJ                                                                 ║
║   - Batch 61:                                                                                      ║
║     Total Energy: 8460933168.900 pJ                                                                ║
║     Off-chip Memory Energy: 8203120800.000 pJ                                                      ║
║     On-chip Memory Energy: 0.000 pJ                                                                ║
║     Operations Energy:                                                                             ║
║       - Operation 0: 42187478.400 pJ                                                               ║
║       - Operation 1: 173437411.200 pJ                                                              ║
║       - Operation 2: 41857889.400 pJ                                                               ║
║       - Operation 3: 329589.900 pJ                                                                 ║
║   - Batch 62:                                                                                      ║
║     Total Energy: 4340093647.620 pJ                                                                ║
║     Off-chip Memory Energy: 3702703200.000 pJ                                                      ║
║     On-chip Memory Energy: 379578078.720 pJ                                                        ║
║     Operations Energy:                                                                             ║
║       - Operation 0: 42187478.400 pJ                                                               ║
║       - Operation 1: 173437411.200 pJ                                                              ║
║       - Operation 2: 41857889.400 pJ                                                               ║
║       - Operation 3: 329589.900 pJ                                                                 ║
║   - Batch 63:                                                                                      ║
║     Total Energy: 7205010506.500 pJ                                                                ║
║     Off-chip Memory Energy: 6831512800.000 pJ                                                      ║
║     On-chip Memory Energy: 115685337.600 pJ                                                        ║
║     Operations Energy:                                                                             ║
║       - Operation 0: 42187478.400 pJ                                                               ║
║       - Operation 1: 173437411.200 pJ                                                              ║
║       - Operation 2: 41857889.400 pJ                                                               ║
║       - Operation 3: 329589.900 pJ                                                                 ║
║   - Batch 64:                                                                                      ║
║     Total Energy: 8460933168.900 pJ                                                                ║
║     Off-chip Memory Energy: 8203120800.000 pJ                                                      ║
║     On-chip Memory Energy: 0.000 pJ                                                                ║
║     Operations Energy:                                                                             ║
║       - Operation 0: 42187478.400 pJ                                                               ║
║       - Operation 1: 173437411.200 pJ                                                              ║
║       - Operation 2: 41857889.400 pJ                                                               ║
║       - Operation 3: 329589.900 pJ                                                                 ║
║   - Batch 65:                                                                                      ║
║     Total Energy: 8460933168.900 pJ                                                                ║
║     Off-chip Memory Energy: 8203120800.000 pJ                                                      ║
║     On-chip Memory Energy: 0.000 pJ                                                                ║
║     Operations Energy:                                                                             ║
║       - Operation 0: 42187478.400 pJ                                                               ║
║       - Operation 1: 173437411.200 pJ                                                              ║
║       - Operation 2: 41857889.400 pJ                                                               ║
║       - Operation 3: 329589.900 pJ                                                                 ║
║   - Batch 66:                                                                                      ║
║     Total Energy: 3746385218.820 pJ                                                                ║
║     Off-chip Memory Energy: 3054307200.000 pJ                                                      ║
║     On-chip Memory Energy: 434265649.920 pJ                                                        ║
║     Operations Energy:                                                                             ║
║       - Operation 0: 42187478.400 pJ                                                               ║
║       - Operation 1: 173437411.200 pJ                                                              ║
║       - Operation 2: 41857889.400 pJ                                                               ║
║       - Operation 3: 329589.900 pJ                                                                 ║
║   - Batch 67:                                                                                      ║
║     Total Energy: 7798718935.300 pJ                                                                ║
║     Off-chip Memory Energy: 7479908800.000 pJ                                                      ║
║     On-chip Memory Energy: 60997766.400 pJ                                                         ║
║     Operations Energy:                                                                             ║
║       - Operation 0: 42187478.400 pJ                                                               ║
║       - Operation 1: 173437411.200 pJ                                                              ║
║       - Operation 2: 41857889.400 pJ                                                               ║
║       - Operation 3: 329589.900 pJ                                                                 ║
║   - Batch 68:                                                                                      ║
║     Total Energy: 8460933168.900 pJ                                                                ║
║     Off-chip Memory Energy: 8203120800.000 pJ                                                      ║
║     On-chip Memory Energy: 0.000 pJ                                                                ║
║     Operations Energy:                                                                             ║
║       - Operation 0: 42187478.400 pJ                                                               ║
║       - Operation 1: 173437411.200 pJ                                                              ║
║       - Operation 2: 41857889.400 pJ                                                               ║
║       - Operation 3: 329589.900 pJ                                                                 ║
║   - Batch 69:                                                                                      ║
║     Total Energy: 8460933168.900 pJ                                                                ║
║     Off-chip Memory Energy: 8203120800.000 pJ                                                      ║
║     On-chip Memory Energy: 0.000 pJ                                                                ║
║     Operations Energy:                                                                             ║
║       - Operation 0: 42187478.400 pJ                                                               ║
║       - Operation 1: 173437411.200 pJ                                                              ║
║       - Operation 2: 41857889.400 pJ                                                               ║
║       - Operation 3: 329589.900 pJ                                                                 ║
║   - Batch 70:                                                                                      ║
║     Total Energy: 8460933168.900 pJ                                                                ║
║     Off-chip Memory Energy: 8203120800.000 pJ                                                      ║
║     On-chip Memory Energy: 0.000 pJ                                                                ║
║     Operations Energy:                                                                             ║
║       - Operation 0: 42187478.400 pJ                                                               ║
║       - Operation 1: 173437411.200 pJ                                                              ║
║       - Operation 2: 41857889.400 pJ                                                               ║
║       - Operation 3: 329589.900 pJ                                                                 ║
║   - Batch 71:                                                                                      ║
║     Total Energy: 8460933168.900 pJ                                                                ║
║     Off-chip Memory Energy: 8203120800.000 pJ                                                      ║
║     On-chip Memory Energy: 0.000 pJ                                                                ║
║     Operations Energy:                                                                             ║
║       - Operation 0: 42187478.400 pJ                                                               ║
║       - Operation 1: 173437411.200 pJ                                                              ║
║       - Operation 2: 41857889.400 pJ                                                               ║
║       - Operation 3: 329589.900 pJ                                                                 ║
║   - Batch 72:                                                                                      ║
║     Total Energy: 3783796772.100 pJ                                                                ║
║     Off-chip Memory Energy: 3095164800.000 pJ                                                      ║
║     On-chip Memory Energy: 430819603.200 pJ                                                        ║
║     Operations Energy:                                                                             ║
║       - Operation 0: 42187478.400 pJ                                                               ║
║       - Operation 1: 173437411.200 pJ                                                              ║
║       - Operation 2: 41857889.400 pJ                                                               ║
║       - Operation 3: 329589.900 pJ                                                                 ║
║   - Batch 73:                                                                                      ║
║     Total Energy: 7761307382.020 pJ                                                                ║
║     Off-chip Memory Energy: 7439051200.000 pJ                                                      ║
║     On-chip Memory Energy: 64443813.120 pJ                                                         ║
║     Operations Energy:                                                                             ║
║       - Operation 0: 42187478.400 pJ                                                               ║
║       - Operation 1: 173437411.200 pJ                                                              ║
║       - Operation 2: 41857889.400 pJ                                                               ║
║       - Operation 3: 329589.900 pJ                                                                 ║
║   - Batch 74:                                                                                      ║
║     Total Energy: 8460933168.900 pJ                                                                ║
║     Off-chip Memory Energy: 8203120800.000 pJ                                                      ║
║     On-chip Memory Energy: 0.000 pJ                                                                ║
║     Operations Energy:                                                                             ║
║       - Operation 0: 42187478.400 pJ                                                               ║
║       - Operation 1: 173437411.200 pJ                                                              ║
║       - Operation 2: 41857889.400 pJ                                                               ║
║       - Operation 3: 329589.900 pJ                                                                 ║
║   - Batch 75:                                                                                      ║
║     Total Energy: 8460933168.900 pJ                                                                ║
║     Off-chip Memory Energy: 8203120800.000 pJ                                                      ║
║     On-chip Memory Energy: 0.000 pJ                                                                ║
║     Operations Energy:                                                                             ║
║       - Operation 0: 42187478.400 pJ                                                               ║
║       - Operation 1: 173437411.200 pJ                                                              ║
║       - Operation 2: 41857889.400 pJ                                                               ║
║       - Operation 3: 329589.900 pJ                                                                 ║
║   - Batch 76:                                                                                      ║
║     Total Energy: 8460933168.900 pJ                                                                ║
║     Off-chip Memory Energy: 8203120800.000 pJ                                                      ║
║     On-chip Memory Energy: 0.000 pJ                                                                ║
║     Operations Energy:                                                                             ║
║       - Operation 0: 42187478.400 pJ                                                               ║
║       - Operation 1: 173437411.200 pJ                                                              ║
║       - Operation 2: 41857889.400 pJ                                                               ║
║       - Operation 3: 329589.900 pJ                                                                 ║
║   - Batch 77:                                                                                      ║
║     Total Energy: 4189893645.060 pJ                                                                ║
║     Off-chip Memory Energy: 3538668000.000 pJ                                                      ║
║     On-chip Memory Energy: 393413276.160 pJ                                                        ║
║     Operations Energy:                                                                             ║
║       - Operation 0: 42187478.400 pJ                                                               ║
║       - Operation 1: 173437411.200 pJ                                                              ║
║       - Operation 2: 41857889.400 pJ                                                               ║
║       - Operation 3: 329589.900 pJ                                                                 ║
║   - Batch 78:                                                                                      ║
║     Total Energy: 7355210509.060 pJ                                                                ║
║     Off-chip Memory Energy: 6995548000.000 pJ                                                      ║
║     On-chip Memory Energy: 101850140.160 pJ                                                        ║
║     Operations Energy:                                                                             ║
║       - Operation 0: 42187478.400 pJ                                                               ║
║       - Operation 1: 173437411.200 pJ                                                              ║
║       - Operation 2: 41857889.400 pJ                                                               ║
║       - Operation 3: 329589.900 pJ                                                                 ║
║   - Batch 79:                                                                                      ║
║     Total Energy: 3084170985.220 pJ                                                                ║
║     Off-chip Memory Energy: 2331095200.000 pJ                                                      ║
║     On-chip Memory Energy: 495263416.320 pJ                                                        ║
║     Operations Energy:                                                                             ║
║       - Operation 0: 42187478.400 pJ                                                               ║
║       - Operation 1: 173437411.200 pJ                                                              ║
║       - Operation 2: 41857889.400 pJ                                                               ║
║       - Operation 3: 329589.900 pJ                                                                 ║
║   - Batch 80:                                                                                      ║
║     Total Energy: 8460933168.900 pJ                                                                ║
║     Off-chip Memory Energy: 8203120800.000 pJ                                                      ║
║     On-chip Memory Energy: 0.000 pJ                                                                ║
║     Operations Energy:                                                                             ║
║       - Operation 0: 42187478.400 pJ                                                               ║
║       - Operation 1: 173437411.200 pJ                                                              ║
║       - Operation 2: 41857889.400 pJ                                                               ║
║       - Operation 3: 329589.900 pJ                                                                 ║
║   - Batch 81:                                                                                      ║
║     Total Energy: 5964019648.260 pJ                                                                ║
║     Off-chip Memory Energy: 5476212000.000 pJ                                                      ║
║     On-chip Memory Energy: 229995279.360 pJ                                                        ║
║     Operations Energy:                                                                             ║
║       - Operation 0: 42187478.400 pJ                                                               ║
║       - Operation 1: 173437411.200 pJ                                                              ║
║       - Operation 2: 41857889.400 pJ                                                               ║
║       - Operation 3: 329589.900 pJ                                                                 ║
║   - Batch 82:                                                                                      ║
║     Total Energy: 5581084505.860 pJ                                                                ║
║     Off-chip Memory Energy: 5058004000.000 pJ                                                      ║
║     On-chip Memory Energy: 265268136.960 pJ                                                        ║
║     Operations Energy:                                                                             ║
║       - Operation 0: 42187478.400 pJ                                                               ║
║       - Operation 1: 173437411.200 pJ                                                              ║
║       - Operation 2: 41857889.400 pJ                                                               ║
║       - Operation 3: 329589.900 pJ                                                                 ║
║   - Batch 83:                                                                                      ║
║     Total Energy: 4199615726.340 pJ                                                                ║
║     Off-chip Memory Energy: 3549285600.000 pJ                                                      ║
║     On-chip Memory Energy: 392517757.440 pJ                                                        ║
║     Operations Energy:                                                                             ║
║       - Operation 0: 42187478.400 pJ                                                               ║
║       - Operation 1: 173437411.200 pJ                                                              ║
║       - Operation 2: 41857889.400 pJ                                                               ║
║       - Operation 3: 329589.900 pJ                                                                 ║
║   - Batch 84:                                                                                      ║
║     Total Energy: 7345488427.780 pJ                                                                ║
║     Off-chip Memory Energy: 6984930400.000 pJ                                                      ║
║     On-chip Memory Energy: 102745658.880 pJ                                                        ║
║     Operations Energy:                                                                             ║
║       - Operation 0: 42187478.400 pJ                                                               ║
║       - Operation 1: 173437411.200 pJ                                                              ║
║       - Operation 2: 41857889.400 pJ                                                               ║
║       - Operation 3: 329589.900 pJ                                                                 ║
║   - Batch 85:                                                                                      ║
║     Total Energy: 8460933168.900 pJ                                                                ║
║     Off-chip Memory Energy: 8203120800.000 pJ                                                      ║
║     On-chip Memory Energy: 0.000 pJ                                                                ║
║     Operations Energy:                                                                             ║
║       - Operation 0: 42187478.400 pJ                                                               ║
║       - Operation 1: 173437411.200 pJ                                                              ║
║       - Operation 2: 41857889.400 pJ                                                               ║
║       - Operation 3: 329589.900 pJ                                                                 ║
║   - Batch 86:                                                                                      ║
║     Total Energy: 8460933168.900 pJ                                                                ║
║     Off-chip Memory Energy: 8203120800.000 pJ                                                      ║
║     On-chip Memory Energy: 0.000 pJ                                                                ║
║     Operations Energy:                                                                             ║
║       - Operation 0: 42187478.400 pJ                                                               ║
║       - Operation 1: 173437411.200 pJ                                                              ║
║       - Operation 2: 41857889.400 pJ                                                               ║
║       - Operation 3: 329589.900 pJ                                                                 ║
║   - Batch 87:                                                                                      ║
║     Total Energy: 8460933168.900 pJ                                                                ║
║     Off-chip Memory Energy: 8203120800.000 pJ                                                      ║
║     On-chip Memory Energy: 0.000 pJ                                                                ║
║     Operations Energy:                                                                             ║
║       - Operation 0: 42187478.400 pJ                                                               ║
║       - Operation 1: 173437411.200 pJ                                                              ║
║       - Operation 2: 41857889.400 pJ                                                               ║
║       - Operation 3: 329589.900 pJ                                                                 ║
║   - Batch 88:                                                                                      ║
║     Total Energy: 3852897387.780 pJ                                                                ║
║     Off-chip Memory Energy: 3170630400.000 pJ                                                      ║
║     On-chip Memory Energy: 424454618.880 pJ                                                        ║
║     Operations Energy:                                                                             ║
║       - Operation 0: 42187478.400 pJ                                                               ║
║       - Operation 1: 173437411.200 pJ                                                              ║
║       - Operation 2: 41857889.400 pJ                                                               ║
║       - Operation 3: 329589.900 pJ                                                                 ║
║   - Batch 89:                                                                                      ║
║     Total Energy: 7692206766.340 pJ                                                                ║
║     Off-chip Memory Energy: 7363585600.000 pJ                                                      ║
║     On-chip Memory Energy: 70808797.440 pJ                                                         ║
║     Operations Energy:                                                                             ║
║       - Operation 0: 42187478.400 pJ                                                               ║
║       - Operation 1: 173437411.200 pJ                                                              ║
║       - Operation 2: 41857889.400 pJ                                                               ║
║       - Operation 3: 329589.900 pJ                                                                 ║
║   - Batch 90:                                                                                      ║
║     Total Energy: 8460933168.900 pJ                                                                ║
║     Off-chip Memory Energy: 8203120800.000 pJ                                                      ║
║     On-chip Memory Energy: 0.000 pJ                                                                ║
║     Operations Energy:                                                                             ║
║       - Operation 0: 42187478.400 pJ                                                               ║
║       - Operation 1: 173437411.200 pJ                                                              ║
║       - Operation 2: 41857889.400 pJ                                                               ║
║       - Operation 3: 329589.900 pJ                                                                 ║
║   - Batch 91:                                                                                      ║
║     Total Energy: 7509230633.220 pJ                                                                ║
║     Off-chip Memory Energy: 7163755200.000 pJ                                                      ║
║     On-chip Memory Energy: 87663064.320 pJ                                                         ║
║     Operations Energy:                                                                             ║
║       - Operation 0: 42187478.400 pJ                                                               ║
║       - Operation 1: 173437411.200 pJ                                                              ║
║       - Operation 2: 41857889.400 pJ                                                               ║
║       - Operation 3: 329589.900 pJ                                                                 ║
║   - Batch 92:                                                                                      ║
║     Total Energy: 4035873520.900 pJ                                                                ║
║     Off-chip Memory Energy: 3370460800.000 pJ                                                      ║
║     On-chip Memory Energy: 407600352.000 pJ                                                        ║
║     Operations Energy:                                                                             ║
║       - Operation 0: 42187478.400 pJ                                                               ║
║       - Operation 1: 173437411.200 pJ                                                              ║
║       - Operation 2: 41857889.400 pJ                                                               ║
║       - Operation 3: 329589.900 pJ                                                                 ║
║   - Batch 93:                                                                                      ║
║     Total Energy: 5477838669.060 pJ                                                                ║
║     Off-chip Memory Energy: 4945248000.000 pJ                                                      ║
║     On-chip Memory Energy: 274778300.160 pJ                                                        ║
║     Operations Energy:                                                                             ║
║       - Operation 0: 42187478.400 pJ                                                               ║
║       - Operation 1: 173437411.200 pJ                                                              ║
║       - Operation 2: 41857889.400 pJ                                                               ║
║       - Operation 3: 329589.900 pJ                                                                 ║
║   - Batch 94:                                                                                      ║
║     Total Energy: 6067265485.060 pJ                                                                ║
║     Off-chip Memory Energy: 5588968000.000 pJ                                                      ║
║     On-chip Memory Energy: 220485116.160 pJ                                                        ║
║     Operations Energy:                                                                             ║
║       - Operation 0: 42187478.400 pJ                                                               ║
║       - Operation 1: 173437411.200 pJ                                                              ║
║       - Operation 2: 41857889.400 pJ                                                               ║
║       - Operation 3: 329589.900 pJ                                                                 ║
║   - Batch 95:                                                                                      ║
║     Total Energy: 8460933168.900 pJ                                                                ║
║     Off-chip Memory Energy: 8203120800.000 pJ                                                      ║
║     On-chip Memory Energy: 0.000 pJ                                                                ║
║     Operations Energy:                                                                             ║
║       - Operation 0: 42187478.400 pJ                                                               ║
║       - Operation 1: 173437411.200 pJ                                                              ║
║       - Operation 2: 41857889.400 pJ                                                               ║
║       - Operation 3: 329589.900 pJ                                                                 ║
║   - Batch 96:                                                                                      ║
║     Total Energy: 8460933168.900 pJ                                                                ║
║     Off-chip Memory Energy: 8203120800.000 pJ                                                      ║
║     On-chip Memory Energy: 0.000 pJ                                                                ║
║     Operations Energy:                                                                             ║
║       - Operation 0: 42187478.400 pJ                                                               ║
║       - Operation 1: 173437411.200 pJ                                                              ║
║       - Operation 2: 41857889.400 pJ                                                               ║
║       - Operation 3: 329589.900 pJ                                                                 ║
║   - Batch 97:                                                                                      ║
║     Total Energy: 8425967518.980 pJ                                                                ║
║     Off-chip Memory Energy: 8164934400.000 pJ                                                      ║
║     On-chip Memory Energy: 3220750.080 pJ                                                          ║
║     Operations Energy:                                                                             ║
║       - Operation 0: 42187478.400 pJ                                                               ║
║       - Operation 1: 173437411.200 pJ                                                              ║
║       - Operation 2: 41857889.400 pJ                                                               ║
║       - Operation 3: 329589.900 pJ                                                                 ║
║   - Batch 98:                                                                                      ║
║     Total Energy: 3119136635.140 pJ                                                                ║
║     Off-chip Memory Energy: 2369281600.000 pJ                                                      ║
║     On-chip Memory Energy: 492042666.240 pJ                                                        ║
║     Operations Energy:                                                                             ║
║       - Operation 0: 42187478.400 pJ                                                               ║
║       - Operation 1: 173437411.200 pJ                                                              ║
║       - Operation 2: 41857889.400 pJ                                                               ║
║       - Operation 3: 329589.900 pJ                                                                 ║
║   - Batch 99:                                                                                      ║
║     Total Energy: 6146739397.380 pJ                                                                ║
║     Off-chip Memory Energy: 5675762400.000 pJ                                                      ║
║     On-chip Memory Energy: 213164628.480 pJ                                                        ║
║     Operations Energy:                                                                             ║
║       - Operation 0: 42187478.400 pJ                                                               ║
║       - Operation 1: 173437411.200 pJ                                                              ║
║       - Operation 2: 41857889.400 pJ                                                               ║
║       - Operation 3: 329589.900 pJ                                                                 ║
║   - Batch 100:                                                                                     ║
║     Total Energy: 3084170985.220 pJ                                                                ║
║     Off-chip Memory Energy: 2331095200.000 pJ                                                      ║
║     On-chip Memory Energy: 495263416.320 pJ                                                        ║
║     Operations Energy:                                                                             ║
║       - Operation 0: 42187478.400 pJ                                                               ║
║       - Operation 1: 173437411.200 pJ                                                              ║
║       - Operation 2: 41857889.400 pJ                                                               ║
║       - Operation 3: 329589.900 pJ                                                                 ║
║   - Batch 101:                                                                                     ║
║     Total Energy: 8460933168.900 pJ                                                                ║
║     Off-chip Memory Energy: 8203120800.000 pJ                                                      ║
║     On-chip Memory Energy: 0.000 pJ                                                                ║
║     Operations Energy:                                                                             ║
║       - Operation 0: 42187478.400 pJ                                                               ║
║       - Operation 1: 173437411.200 pJ                                                              ║
║       - Operation 2: 41857889.400 pJ                                                               ║
║       - Operation 3: 329589.900 pJ                                                                 ║
║   - Batch 102:                                                                                     ║
║     Total Energy: 8460933168.900 pJ                                                                ║
║     Off-chip Memory Energy: 8203120800.000 pJ                                                      ║
║     On-chip Memory Energy: 0.000 pJ                                                                ║
║     Operations Energy:                                                                             ║
║       - Operation 0: 42187478.400 pJ                                                               ║
║       - Operation 1: 173437411.200 pJ                                                              ║
║       - Operation 2: 41857889.400 pJ                                                               ║
║       - Operation 3: 329589.900 pJ                                                                 ║
║   - Batch 103:                                                                                     ║
║     Total Energy: 3491872822.020 pJ                                                                ║
║     Off-chip Memory Energy: 2776351200.000 pJ                                                      ║
║     On-chip Memory Energy: 457709253.120 pJ                                                        ║
║     Operations Energy:                                                                             ║
║       - Operation 0: 42187478.400 pJ                                                               ║
║       - Operation 1: 173437411.200 pJ                                                              ║
║       - Operation 2: 41857889.400 pJ                                                               ║
║       - Operation 3: 329589.900 pJ                                                                 ║
║   - Batch 104:                                                                                     ║
║     Total Energy: 8053231332.100 pJ                                                                ║
║     Off-chip Memory Energy: 7757864800.000 pJ                                                      ║
║     On-chip Memory Energy: 37554163.200 pJ                                                         ║
║     Operations Energy:                                                                             ║
║       - Operation 0: 42187478.400 pJ                                                               ║
║       - Operation 1: 173437411.200 pJ                                                              ║
║       - Operation 2: 41857889.400 pJ                                                               ║
║       - Operation 3: 329589.900 pJ                                                                 ║
║   - Batch 105:                                                                                     ║
║     Total Energy: 8460933168.900 pJ                                                                ║
║     Off-chip Memory Energy: 8203120800.000 pJ                                                      ║
║     On-chip Memory Energy: 0.000 pJ                                                                ║
║     Operations Energy:                                                                             ║
║       - Operation 0: 42187478.400 pJ                                                               ║
║       - Operation 1: 173437411.200 pJ                                                              ║
║       - Operation 2: 41857889.400 pJ                                                               ║
║       - Operation 3: 329589.900 pJ                                                                 ║
║   - Batch 106:                                                                                     ║
║     Total Energy: 8460933168.900 pJ                                                                ║
║     Off-chip Memory Energy: 8203120800.000 pJ                                                      ║
║     On-chip Memory Energy: 0.000 pJ                                                                ║
║     Operations Energy:                                                                             ║
║       - Operation 0: 42187478.400 pJ                                                               ║
║       - Operation 1: 173437411.200 pJ                                                              ║
║       - Operation 2: 41857889.400 pJ                                                               ║
║       - Operation 3: 329589.900 pJ                                                                 ║
║   - Batch 107:                                                                                     ║
║     Total Energy: 3084170985.220 pJ                                                                ║
║     Off-chip Memory Energy: 2331095200.000 pJ                                                      ║
║     On-chip Memory Energy: 495263416.320 pJ                                                        ║
║     Operations Energy:                                                                             ║
║       - Operation 0: 42187478.400 pJ                                                               ║
║       - Operation 1: 173437411.200 pJ                                                              ║
║       - Operation 2: 41857889.400 pJ                                                               ║
║       - Operation 3: 329589.900 pJ                                                                 ║
║   - Batch 108:                                                                                     ║
║     Total Energy: 8460933168.900 pJ                                                                ║
║     Off-chip Memory Energy: 8203120800.000 pJ                                                      ║
║     On-chip Memory Energy: 0.000 pJ                                                                ║
║     Operations Energy:                                                                             ║
║       - Operation 0: 42187478.400 pJ                                                               ║
║       - Operation 1: 173437411.200 pJ                                                              ║
║       - Operation 2: 41857889.400 pJ                                                               ║
║       - Operation 3: 329589.900 pJ                                                                 ║
║   - Batch 109:                                                                                     ║
║     Total Energy: 8460933168.900 pJ                                                                ║
║     Off-chip Memory Energy: 8203120800.000 pJ                                                      ║
║     On-chip Memory Energy: 0.000 pJ                                                                ║
║     Operations Energy:                                                                             ║
║       - Operation 0: 42187478.400 pJ                                                               ║
║       - Operation 1: 173437411.200 pJ                                                              ║
║       - Operation 2: 41857889.400 pJ                                                               ║
║       - Operation 3: 329589.900 pJ                                                                 ║
║   - Batch 110:                                                                                     ║
║     Total Energy: 8460933168.900 pJ                                                                ║
║     Off-chip Memory Energy: 8203120800.000 pJ                                                      ║
║     On-chip Memory Energy: 0.000 pJ                                                                ║
║     Operations Energy:                                                                             ║
║       - Operation 0: 42187478.400 pJ                                                               ║
║       - Operation 1: 173437411.200 pJ                                                              ║
║       - Operation 2: 41857889.400 pJ                                                               ║
║       - Operation 3: 329589.900 pJ                                                                 ║
║   - Batch 111:                                                                                     ║
║     Total Energy: 6789612022.020 pJ                                                                ║
║     Off-chip Memory Energy: 6377851200.000 pJ                                                      ║
║     On-chip Memory Energy: 153948453.120 pJ                                                        ║
║     Operations Energy:                                                                             ║
║       - Operation 0: 42187478.400 pJ                                                               ║
║       - Operation 1: 173437411.200 pJ                                                              ║
║       - Operation 2: 41857889.400 pJ                                                               ║
║       - Operation 3: 329589.900 pJ                                                                 ║
║   - Batch 112:                                                                                     ║
║     Total Energy: 4755492132.100 pJ                                                                ║
║     Off-chip Memory Energy: 4156364800.000 pJ                                                      ║
║     On-chip Memory Energy: 341314963.200 pJ                                                        ║
║     Operations Energy:                                                                             ║
║       - Operation 0: 42187478.400 pJ                                                               ║
║       - Operation 1: 173437411.200 pJ                                                              ║
║       - Operation 2: 41857889.400 pJ                                                               ║
║       - Operation 3: 329589.900 pJ                                                                 ║
║   - Batch 113:                                                                                     ║
║     Total Energy: 4510383900.420 pJ                                                                ║
║     Off-chip Memory Energy: 3888679200.000 pJ                                                      ║
║     On-chip Memory Energy: 363892331.520 pJ                                                        ║
║     Operations Energy:                                                                             ║
║       - Operation 0: 42187478.400 pJ                                                               ║
║       - Operation 1: 173437411.200 pJ                                                              ║
║       - Operation 2: 41857889.400 pJ                                                               ║
║       - Operation 3: 329589.900 pJ                                                                 ║
║   - Batch 114:                                                                                     ║
║     Total Energy: 7034720253.700 pJ                                                                ║
║     Off-chip Memory Energy: 6645536800.000 pJ                                                      ║
║     On-chip Memory Energy: 131371084.800 pJ                                                        ║
║     Operations Energy:                                                                             ║
║       - Operation 0: 42187478.400 pJ                                                               ║
║       - Operation 1: 173437411.200 pJ                                                              ║
║       - Operation 2: 41857889.400 pJ                                                               ║
║       - Operation 3: 329589.900 pJ                                                                 ║
║   - Batch 115:                                                                                     ║
║     Total Energy: 8460933168.900 pJ                                                                ║
║     Off-chip Memory Energy: 8203120800.000 pJ                                                      ║
║     On-chip Memory Energy: 0.000 pJ                                                                ║
║     Operations Energy:                                                                             ║
║       - Operation 0: 42187478.400 pJ                                                               ║
║       - Operation 1: 173437411.200 pJ                                                              ║
║       - Operation 2: 41857889.400 pJ                                                               ║
║       - Operation 3: 329589.900 pJ                                                                 ║
║   - Batch 116:                                                                                     ║
║     Total Energy: 8460933168.900 pJ                                                                ║
║     Off-chip Memory Energy: 8203120800.000 pJ                                                      ║
║     On-chip Memory Energy: 0.000 pJ                                                                ║
║     Operations Energy:                                                                             ║
║       - Operation 0: 42187478.400 pJ                                                               ║
║       - Operation 1: 173437411.200 pJ                                                              ║
║       - Operation 2: 41857889.400 pJ                                                               ║
║       - Operation 3: 329589.900 pJ                                                                 ║
║   - Batch 117:                                                                                     ║
║     Total Energy: 4996195686.660 pJ                                                                ║
║     Off-chip Memory Energy: 4419240000.000 pJ                                                      ║
║     On-chip Memory Energy: 319143317.760 pJ                                                        ║
║     Operations Energy:                                                                             ║
║       - Operation 0: 42187478.400 pJ                                                               ║
║       - Operation 1: 173437411.200 pJ                                                              ║
║       - Operation 2: 41857889.400 pJ                                                               ║
║       - Operation 3: 329589.900 pJ                                                                 ║
║   - Batch 118:                                                                                     ║
║     Total Energy: 6548908467.460 pJ                                                                ║
║     Off-chip Memory Energy: 6114976000.000 pJ                                                      ║
║     On-chip Memory Energy: 176120098.560 pJ                                                        ║
║     Operations Energy:                                                                             ║
║       - Operation 0: 42187478.400 pJ                                                               ║
║       - Operation 1: 173437411.200 pJ                                                              ║
║       - Operation 2: 41857889.400 pJ                                                               ║
║       - Operation 3: 329589.900 pJ                                                                 ║
║   - Batch 119:                                                                                     ║
║     Total Energy: 3084170985.220 pJ                                                                ║
║     Off-chip Memory Energy: 2331095200.000 pJ                                                      ║
║     On-chip Memory Energy: 495263416.320 pJ                                                        ║
║     Operations Energy:                                                                             ║
║       - Operation 0: 42187478.400 pJ                                                               ║
║       - Operation 1: 173437411.200 pJ                                                              ║
║       - Operation 2: 41857889.400 pJ                                                               ║
║       - Operation 3: 329589.900 pJ                                                                 ║
║   - Batch 120:                                                                                     ║
║     Total Energy: 7948985597.700 pJ                                                                ║
║     Off-chip Memory Energy: 7644016800.000 pJ                                                      ║
║     On-chip Memory Energy: 47156428.800 pJ                                                         ║
║     Operations Energy:                                                                             ║
║       - Operation 0: 42187478.400 pJ                                                               ║
║       - Operation 1: 173437411.200 pJ                                                              ║
║       - Operation 2: 41857889.400 pJ                                                               ║
║       - Operation 3: 329589.900 pJ                                                                 ║
║   - Batch 121:                                                                                     ║
║     Total Energy: 3596118556.420 pJ                                                                ║
║     Off-chip Memory Energy: 2890199200.000 pJ                                                      ║
║     On-chip Memory Energy: 448106987.520 pJ                                                        ║
║     Operations Energy:                                                                             ║
║       - Operation 0: 42187478.400 pJ                                                               ║
║       - Operation 1: 173437411.200 pJ                                                              ║
║       - Operation 2: 41857889.400 pJ                                                               ║
║       - Operation 3: 329589.900 pJ                                                                 ║
║   - Batch 122:                                                                                     ║
║     Total Energy: 8460933168.900 pJ                                                                ║
║     Off-chip Memory Energy: 8203120800.000 pJ                                                      ║
║     On-chip Memory Energy: 0.000 pJ                                                                ║
║     Operations Energy:                                                                             ║
║       - Operation 0: 42187478.400 pJ                                                               ║
║       - Operation 1: 173437411.200 pJ                                                              ║
║       - Operation 2: 41857889.400 pJ                                                               ║
║       - Operation 3: 329589.900 pJ                                                                 ║
║   - Batch 123:                                                                                     ║
║     Total Energy: 8460933168.900 pJ                                                                ║
║     Off-chip Memory Energy: 8203120800.000 pJ                                                      ║
║     On-chip Memory Energy: 0.000 pJ                                                                ║
║     Operations Energy:                                                                             ║
║       - Operation 0: 42187478.400 pJ                                                               ║
║       - Operation 1: 173437411.200 pJ                                                              ║
║       - Operation 2: 41857889.400 pJ                                                               ║
║       - Operation 3: 329589.900 pJ                                                                 ║
║   - Batch 124:                                                                                     ║
║     Total Energy: 8460933168.900 pJ                                                                ║
║     Off-chip Memory Energy: 8203120800.000 pJ                                                      ║
║     On-chip Memory Energy: 0.000 pJ                                                                ║
║     Operations Energy:                                                                             ║
║       - Operation 0: 42187478.400 pJ                                                               ║
║       - Operation 1: 173437411.200 pJ                                                              ║
║       - Operation 2: 41857889.400 pJ                                                               ║
║       - Operation 3: 329589.900 pJ                                                                 ║
║   - Batch 125:                                                                                     ║
║     Total Energy: 3531161106.180 pJ                                                                ║
║     Off-chip Memory Energy: 2819258400.000 pJ                                                      ║
║     On-chip Memory Energy: 454090337.280 pJ                                                        ║
║     Operations Energy:                                                                             ║
║       - Operation 0: 42187478.400 pJ                                                               ║
║       - Operation 1: 173437411.200 pJ                                                              ║
║       - Operation 2: 41857889.400 pJ                                                               ║
║       - Operation 3: 329589.900 pJ                                                                 ║
║   - Batch 126:                                                                                     ║
║     Total Energy: 8013943047.940 pJ                                                                ║
║     Off-chip Memory Energy: 7714957600.000 pJ                                                      ║
║     On-chip Memory Energy: 41173079.040 pJ                                                         ║
║     Operations Energy:                                                                             ║
║       - Operation 0: 42187478.400 pJ                                                               ║
║       - Operation 1: 173437411.200 pJ                                                              ║
║       - Operation 2: 41857889.400 pJ                                                               ║
║       - Operation 3: 329589.900 pJ                                                                 ║
║   - Batch 127:                                                                                     ║
║     Total Energy: 8460933168.900 pJ                                                                ║
║     Off-chip Memory Energy: 8203120800.000 pJ                                                      ║
║     On-chip Memory Energy: 0.000 pJ                                                                ║
║     Operations Energy:                                                                             ║
║       - Operation 0: 42187478.400 pJ                                                               ║
║       - Operation 1: 173437411.200 pJ                                                              ║
║       - Operation 2: 41857889.400 pJ                                                               ║
║       - Operation 3: 329589.900 pJ                                                                 ║
║   - Batch 128:                                                                                     ║
║     Total Energy: 3779412605.700 pJ                                                                ║
║     Off-chip Memory Energy: 3090376800.000 pJ                                                      ║
║     On-chip Memory Energy: 431223436.800 pJ                                                        ║
║     Operations Energy:                                                                             ║
║       - Operation 0: 42187478.400 pJ                                                               ║
║       - Operation 1: 173437411.200 pJ                                                              ║
║       - Operation 2: 41857889.400 pJ                                                               ║
║       - Operation 3: 329589.900 pJ                                                                 ║
║   - Batch 129:                                                                                     ║
║     Total Energy: 7765691548.420 pJ                                                                ║
║     Off-chip Memory Energy: 7443839200.000 pJ                                                      ║
║     On-chip Memory Energy: 64039979.520 pJ                                                         ║
║     Operations Energy:                                                                             ║
║       - Operation 0: 42187478.400 pJ                                                               ║
║       - Operation 1: 173437411.200 pJ                                                              ║
║       - Operation 2: 41857889.400 pJ                                                               ║
║       - Operation 3: 329589.900 pJ                                                                 ║
║   - Batch 130:                                                                                     ║
║     Total Energy: 8460933168.900 pJ                                                                ║
║     Off-chip Memory Energy: 8203120800.000 pJ                                                      ║
║     On-chip Memory Energy: 0.000 pJ                                                                ║
║     Operations Energy:                                                                             ║
║       - Operation 0: 42187478.400 pJ                                                               ║
║       - Operation 1: 173437411.200 pJ                                                              ║
║       - Operation 2: 41857889.400 pJ                                                               ║
║       - Operation 3: 329589.900 pJ                                                                 ║
║   - Batch 131:                                                                                     ║
║     Total Energy: 8304303055.620 pJ                                                                ║
║     Off-chip Memory Energy: 8032063200.000 pJ                                                      ║
║     On-chip Memory Energy: 14427486.720 pJ                                                         ║
║     Operations Energy:                                                                             ║
║       - Operation 0: 42187478.400 pJ                                                               ║
║       - Operation 1: 173437411.200 pJ                                                              ║
║       - Operation 2: 41857889.400 pJ                                                               ║
║       - Operation 3: 329589.900 pJ                                                                 ║
║   - Batch 132:                                                                                     ║
║     Total Energy: 3240801098.500 pJ                                                                ║
║     Off-chip Memory Energy: 2502152800.000 pJ                                                      ║
║     On-chip Memory Energy: 480835929.600 pJ                                                        ║
║     Operations Energy:                                                                             ║
║       - Operation 0: 42187478.400 pJ                                                               ║
║       - Operation 1: 173437411.200 pJ                                                              ║
║       - Operation 2: 41857889.400 pJ                                                               ║
║       - Operation 3: 329589.900 pJ                                                                 ║
║   - Batch 133:                                                                                     ║
║     Total Energy: 8460933168.900 pJ                                                                ║
║     Off-chip Memory Energy: 8203120800.000 pJ                                                      ║
║     On-chip Memory Energy: 0.000 pJ                                                                ║
║     Operations Energy:                                                                             ║
║       - Operation 0: 42187478.400 pJ                                                               ║
║       - Operation 1: 173437411.200 pJ                                                              ║
║       - Operation 2: 41857889.400 pJ                                                               ║
║       - Operation 3: 329589.900 pJ                                                                 ║
║   - Batch 134:                                                                                     ║
║     Total Energy: 6514670948.100 pJ                                                                ║
║     Off-chip Memory Energy: 6077584800.000 pJ                                                      ║
║     On-chip Memory Energy: 179273779.200 pJ                                                        ║
║     Operations Energy:                                                                             ║
║       - Operation 0: 42187478.400 pJ                                                               ║
║       - Operation 1: 173437411.200 pJ                                                              ║
║       - Operation 2: 41857889.400 pJ                                                               ║
║       - Operation 3: 329589.900 pJ                                                                 ║
║   - Batch 135:                                                                                     ║
║     Total Energy: 5030433206.020 pJ                                                                ║
║     Off-chip Memory Energy: 4456631200.000 pJ                                                      ║
║     On-chip Memory Energy: 315989637.120 pJ                                                        ║
║     Operations Energy:                                                                             ║
║       - Operation 0: 42187478.400 pJ                                                               ║
║       - Operation 1: 173437411.200 pJ                                                              ║
║       - Operation 2: 41857889.400 pJ                                                               ║
║       - Operation 3: 329589.900 pJ                                                                 ║
║   - Batch 136:                                                                                     ║
║     Total Energy: 4235442826.500 pJ                                                                ║
║     Off-chip Memory Energy: 3588412800.000 pJ                                                      ║
║     On-chip Memory Energy: 389217657.600 pJ                                                        ║
║     Operations Energy:                                                                             ║
║       - Operation 0: 42187478.400 pJ                                                               ║
║       - Operation 1: 173437411.200 pJ                                                              ║
║       - Operation 2: 41857889.400 pJ                                                               ║
║       - Operation 3: 329589.900 pJ                                                                 ║
║   - Batch 137:                                                                                     ║
║     Total Energy: 7309661327.620 pJ                                                                ║
║     Off-chip Memory Energy: 6945803200.000 pJ                                                      ║
║     On-chip Memory Energy: 106045758.720 pJ                                                        ║
║     Operations Energy:                                                                             ║
║       - Operation 0: 42187478.400 pJ                                                               ║
║       - Operation 1: 173437411.200 pJ                                                              ║
║       - Operation 2: 41857889.400 pJ                                                               ║
║       - Operation 3: 329589.900 pJ                                                                 ║
║   - Batch 138:                                                                                     ║
║     Total Energy: 8460933168.900 pJ                                                                ║
║     Off-chip Memory Energy: 8203120800.000 pJ                                                      ║
║     On-chip Memory Energy: 0.000 pJ                                                                ║
║     Operations Energy:                                                                             ║
║       - Operation 0: 42187478.400 pJ                                                               ║
║       - Operation 1: 173437411.200 pJ                                                              ║
║       - Operation 2: 41857889.400 pJ                                                               ║
║       - Operation 3: 329589.900 pJ                                                                 ║
║   - Batch 139:                                                                                     ║
║     Total Energy: 8460933168.900 pJ                                                                ║
║     Off-chip Memory Energy: 8203120800.000 pJ                                                      ║
║     On-chip Memory Energy: 0.000 pJ                                                                ║
║     Operations Energy:                                                                             ║
║       - Operation 0: 42187478.400 pJ                                                               ║
║       - Operation 1: 173437411.200 pJ                                                              ║
║       - Operation 2: 41857889.400 pJ                                                               ║
║       - Operation 3: 329589.900 pJ                                                                 ║
║   - Batch 140:                                                                                     ║
║     Total Energy: 8460933168.900 pJ                                                                ║
║     Off-chip Memory Energy: 8203120800.000 pJ                                                      ║
║     On-chip Memory Energy: 0.000 pJ                                                                ║
║     Operations Energy:                                                                             ║
║       - Operation 0: 42187478.400 pJ                                                               ║
║       - Operation 1: 173437411.200 pJ                                                              ║
║       - Operation 2: 41857889.400 pJ                                                               ║
║       - Operation 3: 329589.900 pJ                                                                 ║
║   - Batch 141:                                                                                     ║
║     Total Energy: 8460933168.900 pJ                                                                ║
║     Off-chip Memory Energy: 8203120800.000 pJ                                                      ║
║     On-chip Memory Energy: 0.000 pJ                                                                ║
║     Operations Energy:                                                                             ║
║       - Operation 0: 42187478.400 pJ                                                               ║
║       - Operation 1: 173437411.200 pJ                                                              ║
║       - Operation 2: 41857889.400 pJ                                                               ║
║       - Operation 3: 329589.900 pJ                                                                 ║
║   - Batch 142:                                                                                     ║
║     Total Energy: 8460933168.900 pJ                                                                ║
║     Off-chip Memory Energy: 8203120800.000 pJ                                                      ║
║     On-chip Memory Energy: 0.000 pJ                                                                ║
║     Operations Energy:                                                                             ║
║       - Operation 0: 42187478.400 pJ                                                               ║
║       - Operation 1: 173437411.200 pJ                                                              ║
║       - Operation 2: 41857889.400 pJ                                                               ║
║       - Operation 3: 329589.900 pJ                                                                 ║
║   - Batch 143:                                                                                     ║
║     Total Energy: 3084170985.220 pJ                                                                ║
║     Off-chip Memory Energy: 2331095200.000 pJ                                                      ║
║     On-chip Memory Energy: 495263416.320 pJ                                                        ║
║     Operations Energy:                                                                             ║
║       - Operation 0: 42187478.400 pJ                                                               ║
║       - Operation 1: 173437411.200 pJ                                                              ║
║       - Operation 2: 41857889.400 pJ                                                               ║
║       - Operation 3: 329589.900 pJ                                                                 ║
║   - Batch 144:                                                                                     ║
║     Total Energy: 6368839728.900 pJ                                                                ║
║     Off-chip Memory Energy: 5918320800.000 pJ                                                      ║
║     On-chip Memory Energy: 192706560.000 pJ                                                        ║
║     Operations Energy:                                                                             ║
║       - Operation 0: 42187478.400 pJ                                                               ║
║       - Operation 1: 173437411.200 pJ                                                              ║
║       - Operation 2: 41857889.400 pJ                                                               ║
║       - Operation 3: 329589.900 pJ                                                                 ║
║   - Batch 145:                                                                                     ║
║     Total Energy: 5176264425.220 pJ                                                                ║
║     Off-chip Memory Energy: 4615895200.000 pJ                                                      ║
║     On-chip Memory Energy: 302556856.320 pJ                                                        ║
║     Operations Energy:                                                                             ║
║       - Operation 0: 42187478.400 pJ                                                               ║
║       - Operation 1: 173437411.200 pJ                                                              ║
║       - Operation 2: 41857889.400 pJ                                                               ║
║       - Operation 3: 329589.900 pJ                                                                 ║
║   - Batch 146:                                                                                     ║
║     Total Energy: 8460933168.900 pJ                                                                ║
║     Off-chip Memory Energy: 8203120800.000 pJ                                                      ║
║     On-chip Memory Energy: 0.000 pJ                                                                ║
║     Operations Energy:                                                                             ║
║       - Operation 0: 42187478.400 pJ                                                               ║
║       - Operation 1: 173437411.200 pJ                                                              ║
║       - Operation 2: 41857889.400 pJ                                                               ║
║       - Operation 3: 329589.900 pJ                                                                 ║
║   - Batch 147:                                                                                     ║
║     Total Energy: 5671265014.020 pJ                                                                ║
║     Off-chip Memory Energy: 5156491200.000 pJ                                                      ║
║     On-chip Memory Energy: 256961445.120 pJ                                                        ║
║     Operations Energy:                                                                             ║
║       - Operation 0: 42187478.400 pJ                                                               ║
║       - Operation 1: 173437411.200 pJ                                                              ║
║       - Operation 2: 41857889.400 pJ                                                               ║
║       - Operation 3: 329589.900 pJ                                                                 ║
║   - Batch 148:                                                                                     ║
║     Total Energy: 5873839140.100 pJ                                                                ║
║     Off-chip Memory Energy: 5377724800.000 pJ                                                      ║
║     On-chip Memory Energy: 238301971.200 pJ                                                        ║
║     Operations Energy:                                                                             ║
║       - Operation 0: 42187478.400 pJ                                                               ║
║       - Operation 1: 173437411.200 pJ                                                              ║
║       - Operation 2: 41857889.400 pJ                                                               ║
║       - Operation 3: 329589.900 pJ                                                                 ║
║   - Batch 149:                                                                                     ║
║     Total Energy: 8460933168.900 pJ                                                                ║
║     Off-chip Memory Energy: 8203120800.000 pJ                                                      ║
║     On-chip Memory Energy: 0.000 pJ                                                                ║
║     Operations Energy:                                                                             ║
║       - Operation 0: 42187478.400 pJ                                                               ║
║       - Operation 1: 173437411.200 pJ                                                              ║
║       - Operation 2: 41857889.400 pJ                                                               ║
║       - Operation 3: 329589.900 pJ                                                                 ║
║   - Batch 150:                                                                                     ║
║     Total Energy: 3084170985.220 pJ                                                                ║
║     Off-chip Memory Energy: 2331095200.000 pJ                                                      ║
║     On-chip Memory Energy: 495263416.320 pJ                                                        ║
║     Operations Energy:                                                                             ║
║       - Operation 0: 42187478.400 pJ                                                               ║
║       - Operation 1: 173437411.200 pJ                                                              ║
║       - Operation 2: 41857889.400 pJ                                                               ║
║       - Operation 3: 329589.900 pJ                                                                 ║
║   - Batch 151:                                                                                     ║
║     Total Energy: 8460933168.900 pJ                                                                ║
║     Off-chip Memory Energy: 8203120800.000 pJ                                                      ║
║     On-chip Memory Energy: 0.000 pJ                                                                ║
║     Operations Energy:                                                                             ║
║       - Operation 0: 42187478.400 pJ                                                               ║
║       - Operation 1: 173437411.200 pJ                                                              ║
║       - Operation 2: 41857889.400 pJ                                                               ║
║       - Operation 3: 329589.900 pJ                                                                 ║
║   - Batch 152:                                                                                     ║
║     Total Energy: 8460933168.900 pJ                                                                ║
║     Off-chip Memory Energy: 8203120800.000 pJ                                                      ║
║     On-chip Memory Energy: 0.000 pJ                                                                ║
║     Operations Energy:                                                                             ║
║       - Operation 0: 42187478.400 pJ                                                               ║
║       - Operation 1: 173437411.200 pJ                                                              ║
║       - Operation 2: 41857889.400 pJ                                                               ║
║       - Operation 3: 329589.900 pJ                                                                 ║
║   - Batch 153:                                                                                     ║
║     Total Energy: 8460933168.900 pJ                                                                ║
║     Off-chip Memory Energy: 8203120800.000 pJ                                                      ║
║     On-chip Memory Energy: 0.000 pJ                                                                ║
║     Operations Energy:                                                                             ║
║       - Operation 0: 42187478.400 pJ                                                               ║
║       - Operation 1: 173437411.200 pJ                                                              ║
║       - Operation 2: 41857889.400 pJ                                                               ║
║       - Operation 3: 329589.900 pJ                                                                 ║
║   - Batch 154:                                                                                     ║
║     Total Energy: 3084170985.220 pJ                                                                ║
║     Off-chip Memory Energy: 2331095200.000 pJ                                                      ║
║     On-chip Memory Energy: 495263416.320 pJ                                                        ║
║     Operations Energy:                                                                             ║
║       - Operation 0: 42187478.400 pJ                                                               ║
║       - Operation 1: 173437411.200 pJ                                                              ║
║       - Operation 2: 41857889.400 pJ                                                               ║
║       - Operation 3: 329589.900 pJ                                                                 ║
║   - Batch 155:                                                                                     ║
║     Total Energy: 7390442798.340 pJ                                                                ║
║     Off-chip Memory Energy: 7034025600.000 pJ                                                      ║
║     On-chip Memory Energy: 98604829.440 pJ                                                         ║
║     Operations Energy:                                                                             ║
║       - Operation 0: 42187478.400 pJ                                                               ║
║       - Operation 1: 173437411.200 pJ                                                              ║
║       - Operation 2: 41857889.400 pJ                                                               ║
║       - Operation 3: 329589.900 pJ                                                                 ║
║   - Batch 156:                                                                                     ║
║     Total Energy: 4154661355.780 pJ                                                                ║
║     Off-chip Memory Energy: 3500190400.000 pJ                                                      ║
║     On-chip Memory Energy: 396658586.880 pJ                                                        ║
║     Operations Energy:                                                                             ║
║       - Operation 0: 42187478.400 pJ                                                               ║
║       - Operation 1: 173437411.200 pJ                                                              ║
║       - Operation 2: 41857889.400 pJ                                                               ║
║       - Operation 3: 329589.900 pJ                                                                 ║
║   - Batch 157:                                                                                     ║
║     Total Energy: 8460933168.900 pJ                                                                ║
║     Off-chip Memory Energy: 8203120800.000 pJ                                                      ║
║     On-chip Memory Energy: 0.000 pJ                                                                ║
║     Operations Energy:                                                                             ║
║       - Operation 0: 42187478.400 pJ                                                               ║
║       - Operation 1: 173437411.200 pJ                                                              ║
║       - Operation 2: 41857889.400 pJ                                                               ║
║       - Operation 3: 329589.900 pJ                                                                 ║
║   - Batch 158:                                                                                     ║
║     Total Energy: 8460933168.900 pJ                                                                ║
║     Off-chip Memory Energy: 8203120800.000 pJ                                                      ║
║     On-chip Memory Energy: 0.000 pJ                                                                ║
║     Operations Energy:                                                                             ║
║       - Operation 0: 42187478.400 pJ                                                               ║
║       - Operation 1: 173437411.200 pJ                                                              ║
║       - Operation 2: 41857889.400 pJ                                                               ║
║       - Operation 3: 329589.900 pJ                                                                 ║
║   - Batch 159:                                                                                     ║
║     Total Energy: 4936970982.660 pJ                                                                ║
║     Off-chip Memory Energy: 4354560000.000 pJ                                                      ║
║     On-chip Memory Energy: 324598613.760 pJ                                                        ║
║     Operations Energy:                                                                             ║
║       - Operation 0: 42187478.400 pJ                                                               ║
║       - Operation 1: 173437411.200 pJ                                                              ║
║       - Operation 2: 41857889.400 pJ                                                               ║
║       - Operation 3: 329589.900 pJ                                                                 ║
║   - Batch 160:                                                                                     ║
║     Total Energy: 6608133171.460 pJ                                                                ║
║     Off-chip Memory Energy: 6179656000.000 pJ                                                      ║
║     On-chip Memory Energy: 170664802.560 pJ                                                        ║
║     Operations Energy:                                                                             ║
║       - Operation 0: 42187478.400 pJ                                                               ║
║       - Operation 1: 173437411.200 pJ                                                              ║
║       - Operation 2: 41857889.400 pJ                                                               ║
║       - Operation 3: 329589.900 pJ                                                                 ║
║   - Batch 161:                                                                                     ║
║     Total Energy: 8460933168.900 pJ                                                                ║
║     Off-chip Memory Energy: 8203120800.000 pJ                                                      ║
║     On-chip Memory Energy: 0.000 pJ                                                                ║
║     Operations Energy:                                                                             ║
║       - Operation 0: 42187478.400 pJ                                                               ║
║       - Operation 1: 173437411.200 pJ                                                              ║
║       - Operation 2: 41857889.400 pJ                                                               ║
║       - Operation 3: 329589.900 pJ                                                                 ║
║   - Batch 162:                                                                                     ║
║     Total Energy: 3084170985.220 pJ                                                                ║
║     Off-chip Memory Energy: 2331095200.000 pJ                                                      ║
║     On-chip Memory Energy: 495263416.320 pJ                                                        ║
║     Operations Energy:                                                                             ║
║       - Operation 0: 42187478.400 pJ                                                               ║
║       - Operation 1: 173437411.200 pJ                                                              ║
║       - Operation 2: 41857889.400 pJ                                                               ║
║       - Operation 3: 329589.900 pJ                                                                 ║
║   - Batch 163:                                                                                     ║
║     Total Energy: 8460933168.900 pJ                                                                ║
║     Off-chip Memory Energy: 8203120800.000 pJ                                                      ║
║     On-chip Memory Energy: 0.000 pJ                                                                ║
║     Operations Energy:                                                                             ║
║       - Operation 0: 42187478.400 pJ                                                               ║
║       - Operation 1: 173437411.200 pJ                                                              ║
║       - Operation 2: 41857889.400 pJ                                                               ║
║       - Operation 3: 329589.900 pJ                                                                 ║
║   - Batch 164:                                                                                     ║
║     Total Energy: 8460933168.900 pJ                                                                ║
║     Off-chip Memory Energy: 8203120800.000 pJ                                                      ║
║     On-chip Memory Energy: 0.000 pJ                                                                ║
║     Operations Energy:                                                                             ║
║       - Operation 0: 42187478.400 pJ                                                               ║
║       - Operation 1: 173437411.200 pJ                                                              ║
║       - Operation 2: 41857889.400 pJ                                                               ║
║       - Operation 3: 329589.900 pJ                                                                 ║
║   - Batch 165:                                                                                     ║
║     Total Energy: 8460933168.900 pJ                                                                ║
║     Off-chip Memory Energy: 8203120800.000 pJ                                                      ║
║     On-chip Memory Energy: 0.000 pJ                                                                ║
║     Operations Energy:                                                                             ║
║       - Operation 0: 42187478.400 pJ                                                               ║
║       - Operation 1: 173437411.200 pJ                                                              ║
║       - Operation 2: 41857889.400 pJ                                                               ║
║       - Operation 3: 329589.900 pJ                                                                 ║
║   - Batch 166:                                                                                     ║
║     Total Energy: 3084170985.220 pJ                                                                ║
║     Off-chip Memory Energy: 2331095200.000 pJ                                                      ║
║     On-chip Memory Energy: 495263416.320 pJ                                                        ║
║     Operations Energy:                                                                             ║
║       - Operation 0: 42187478.400 pJ                                                               ║
║       - Operation 1: 173437411.200 pJ                                                              ║
║       - Operation 2: 41857889.400 pJ                                                               ║
║       - Operation 3: 329589.900 pJ                                                                 ║
║   - Batch 167:                                                                                     ║
║     Total Energy: 8460933168.900 pJ                                                                ║
║     Off-chip Memory Energy: 8203120800.000 pJ                                                      ║
║     On-chip Memory Energy: 0.000 pJ                                                                ║
║     Operations Energy:                                                                             ║
║       - Operation 0: 42187478.400 pJ                                                               ║
║       - Operation 1: 173437411.200 pJ                                                              ║
║       - Operation 2: 41857889.400 pJ                                                               ║
║       - Operation 3: 329589.900 pJ                                                                 ║
║   - Batch 168:                                                                                     ║
║     Total Energy: 8460933168.900 pJ                                                                ║
║     Off-chip Memory Energy: 8203120800.000 pJ                                                      ║
║     On-chip Memory Energy: 0.000 pJ                                                                ║
║     Operations Energy:                                                                             ║
║       - Operation 0: 42187478.400 pJ                                                               ║
║       - Operation 1: 173437411.200 pJ                                                              ║
║       - Operation 2: 41857889.400 pJ                                                               ║
║       - Operation 3: 329589.900 pJ                                                                 ║
║   - Batch 169:                                                                                     ║
║     Total Energy: 5851015836.420 pJ                                                                ║
║     Off-chip Memory Energy: 5352799200.000 pJ                                                      ║
║     On-chip Memory Energy: 240404267.520 pJ                                                        ║
║     Operations Energy:                                                                             ║
║       - Operation 0: 42187478.400 pJ                                                               ║
║       - Operation 1: 173437411.200 pJ                                                              ║
║       - Operation 2: 41857889.400 pJ                                                               ║
║       - Operation 3: 329589.900 pJ                                                                 ║
║   - Batch 170:                                                                                     ║
║     Total Energy: 5694088317.700 pJ                                                                ║
║     Off-chip Memory Energy: 5181416800.000 pJ                                                      ║
║     On-chip Memory Energy: 254859148.800 pJ                                                        ║
║     Operations Energy:                                                                             ║
║       - Operation 0: 42187478.400 pJ                                                               ║
║       - Operation 1: 173437411.200 pJ                                                              ║
║       - Operation 2: 41857889.400 pJ                                                               ║
║       - Operation 3: 329589.900 pJ                                                                 ║
║   - Batch 171:                                                                                     ║
║     Total Energy: 8460933168.900 pJ                                                                ║
║     Off-chip Memory Energy: 8203120800.000 pJ                                                      ║
║     On-chip Memory Energy: 0.000 pJ                                                                ║
║     Operations Energy:                                                                             ║
║       - Operation 0: 42187478.400 pJ                                                               ║
║       - Operation 1: 173437411.200 pJ                                                              ║
║       - Operation 2: 41857889.400 pJ                                                               ║
║       - Operation 3: 329589.900 pJ                                                                 ║
║   - Batch 172:                                                                                     ║
║     Total Energy: 4061383728.900 pJ                                                                ║
║     Off-chip Memory Energy: 3398320800.000 pJ                                                      ║
║     On-chip Memory Energy: 405250560.000 pJ                                                        ║
║     Operations Energy:                                                                             ║
║       - Operation 0: 42187478.400 pJ                                                               ║
║       - Operation 1: 173437411.200 pJ                                                              ║
║       - Operation 2: 41857889.400 pJ                                                               ║
║       - Operation 3: 329589.900 pJ                                                                 ║
║   - Batch 173:                                                                                     ║
║     Total Energy: 7483720425.220 pJ                                                                ║
║     Off-chip Memory Energy: 7135895200.000 pJ                                                      ║
║     On-chip Memory Energy: 90012856.320 pJ                                                         ║
║     Operations Energy:                                                                             ║
║       - Operation 0: 42187478.400 pJ                                                               ║
║       - Operation 1: 173437411.200 pJ                                                              ║
║       - Operation 2: 41857889.400 pJ                                                               ║
║       - Operation 3: 329589.900 pJ                                                                 ║
║   - Batch 174:                                                                                     ║
║     Total Energy: 3084170985.220 pJ                                                                ║
║     Off-chip Memory Energy: 2331095200.000 pJ                                                      ║
║     On-chip Memory Energy: 495263416.320 pJ                                                        ║
║     Operations Energy:                                                                             ║
║       - Operation 0: 42187478.400 pJ                                                               ║
║       - Operation 1: 173437411.200 pJ                                                              ║
║       - Operation 2: 41857889.400 pJ                                                               ║
║       - Operation 3: 329589.900 pJ                                                                 ║
║   - Batch 175:                                                                                     ║
║     Total Energy: 7014173639.940 pJ                                                                ║
║     Off-chip Memory Energy: 6623097600.000 pJ                                                      ║
║     On-chip Memory Energy: 133263671.040 pJ                                                        ║
║     Operations Energy:                                                                             ║
║       - Operation 0: 42187478.400 pJ                                                               ║
║       - Operation 1: 173437411.200 pJ                                                              ║
║       - Operation 2: 41857889.400 pJ                                                               ║
║       - Operation 3: 329589.900 pJ                                                                 ║
║   - Batch 176:                                                                                     ║
║     Total Energy: 4530930514.180 pJ                                                                ║
║     Off-chip Memory Energy: 3911118400.000 pJ                                                      ║
║     On-chip Memory Energy: 361999745.280 pJ                                                        ║
║     Operations Energy:                                                                             ║
║       - Operation 0: 42187478.400 pJ                                                               ║
║       - Operation 1: 173437411.200 pJ                                                              ║
║       - Operation 2: 41857889.400 pJ                                                               ║
║       - Operation 3: 329589.900 pJ                                                                 ║
║   - Batch 177:                                                                                     ║
║     Total Energy: 4734945518.340 pJ                                                                ║
║     Off-chip Memory Energy: 4133925600.000 pJ                                                      ║
║     On-chip Memory Energy: 343207549.440 pJ                                                        ║
║     Operations Energy:                                                                             ║
║       - Operation 0: 42187478.400 pJ                                                               ║
║       - Operation 1: 173437411.200 pJ                                                              ║
║       - Operation 2: 41857889.400 pJ                                                               ║
║       - Operation 3: 329589.900 pJ                                                                 ║
║   - Batch 178:                                                                                     ║
║     Total Energy: 6810158635.780 pJ                                                                ║
║     Off-chip Memory Energy: 6400290400.000 pJ                                                      ║
║     On-chip Memory Energy: 152055866.880 pJ                                                        ║
║     Operations Energy:                                                                             ║
║       - Operation 0: 42187478.400 pJ                                                               ║
║       - Operation 1: 173437411.200 pJ                                                              ║
║       - Operation 2: 41857889.400 pJ                                                               ║
║       - Operation 3: 329589.900 pJ                                                                 ║
║   - Batch 179:                                                                                     ║
║     Total Energy: 3084170985.220 pJ                                                                ║
║     Off-chip Memory Energy: 2331095200.000 pJ                                                      ║
║     On-chip Memory Energy: 495263416.320 pJ                                                        ║
║     Operations Energy:                                                                             ║
║       - Operation 0: 42187478.400 pJ                                                               ║
║       - Operation 1: 173437411.200 pJ                                                              ║
║       - Operation 2: 41857889.400 pJ                                                               ║
║       - Operation 3: 329589.900 pJ                                                                 ║
║   - Batch 180:                                                                                     ║
║     Total Energy: 8460933168.900 pJ                                                                ║
║     Off-chip Memory Energy: 8203120800.000 pJ                                                      ║
║     On-chip Memory Energy: 0.000 pJ                                                                ║
║     Operations Energy:                                                                             ║
║       - Operation 0: 42187478.400 pJ                                                               ║
║       - Operation 1: 173437411.200 pJ                                                              ║
║       - Operation 2: 41857889.400 pJ                                                               ║
║       - Operation 3: 329589.900 pJ                                                                 ║
║   - Batch 181:                                                                                     ║
║     Total Energy: 8460933168.900 pJ                                                                ║
║     Off-chip Memory Energy: 8203120800.000 pJ                                                      ║
║     On-chip Memory Energy: 0.000 pJ                                                                ║
║     Operations Energy:                                                                             ║
║       - Operation 0: 42187478.400 pJ                                                               ║
║       - Operation 1: 173437411.200 pJ                                                              ║
║       - Operation 2: 41857889.400 pJ                                                               ║
║       - Operation 3: 329589.900 pJ                                                                 ║
║   - Batch 182:                                                                                     ║
║     Total Energy: 8460933168.900 pJ                                                                ║
║     Off-chip Memory Energy: 8203120800.000 pJ                                                      ║
║     On-chip Memory Energy: 0.000 pJ                                                                ║
║     Operations Energy:                                                                             ║
║       - Operation 0: 42187478.400 pJ                                                               ║
║       - Operation 1: 173437411.200 pJ                                                              ║
║       - Operation 2: 41857889.400 pJ                                                               ║
║       - Operation 3: 329589.900 pJ                                                                 ║
║   - Batch 183:                                                                                     ║
║     Total Energy: 8460933168.900 pJ                                                                ║
║     Off-chip Memory Energy: 8203120800.000 pJ                                                      ║
║     On-chip Memory Energy: 0.000 pJ                                                                ║
║     Operations Energy:                                                                             ║
║       - Operation 0: 42187478.400 pJ                                                               ║
║       - Operation 1: 173437411.200 pJ                                                              ║
║       - Operation 2: 41857889.400 pJ                                                               ║
║       - Operation 3: 329589.900 pJ                                                                 ║
║   - Batch 184:                                                                                     ║
║     Total Energy: 8460933168.900 pJ                                                                ║
║     Off-chip Memory Energy: 8203120800.000 pJ                                                      ║
║     On-chip Memory Energy: 0.000 pJ                                                                ║
║     Operations Energy:                                                                             ║
║       - Operation 0: 42187478.400 pJ                                                               ║
║       - Operation 1: 173437411.200 pJ                                                              ║
║       - Operation 2: 41857889.400 pJ                                                               ║
║       - Operation 3: 329589.900 pJ                                                                 ║
║   - Batch 185:                                                                                     ║
║     Total Energy: 8460933168.900 pJ                                                                ║
║     Off-chip Memory Energy: 8203120800.000 pJ                                                      ║
║     On-chip Memory Energy: 0.000 pJ                                                                ║
║     Operations Energy:                                                                             ║
║       - Operation 0: 42187478.400 pJ                                                               ║
║       - Operation 1: 173437411.200 pJ                                                              ║
║       - Operation 2: 41857889.400 pJ                                                               ║
║       - Operation 3: 329589.900 pJ                                                                 ║
║   - Batch 186:                                                                                     ║
║     Total Energy: 8460933168.900 pJ                                                                ║
║     Off-chip Memory Energy: 8203120800.000 pJ                                                      ║
║     On-chip Memory Energy: 0.000 pJ                                                                ║
║     Operations Energy:                                                                             ║
║       - Operation 0: 42187478.400 pJ                                                               ║
║       - Operation 1: 173437411.200 pJ                                                              ║
║       - Operation 2: 41857889.400 pJ                                                               ║
║       - Operation 3: 329589.900 pJ                                                                 ║
║   - Batch 187:                                                                                     ║
║     Total Energy: 4075489976.580 pJ                                                                ║
║     Off-chip Memory Energy: 3413726400.000 pJ                                                      ║
║     On-chip Memory Energy: 403951207.680 pJ                                                        ║
║     Operations Energy:                                                                             ║
║       - Operation 0: 42187478.400 pJ                                                               ║
║       - Operation 1: 173437411.200 pJ                                                              ║
║       - Operation 2: 41857889.400 pJ                                                               ║
║       - Operation 3: 329589.900 pJ                                                                 ║
║   - Batch 188:                                                                                     ║
║     Total Energy: 7469614177.540 pJ                                                                ║
║     Off-chip Memory Energy: 7120489600.000 pJ                                                      ║
║     On-chip Memory Energy: 91312208.640 pJ                                                         ║
║     Operations Energy:                                                                             ║
║       - Operation 0: 42187478.400 pJ                                                               ║
║       - Operation 1: 173437411.200 pJ                                                              ║
║       - Operation 2: 41857889.400 pJ                                                               ║
║       - Operation 3: 329589.900 pJ                                                                 ║
║   - Batch 189:                                                                                     ║
║     Total Energy: 8460933168.900 pJ                                                                ║
║     Off-chip Memory Energy: 8203120800.000 pJ                                                      ║
║     On-chip Memory Energy: 0.000 pJ                                                                ║
║     Operations Energy:                                                                             ║
║       - Operation 0: 42187478.400 pJ                                                               ║
║       - Operation 1: 173437411.200 pJ                                                              ║
║       - Operation 2: 41857889.400 pJ                                                               ║
║       - Operation 3: 329589.900 pJ                                                                 ║
║   - Batch 190:                                                                                     ║
║     Total Energy: 3084170985.220 pJ                                                                ║
║     Off-chip Memory Energy: 2331095200.000 pJ                                                      ║
║     On-chip Memory Energy: 495263416.320 pJ                                                        ║
║     Operations Energy:                                                                             ║
║       - Operation 0: 42187478.400 pJ                                                               ║
║       - Operation 1: 173437411.200 pJ                                                              ║
║       - Operation 2: 41857889.400 pJ                                                               ║
║       - Operation 3: 329589.900 pJ                                                                 ║
║   - Batch 191:                                                                                     ║
║     Total Energy: 7789617303.300 pJ                                                                ║
║     Off-chip Memory Energy: 7469968800.000 pJ                                                      ║
║     On-chip Memory Energy: 61836134.400 pJ                                                         ║
║     Operations Energy:                                                                             ║
║       - Operation 0: 42187478.400 pJ                                                               ║
║       - Operation 1: 173437411.200 pJ                                                              ║
║       - Operation 2: 41857889.400 pJ                                                               ║
║       - Operation 3: 329589.900 pJ                                                                 ║
║   - Batch 192:                                                                                     ║
║     Total Energy: 3755486850.820 pJ                                                                ║
║     Off-chip Memory Energy: 3064247200.000 pJ                                                      ║
║     On-chip Memory Energy: 433427281.920 pJ                                                        ║
║     Operations Energy:                                                                             ║
║       - Operation 0: 42187478.400 pJ                                                               ║
║       - Operation 1: 173437411.200 pJ                                                              ║
║       - Operation 2: 41857889.400 pJ                                                               ║
║       - Operation 3: 329589.900 pJ                                                                 ║
║   - Batch 193:                                                                                     ║
║     Total Energy: 8460933168.900 pJ                                                                ║
║     Off-chip Memory Energy: 8203120800.000 pJ                                                      ║
║     On-chip Memory Energy: 0.000 pJ                                                                ║
║     Operations Energy:                                                                             ║
║       - Operation 0: 42187478.400 pJ                                                               ║
║       - Operation 1: 173437411.200 pJ                                                              ║
║       - Operation 2: 41857889.400 pJ                                                               ║
║       - Operation 3: 329589.900 pJ                                                                 ║
║   - Batch 194:                                                                                     ║
║     Total Energy: 6365117033.220 pJ                                                                ║
║     Off-chip Memory Energy: 5914255200.000 pJ                                                      ║
║     On-chip Memory Energy: 193049464.320 pJ                                                        ║
║     Operations Energy:                                                                             ║
║       - Operation 0: 42187478.400 pJ                                                               ║
║       - Operation 1: 173437411.200 pJ                                                              ║
║       - Operation 2: 41857889.400 pJ                                                               ║
║       - Operation 3: 329589.900 pJ                                                                 ║
║   - Batch 195:                                                                                     ║
║     Total Energy: 5179987120.900 pJ                                                                ║
║     Off-chip Memory Energy: 4619960800.000 pJ                                                      ║
║     On-chip Memory Energy: 302213952.000 pJ                                                        ║
║     Operations Energy:                                                                             ║
║       - Operation 0: 42187478.400 pJ                                                               ║
║       - Operation 1: 173437411.200 pJ                                                              ║
║       - Operation 2: 41857889.400 pJ                                                               ║
║       - Operation 3: 329589.900 pJ                                                                 ║
║   - Batch 196:                                                                                     ║
║     Total Energy: 4085888911.620 pJ                                                                ║
║     Off-chip Memory Energy: 3425083200.000 pJ                                                      ║
║     On-chip Memory Energy: 402993342.720 pJ                                                        ║
║     Operations Energy:                                                                             ║
║       - Operation 0: 42187478.400 pJ                                                               ║
║       - Operation 1: 173437411.200 pJ                                                              ║
║       - Operation 2: 41857889.400 pJ                                                               ║
║       - Operation 3: 329589.900 pJ                                                                 ║
║   - Batch 197:                                                                                     ║
║     Total Energy: 7459215242.500 pJ                                                                ║
║     Off-chip Memory Energy: 7109132800.000 pJ                                                      ║
║     On-chip Memory Energy: 92270073.600 pJ                                                         ║
║     Operations Energy:                                                                             ║
║       - Operation 0: 42187478.400 pJ                                                               ║
║       - Operation 1: 173437411.200 pJ                                                              ║
║       - Operation 2: 41857889.400 pJ                                                               ║
║       - Operation 3: 329589.900 pJ                                                                 ║
║   - Batch 198:                                                                                     ║
║     Total Energy: 8460933168.900 pJ                                                                ║
║     Off-chip Memory Energy: 8203120800.000 pJ                                                      ║
║     On-chip Memory Energy: 0.000 pJ                                                                ║
║     Operations Energy:                                                                             ║
║       - Operation 0: 42187478.400 pJ                                                               ║
║       - Operation 1: 173437411.200 pJ                                                              ║
║       - Operation 2: 41857889.400 pJ                                                               ║
║       - Operation 3: 329589.900 pJ                                                                 ║
║   - Batch 199:                                                                                     ║
║     Total Energy: 8460933168.900 pJ                                                                ║
║     Off-chip Memory Energy: 8203120800.000 pJ                                                      ║
║     On-chip Memory Energy: 0.000 pJ                                                                ║
║     Operations Energy:                                                                             ║
║       - Operation 0: 42187478.400 pJ                                                               ║
║       - Operation 1: 173437411.200 pJ                                                              ║
║       - Operation 2: 41857889.400 pJ                                                               ║
║       - Operation 3: 329589.900 pJ                                                                 ║
╚════════════════════════════════════════════════════════════════════════════════════════════════════╝
(Time elapsed(s) in energy estimation:   0.008501sec)
