
╔════════════════════════════════════════════════════════════════════════════════════════════════════╗
║▒▒▒▒▒▒▒▒▒▒▒▒▒▒▒▒▒▒▒▒▒▒▒▒▒▒▒▒▒▒▒《 General Simulation Configuration 》▒▒▒▒▒▒▒▒▒▒▒▒▒▒▒▒▒▒▒▒▒▒▒▒▒▒▒▒▒▒▒║
╠════════════════════════════════════════════════════════════════════════════════════════════════════╣
║ Dataset: /workspace/EVASim/datasets/vectordb/deep250m_100m.txt                                     ║
║ Numeric format: 32 bits                                                                            ║
║ Num batches: 200                                                                                   ║
║ Num tables: 1                                                                                      ║
║ Batch Size (samples per batch): 1                                                                  ║
║ Vectors per table: 250000000                                                                       ║
║ Lookups per sample: 488281                                                                         ║
║ Embedding Dimension 96                                                                             ║
╚════════════════════════════════════════════════════════════════════════════════════════════════════╝
(Time elapsed(s) in model and data gen:  20.622473sec)
[DEBUG] lS_i shape: (200, 1, 488281)
[DEBUG] addr_trace shape: (200, 1, 1464843)
Starting multiprocessing with 31 cores...
(Time elapsed(s) in address generation:  31.591150sec)

╔════════════════════════════════════════════════════════════════════════════════════════════════════╗
║▒▒▒▒▒▒▒▒▒▒▒▒▒▒▒▒▒▒▒▒▒▒▒▒▒▒▒▒▒▒▒▒▒《 On-Chip Memory Configuration 》▒▒▒▒▒▒▒▒▒▒▒▒▒▒▒▒▒▒▒▒▒▒▒▒▒▒▒▒▒▒▒▒▒║
╠════════════════════════════════════════════════════════════════════════════════════════════════════╣
║ Memory size: 134217728 B (128 MB)                                                                  ║
║ Memory type: cache                                                                                 ║
║ Memory policy: cache_LRU                                                                           ║
║ Cache way: 16-way                                                                                  ║
║ Cache line size: 128 B                                                                             ║
║ Cache set: 65536 sets                                                                              ║
║ Cache tag bits: 25 bits                                                                            ║
╚════════════════════════════════════════════════════════════════════════════════════════════════════╝
on mem data structure size: 549.30 KB
(Time elapsed(s) in create memory structure:   3.930213sec)

╔════════════════════════════════════════════════════════════════════════════════════════════════════╗
║▒▒▒▒▒▒▒▒▒▒▒▒▒▒▒▒▒▒▒▒▒▒▒▒▒▒▒▒▒▒▒▒▒▒▒▒▒▒▒《 Simulation Start 》▒▒▒▒▒▒▒▒▒▒▒▒▒▒▒▒▒▒▒▒▒▒▒▒▒▒▒▒▒▒▒▒▒▒▒▒▒▒▒║
╚════════════════════════════════════════════════════════════════════════════════════════════════════╝
Processing batch 0...
Processing batch 1...
Processing batch 2...
Processing batch 3...
Processing batch 4...
Processing batch 5...
Processing batch 6...
Processing batch 7...
Processing batch 8...
Processing batch 9...
Processing batch 10...
Processing batch 11...
Processing batch 12...
Processing batch 13...
Processing batch 14...
Processing batch 15...
Processing batch 16...
Processing batch 17...
Processing batch 18...
Processing batch 19...
Processing batch 20...
Processing batch 21...
Processing batch 22...
Processing batch 23...
Processing batch 24...
Processing batch 25...
Processing batch 26...
Processing batch 27...
Processing batch 28...
Processing batch 29...
Processing batch 30...
Processing batch 31...
Processing batch 32...
Processing batch 33...
Processing batch 34...
Processing batch 35...
Processing batch 36...
Processing batch 37...
Processing batch 38...
Processing batch 39...
Processing batch 40...
Processing batch 41...
Processing batch 42...
Processing batch 43...
Processing batch 44...
Processing batch 45...
Processing batch 46...
Processing batch 47...
Processing batch 48...
Processing batch 49...
Processing batch 50...
Processing batch 51...
Processing batch 52...
Processing batch 53...
Processing batch 54...
Processing batch 55...
Processing batch 56...
Processing batch 57...
Processing batch 58...
Processing batch 59...
Processing batch 60...
Processing batch 61...
Processing batch 62...
Processing batch 63...
Processing batch 64...
Processing batch 65...
Processing batch 66...
Processing batch 67...
Processing batch 68...
Processing batch 69...
Processing batch 70...
Processing batch 71...
Processing batch 72...
Processing batch 73...
Processing batch 74...
Processing batch 75...
Processing batch 76...
Processing batch 77...
Processing batch 78...
Processing batch 79...
Processing batch 80...
Processing batch 81...
Processing batch 82...
Processing batch 83...
Processing batch 84...
Processing batch 85...
Processing batch 86...
Processing batch 87...
Processing batch 88...
Processing batch 89...
Processing batch 90...
Processing batch 91...
Processing batch 92...
Processing batch 93...
Processing batch 94...
Processing batch 95...
Processing batch 96...
Processing batch 97...
Processing batch 98...
Processing batch 99...
Processing batch 100...
Processing batch 101...
Processing batch 102...
Processing batch 103...
Processing batch 104...
Processing batch 105...
Processing batch 106...
Processing batch 107...
Processing batch 108...
Processing batch 109...
Processing batch 110...
Processing batch 111...
Processing batch 112...
Processing batch 113...
Processing batch 114...
Processing batch 115...
Processing batch 116...
Processing batch 117...
Processing batch 118...
Processing batch 119...
Processing batch 120...
Processing batch 121...
Processing batch 122...
Processing batch 123...
Processing batch 124...
Processing batch 125...
Processing batch 126...
Processing batch 127...
Processing batch 128...
Processing batch 129...
Processing batch 130...
Processing batch 131...
Processing batch 132...
Processing batch 133...
Processing batch 134...
Processing batch 135...
Processing batch 136...
Processing batch 137...
Processing batch 138...
Processing batch 139...
Processing batch 140...
Processing batch 141...
Processing batch 142...
Processing batch 143...
Processing batch 144...
Processing batch 145...
Processing batch 146...
Processing batch 147...
Processing batch 148...
Processing batch 149...
Processing batch 150...
Processing batch 151...
Processing batch 152...
Processing batch 153...
Processing batch 154...
Processing batch 155...
Processing batch 156...
Processing batch 157...
Processing batch 158...
Processing batch 159...
Processing batch 160...
Processing batch 161...
Processing batch 162...
Processing batch 163...
Processing batch 164...
Processing batch 165...
Processing batch 166...
Processing batch 167...
Processing batch 168...
Processing batch 169...
Processing batch 170...
Processing batch 171...
Processing batch 172...
Processing batch 173...
Processing batch 174...
Processing batch 175...
Processing batch 176...
Processing batch 177...
Processing batch 178...
Processing batch 179...
Processing batch 180...
Processing batch 181...
Processing batch 182...
Processing batch 183...
Processing batch 184...
Processing batch 185...
Processing batch 186...
Processing batch 187...
Processing batch 188...
Processing batch 189...
Processing batch 190...
Processing batch 191...
Processing batch 192...
Processing batch 193...
Processing batch 194...
Processing batch 195...
Processing batch 196...
Processing batch 197...
Processing batch 198...
Processing batch 199...
Simulation Done

╔════════════════════════════════════════════════════════════════════════════════════════════════════╗
║▒▒▒▒▒▒▒▒▒▒▒▒▒▒▒▒▒▒▒▒▒▒▒▒▒▒▒▒▒▒▒▒▒▒▒▒▒▒《 Simulation Results 》▒▒▒▒▒▒▒▒▒▒▒▒▒▒▒▒▒▒▒▒▒▒▒▒▒▒▒▒▒▒▒▒▒▒▒▒▒▒║
╠════════════════════════════════════════════════════════════════════════════════════════════════════╣
║ Total hit ratio: 0.0001                                                                            ║
║ Total accesses: 292968600                                                                          ║
║ Total hits: 36207                                                                                  ║
║ Total misses: 292932393                                                                            ║
║ ----------------------------------------                                                           ║
║ Per batch results                                                                                  ║
║ [Batch 0] hit ratio: 0.0000   accesses: 1464843   hits: 0   misses: 1464843                        ║
║ [Batch 1] hit ratio: 0.0000   accesses: 1464843   hits: 0   misses: 1464843                        ║
║ [Batch 2] hit ratio: 0.0000   accesses: 1464843   hits: 0   misses: 1464843                        ║
║ [Batch 3] hit ratio: 0.0000   accesses: 1464843   hits: 0   misses: 1464843                        ║
║ [Batch 4] hit ratio: 0.0000   accesses: 1464843   hits: 0   misses: 1464843                        ║
║ [Batch 5] hit ratio: 0.0000   accesses: 1464843   hits: 0   misses: 1464843                        ║
║ [Batch 6] hit ratio: 0.0000   accesses: 1464843   hits: 0   misses: 1464843                        ║
║ [Batch 7] hit ratio: 0.0000   accesses: 1464843   hits: 0   misses: 1464843                        ║
║ [Batch 8] hit ratio: 0.0000   accesses: 1464843   hits: 0   misses: 1464843                        ║
║ [Batch 9] hit ratio: 0.0000   accesses: 1464843   hits: 0   misses: 1464843                        ║
║ [Batch 10] hit ratio: 0.0000   accesses: 1464843   hits: 0   misses: 1464843                       ║
║ [Batch 11] hit ratio: 0.0000   accesses: 1464843   hits: 0   misses: 1464843                       ║
║ [Batch 12] hit ratio: 0.0000   accesses: 1464843   hits: 0   misses: 1464843                       ║
║ [Batch 13] hit ratio: 0.0000   accesses: 1464843   hits: 0   misses: 1464843                       ║
║ [Batch 14] hit ratio: 0.0000   accesses: 1464843   hits: 0   misses: 1464843                       ║
║ [Batch 15] hit ratio: 0.0000   accesses: 1464843   hits: 0   misses: 1464843                       ║
║ [Batch 16] hit ratio: 0.0000   accesses: 1464843   hits: 0   misses: 1464843                       ║
║ [Batch 17] hit ratio: 0.0000   accesses: 1464843   hits: 0   misses: 1464843                       ║
║ [Batch 18] hit ratio: 0.0000   accesses: 1464843   hits: 0   misses: 1464843                       ║
║ [Batch 19] hit ratio: 0.0000   accesses: 1464843   hits: 0   misses: 1464843                       ║
║ [Batch 20] hit ratio: 0.0000   accesses: 1464843   hits: 0   misses: 1464843                       ║
║ [Batch 21] hit ratio: 0.0000   accesses: 1464843   hits: 0   misses: 1464843                       ║
║ [Batch 22] hit ratio: 0.0000   accesses: 1464843   hits: 0   misses: 1464843                       ║
║ [Batch 23] hit ratio: 0.0000   accesses: 1464843   hits: 0   misses: 1464843                       ║
║ [Batch 24] hit ratio: 0.0000   accesses: 1464843   hits: 0   misses: 1464843                       ║
║ [Batch 25] hit ratio: 0.0000   accesses: 1464843   hits: 0   misses: 1464843                       ║
║ [Batch 26] hit ratio: 0.0000   accesses: 1464843   hits: 0   misses: 1464843                       ║
║ [Batch 27] hit ratio: 0.0000   accesses: 1464843   hits: 0   misses: 1464843                       ║
║ [Batch 28] hit ratio: 0.0000   accesses: 1464843   hits: 0   misses: 1464843                       ║
║ [Batch 29] hit ratio: 0.0000   accesses: 1464843   hits: 0   misses: 1464843                       ║
║ [Batch 30] hit ratio: 0.0000   accesses: 1464843   hits: 0   misses: 1464843                       ║
║ [Batch 31] hit ratio: 0.0000   accesses: 1464843   hits: 0   misses: 1464843                       ║
║ [Batch 32] hit ratio: 0.0000   accesses: 1464843   hits: 0   misses: 1464843                       ║
║ [Batch 33] hit ratio: 0.0000   accesses: 1464843   hits: 0   misses: 1464843                       ║
║ [Batch 34] hit ratio: 0.0000   accesses: 1464843   hits: 0   misses: 1464843                       ║
║ [Batch 35] hit ratio: 0.0000   accesses: 1464843   hits: 0   misses: 1464843                       ║
║ [Batch 36] hit ratio: 0.0000   accesses: 1464843   hits: 0   misses: 1464843                       ║
║ [Batch 37] hit ratio: 0.0000   accesses: 1464843   hits: 0   misses: 1464843                       ║
║ [Batch 38] hit ratio: 0.0000   accesses: 1464843   hits: 0   misses: 1464843                       ║
║ [Batch 39] hit ratio: 0.0000   accesses: 1464843   hits: 0   misses: 1464843                       ║
║ [Batch 40] hit ratio: 0.0000   accesses: 1464843   hits: 0   misses: 1464843                       ║
║ [Batch 41] hit ratio: 0.0000   accesses: 1464843   hits: 0   misses: 1464843                       ║
║ [Batch 42] hit ratio: 0.0000   accesses: 1464843   hits: 0   misses: 1464843                       ║
║ [Batch 43] hit ratio: 0.0000   accesses: 1464843   hits: 0   misses: 1464843                       ║
║ [Batch 44] hit ratio: 0.0000   accesses: 1464843   hits: 0   misses: 1464843                       ║
║ [Batch 45] hit ratio: 0.0000   accesses: 1464843   hits: 0   misses: 1464843                       ║
║ [Batch 46] hit ratio: 0.0000   accesses: 1464843   hits: 0   misses: 1464843                       ║
║ [Batch 47] hit ratio: 0.0090   accesses: 1464843   hits: 13242   misses: 1451601                   ║
║ [Batch 48] hit ratio: 0.0074   accesses: 1464843   hits: 10869   misses: 1453974                   ║
║ [Batch 49] hit ratio: 0.0000   accesses: 1464843   hits: 0   misses: 1464843                       ║
║ [Batch 50] hit ratio: 0.0000   accesses: 1464843   hits: 0   misses: 1464843                       ║
║ [Batch 51] hit ratio: 0.0000   accesses: 1464843   hits: 0   misses: 1464843                       ║
║ [Batch 52] hit ratio: 0.0000   accesses: 1464843   hits: 0   misses: 1464843                       ║
║ [Batch 53] hit ratio: 0.0000   accesses: 1464843   hits: 0   misses: 1464843                       ║
║ [Batch 54] hit ratio: 0.0000   accesses: 1464843   hits: 0   misses: 1464843                       ║
║ [Batch 55] hit ratio: 0.0000   accesses: 1464843   hits: 0   misses: 1464843                       ║
║ [Batch 56] hit ratio: 0.0000   accesses: 1464843   hits: 0   misses: 1464843                       ║
║ [Batch 57] hit ratio: 0.0000   accesses: 1464843   hits: 0   misses: 1464843                       ║
║ [Batch 58] hit ratio: 0.0000   accesses: 1464843   hits: 0   misses: 1464843                       ║
║ [Batch 59] hit ratio: 0.0000   accesses: 1464843   hits: 0   misses: 1464843                       ║
║ [Batch 60] hit ratio: 0.0000   accesses: 1464843   hits: 0   misses: 1464843                       ║
║ [Batch 61] hit ratio: 0.0000   accesses: 1464843   hits: 0   misses: 1464843                       ║
║ [Batch 62] hit ratio: 0.0000   accesses: 1464843   hits: 0   misses: 1464843                       ║
║ [Batch 63] hit ratio: 0.0000   accesses: 1464843   hits: 0   misses: 1464843                       ║
║ [Batch 64] hit ratio: 0.0000   accesses: 1464843   hits: 0   misses: 1464843                       ║
║ [Batch 65] hit ratio: 0.0000   accesses: 1464843   hits: 0   misses: 1464843                       ║
║ [Batch 66] hit ratio: 0.0000   accesses: 1464843   hits: 0   misses: 1464843                       ║
║ [Batch 67] hit ratio: 0.0000   accesses: 1464843   hits: 0   misses: 1464843                       ║
║ [Batch 68] hit ratio: 0.0000   accesses: 1464843   hits: 0   misses: 1464843                       ║
║ [Batch 69] hit ratio: 0.0000   accesses: 1464843   hits: 0   misses: 1464843                       ║
║ [Batch 70] hit ratio: 0.0000   accesses: 1464843   hits: 0   misses: 1464843                       ║
║ [Batch 71] hit ratio: 0.0000   accesses: 1464843   hits: 0   misses: 1464843                       ║
║ [Batch 72] hit ratio: 0.0000   accesses: 1464843   hits: 0   misses: 1464843                       ║
║ [Batch 73] hit ratio: 0.0000   accesses: 1464843   hits: 0   misses: 1464843                       ║
║ [Batch 74] hit ratio: 0.0000   accesses: 1464843   hits: 0   misses: 1464843                       ║
║ [Batch 75] hit ratio: 0.0000   accesses: 1464843   hits: 0   misses: 1464843                       ║
║ [Batch 76] hit ratio: 0.0000   accesses: 1464843   hits: 0   misses: 1464843                       ║
║ [Batch 77] hit ratio: 0.0000   accesses: 1464843   hits: 0   misses: 1464843                       ║
║ [Batch 78] hit ratio: 0.0000   accesses: 1464843   hits: 0   misses: 1464843                       ║
║ [Batch 79] hit ratio: 0.0000   accesses: 1464843   hits: 0   misses: 1464843                       ║
║ [Batch 80] hit ratio: 0.0000   accesses: 1464843   hits: 0   misses: 1464843                       ║
║ [Batch 81] hit ratio: 0.0000   accesses: 1464843   hits: 0   misses: 1464843                       ║
║ [Batch 82] hit ratio: 0.0000   accesses: 1464843   hits: 0   misses: 1464843                       ║
║ [Batch 83] hit ratio: 0.0000   accesses: 1464843   hits: 0   misses: 1464843                       ║
║ [Batch 84] hit ratio: 0.0000   accesses: 1464843   hits: 0   misses: 1464843                       ║
║ [Batch 85] hit ratio: 0.0000   accesses: 1464843   hits: 0   misses: 1464843                       ║
║ [Batch 86] hit ratio: 0.0000   accesses: 1464843   hits: 0   misses: 1464843                       ║
║ [Batch 87] hit ratio: 0.0000   accesses: 1464843   hits: 0   misses: 1464843                       ║
║ [Batch 88] hit ratio: 0.0000   accesses: 1464843   hits: 0   misses: 1464843                       ║
║ [Batch 89] hit ratio: 0.0000   accesses: 1464843   hits: 0   misses: 1464843                       ║
║ [Batch 90] hit ratio: 0.0000   accesses: 1464843   hits: 0   misses: 1464843                       ║
║ [Batch 91] hit ratio: 0.0000   accesses: 1464843   hits: 0   misses: 1464843                       ║
║ [Batch 92] hit ratio: 0.0000   accesses: 1464843   hits: 0   misses: 1464843                       ║
║ [Batch 93] hit ratio: 0.0000   accesses: 1464843   hits: 0   misses: 1464843                       ║
║ [Batch 94] hit ratio: 0.0000   accesses: 1464843   hits: 0   misses: 1464843                       ║
║ [Batch 95] hit ratio: 0.0000   accesses: 1464843   hits: 0   misses: 1464843                       ║
║ [Batch 96] hit ratio: 0.0000   accesses: 1464843   hits: 0   misses: 1464843                       ║
║ [Batch 97] hit ratio: 0.0000   accesses: 1464843   hits: 0   misses: 1464843                       ║
║ [Batch 98] hit ratio: 0.0000   accesses: 1464843   hits: 0   misses: 1464843                       ║
║ [Batch 99] hit ratio: 0.0000   accesses: 1464843   hits: 0   misses: 1464843                       ║
║ [Batch 100] hit ratio: 0.0000   accesses: 1464843   hits: 0   misses: 1464843                      ║
║ [Batch 101] hit ratio: 0.0000   accesses: 1464843   hits: 0   misses: 1464843                      ║
║ [Batch 102] hit ratio: 0.0000   accesses: 1464843   hits: 0   misses: 1464843                      ║
║ [Batch 103] hit ratio: 0.0000   accesses: 1464843   hits: 0   misses: 1464843                      ║
║ [Batch 104] hit ratio: 0.0000   accesses: 1464843   hits: 0   misses: 1464843                      ║
║ [Batch 105] hit ratio: 0.0000   accesses: 1464843   hits: 0   misses: 1464843                      ║
║ [Batch 106] hit ratio: 0.0000   accesses: 1464843   hits: 0   misses: 1464843                      ║
║ [Batch 107] hit ratio: 0.0000   accesses: 1464843   hits: 0   misses: 1464843                      ║
║ [Batch 108] hit ratio: 0.0000   accesses: 1464843   hits: 0   misses: 1464843                      ║
║ [Batch 109] hit ratio: 0.0083   accesses: 1464843   hits: 12096   misses: 1452747                  ║
║ [Batch 110] hit ratio: 0.0000   accesses: 1464843   hits: 0   misses: 1464843                      ║
║ [Batch 111] hit ratio: 0.0000   accesses: 1464843   hits: 0   misses: 1464843                      ║
║ [Batch 112] hit ratio: 0.0000   accesses: 1464843   hits: 0   misses: 1464843                      ║
║ [Batch 113] hit ratio: 0.0000   accesses: 1464843   hits: 0   misses: 1464843                      ║
║ [Batch 114] hit ratio: 0.0000   accesses: 1464843   hits: 0   misses: 1464843                      ║
║ [Batch 115] hit ratio: 0.0000   accesses: 1464843   hits: 0   misses: 1464843                      ║
║ [Batch 116] hit ratio: 0.0000   accesses: 1464843   hits: 0   misses: 1464843                      ║
║ [Batch 117] hit ratio: 0.0000   accesses: 1464843   hits: 0   misses: 1464843                      ║
║ [Batch 118] hit ratio: 0.0000   accesses: 1464843   hits: 0   misses: 1464843                      ║
║ [Batch 119] hit ratio: 0.0000   accesses: 1464843   hits: 0   misses: 1464843                      ║
║ [Batch 120] hit ratio: 0.0000   accesses: 1464843   hits: 0   misses: 1464843                      ║
║ [Batch 121] hit ratio: 0.0000   accesses: 1464843   hits: 0   misses: 1464843                      ║
║ [Batch 122] hit ratio: 0.0000   accesses: 1464843   hits: 0   misses: 1464843                      ║
║ [Batch 123] hit ratio: 0.0000   accesses: 1464843   hits: 0   misses: 1464843                      ║
║ [Batch 124] hit ratio: 0.0000   accesses: 1464843   hits: 0   misses: 1464843                      ║
║ [Batch 125] hit ratio: 0.0000   accesses: 1464843   hits: 0   misses: 1464843                      ║
║ [Batch 126] hit ratio: 0.0000   accesses: 1464843   hits: 0   misses: 1464843                      ║
║ [Batch 127] hit ratio: 0.0000   accesses: 1464843   hits: 0   misses: 1464843                      ║
║ [Batch 128] hit ratio: 0.0000   accesses: 1464843   hits: 0   misses: 1464843                      ║
║ [Batch 129] hit ratio: 0.0000   accesses: 1464843   hits: 0   misses: 1464843                      ║
║ [Batch 130] hit ratio: 0.0000   accesses: 1464843   hits: 0   misses: 1464843                      ║
║ [Batch 131] hit ratio: 0.0000   accesses: 1464843   hits: 0   misses: 1464843                      ║
║ [Batch 132] hit ratio: 0.0000   accesses: 1464843   hits: 0   misses: 1464843                      ║
║ [Batch 133] hit ratio: 0.0000   accesses: 1464843   hits: 0   misses: 1464843                      ║
║ [Batch 134] hit ratio: 0.0000   accesses: 1464843   hits: 0   misses: 1464843                      ║
║ [Batch 135] hit ratio: 0.0000   accesses: 1464843   hits: 0   misses: 1464843                      ║
║ [Batch 136] hit ratio: 0.0000   accesses: 1464843   hits: 0   misses: 1464843                      ║
║ [Batch 137] hit ratio: 0.0000   accesses: 1464843   hits: 0   misses: 1464843                      ║
║ [Batch 138] hit ratio: 0.0000   accesses: 1464843   hits: 0   misses: 1464843                      ║
║ [Batch 139] hit ratio: 0.0000   accesses: 1464843   hits: 0   misses: 1464843                      ║
║ [Batch 140] hit ratio: 0.0000   accesses: 1464843   hits: 0   misses: 1464843                      ║
║ [Batch 141] hit ratio: 0.0000   accesses: 1464843   hits: 0   misses: 1464843                      ║
║ [Batch 142] hit ratio: 0.0000   accesses: 1464843   hits: 0   misses: 1464843                      ║
║ [Batch 143] hit ratio: 0.0000   accesses: 1464843   hits: 0   misses: 1464843                      ║
║ [Batch 144] hit ratio: 0.0000   accesses: 1464843   hits: 0   misses: 1464843                      ║
║ [Batch 145] hit ratio: 0.0000   accesses: 1464843   hits: 0   misses: 1464843                      ║
║ [Batch 146] hit ratio: 0.0000   accesses: 1464843   hits: 0   misses: 1464843                      ║
║ [Batch 147] hit ratio: 0.0000   accesses: 1464843   hits: 0   misses: 1464843                      ║
║ [Batch 148] hit ratio: 0.0000   accesses: 1464843   hits: 0   misses: 1464843                      ║
║ [Batch 149] hit ratio: 0.0000   accesses: 1464843   hits: 0   misses: 1464843                      ║
║ [Batch 150] hit ratio: 0.0000   accesses: 1464843   hits: 0   misses: 1464843                      ║
║ [Batch 151] hit ratio: 0.0000   accesses: 1464843   hits: 0   misses: 1464843                      ║
║ [Batch 152] hit ratio: 0.0000   accesses: 1464843   hits: 0   misses: 1464843                      ║
║ [Batch 153] hit ratio: 0.0000   accesses: 1464843   hits: 0   misses: 1464843                      ║
║ [Batch 154] hit ratio: 0.0000   accesses: 1464843   hits: 0   misses: 1464843                      ║
║ [Batch 155] hit ratio: 0.0000   accesses: 1464843   hits: 0   misses: 1464843                      ║
║ [Batch 156] hit ratio: 0.0000   accesses: 1464843   hits: 0   misses: 1464843                      ║
║ [Batch 157] hit ratio: 0.0000   accesses: 1464843   hits: 0   misses: 1464843                      ║
║ [Batch 158] hit ratio: 0.0000   accesses: 1464843   hits: 0   misses: 1464843                      ║
║ [Batch 159] hit ratio: 0.0000   accesses: 1464843   hits: 0   misses: 1464843                      ║
║ [Batch 160] hit ratio: 0.0000   accesses: 1464843   hits: 0   misses: 1464843                      ║
║ [Batch 161] hit ratio: 0.0000   accesses: 1464843   hits: 0   misses: 1464843                      ║
║ [Batch 162] hit ratio: 0.0000   accesses: 1464843   hits: 0   misses: 1464843                      ║
║ [Batch 163] hit ratio: 0.0000   accesses: 1464843   hits: 0   misses: 1464843                      ║
║ [Batch 164] hit ratio: 0.0000   accesses: 1464843   hits: 0   misses: 1464843                      ║
║ [Batch 165] hit ratio: 0.0000   accesses: 1464843   hits: 0   misses: 1464843                      ║
║ [Batch 166] hit ratio: 0.0000   accesses: 1464843   hits: 0   misses: 1464843                      ║
║ [Batch 167] hit ratio: 0.0000   accesses: 1464843   hits: 0   misses: 1464843                      ║
║ [Batch 168] hit ratio: 0.0000   accesses: 1464843   hits: 0   misses: 1464843                      ║
║ [Batch 169] hit ratio: 0.0000   accesses: 1464843   hits: 0   misses: 1464843                      ║
║ [Batch 170] hit ratio: 0.0000   accesses: 1464843   hits: 0   misses: 1464843                      ║
║ [Batch 171] hit ratio: 0.0000   accesses: 1464843   hits: 0   misses: 1464843                      ║
║ [Batch 172] hit ratio: 0.0000   accesses: 1464843   hits: 0   misses: 1464843                      ║
║ [Batch 173] hit ratio: 0.0000   accesses: 1464843   hits: 0   misses: 1464843                      ║
║ [Batch 174] hit ratio: 0.0000   accesses: 1464843   hits: 0   misses: 1464843                      ║
║ [Batch 175] hit ratio: 0.0000   accesses: 1464843   hits: 0   misses: 1464843                      ║
║ [Batch 176] hit ratio: 0.0000   accesses: 1464843   hits: 0   misses: 1464843                      ║
║ [Batch 177] hit ratio: 0.0000   accesses: 1464843   hits: 0   misses: 1464843                      ║
║ [Batch 178] hit ratio: 0.0000   accesses: 1464843   hits: 0   misses: 1464843                      ║
║ [Batch 179] hit ratio: 0.0000   accesses: 1464843   hits: 0   misses: 1464843                      ║
║ [Batch 180] hit ratio: 0.0000   accesses: 1464843   hits: 0   misses: 1464843                      ║
║ [Batch 181] hit ratio: 0.0000   accesses: 1464843   hits: 0   misses: 1464843                      ║
║ [Batch 182] hit ratio: 0.0000   accesses: 1464843   hits: 0   misses: 1464843                      ║
║ [Batch 183] hit ratio: 0.0000   accesses: 1464843   hits: 0   misses: 1464843                      ║
║ [Batch 184] hit ratio: 0.0000   accesses: 1464843   hits: 0   misses: 1464843                      ║
║ [Batch 185] hit ratio: 0.0000   accesses: 1464843   hits: 0   misses: 1464843                      ║
║ [Batch 186] hit ratio: 0.0000   accesses: 1464843   hits: 0   misses: 1464843                      ║
║ [Batch 187] hit ratio: 0.0000   accesses: 1464843   hits: 0   misses: 1464843                      ║
║ [Batch 188] hit ratio: 0.0000   accesses: 1464843   hits: 0   misses: 1464843                      ║
║ [Batch 189] hit ratio: 0.0000   accesses: 1464843   hits: 0   misses: 1464843                      ║
║ [Batch 190] hit ratio: 0.0000   accesses: 1464843   hits: 0   misses: 1464843                      ║
║ [Batch 191] hit ratio: 0.0000   accesses: 1464843   hits: 0   misses: 1464843                      ║
║ [Batch 192] hit ratio: 0.0000   accesses: 1464843   hits: 0   misses: 1464843                      ║
║ [Batch 193] hit ratio: 0.0000   accesses: 1464843   hits: 0   misses: 1464843                      ║
║ [Batch 194] hit ratio: 0.0000   accesses: 1464843   hits: 0   misses: 1464843                      ║
║ [Batch 195] hit ratio: 0.0000   accesses: 1464843   hits: 0   misses: 1464843                      ║
║ [Batch 196] hit ratio: 0.0000   accesses: 1464843   hits: 0   misses: 1464843                      ║
║ [Batch 197] hit ratio: 0.0000   accesses: 1464843   hits: 0   misses: 1464843                      ║
║ [Batch 198] hit ratio: 0.0000   accesses: 1464843   hits: 0   misses: 1464843                      ║
║ [Batch 199] hit ratio: 0.0000   accesses: 1464843   hits: 0   misses: 1464843                      ║
╚════════════════════════════════════════════════════════════════════════════════════════════════════╝
(Time elapsed(s) in do simulation: 1041.375549sec)
[DEBUG] workload_type: vectordb



 START ENERGY ESTIMATION 

Setting parameters for energy estimation...
Setting workload configuration...
Setting energy table configuration...
 [DEBUG] action type and count for op 0: add 187499904.0
 [DEBUG] action type and count for op 1: mul 187499904.0
 [DEBUG] action type and count for op 0: add 187499904.0
 [DEBUG] action type and count for op 1: mul 187499904.0
 [DEBUG] action type and count for op 0: add 187499904.0
 [DEBUG] action type and count for op 1: mul 187499904.0
 [DEBUG] action type and count for op 0: add 187499904.0
 [DEBUG] action type and count for op 1: mul 187499904.0
 [DEBUG] action type and count for op 0: add 187499904.0
 [DEBUG] action type and count for op 1: mul 187499904.0
 [DEBUG] action type and count for op 0: add 187499904.0
 [DEBUG] action type and count for op 1: mul 187499904.0
 [DEBUG] action type and count for op 0: add 187499904.0
 [DEBUG] action type and count for op 1: mul 187499904.0
 [DEBUG] action type and count for op 0: add 187499904.0
 [DEBUG] action type and count for op 1: mul 187499904.0
 [DEBUG] action type and count for op 0: add 187499904.0
 [DEBUG] action type and count for op 1: mul 187499904.0
 [DEBUG] action type and count for op 0: add 187499904.0
 [DEBUG] action type and count for op 1: mul 187499904.0
 [DEBUG] action type and count for op 0: add 187499904.0
 [DEBUG] action type and count for op 1: mul 187499904.0
 [DEBUG] action type and count for op 0: add 187499904.0
 [DEBUG] action type and count for op 1: mul 187499904.0
 [DEBUG] action type and count for op 0: add 187499904.0
 [DEBUG] action type and count for op 1: mul 187499904.0
 [DEBUG] action type and count for op 0: add 187499904.0
 [DEBUG] action type and count for op 1: mul 187499904.0
 [DEBUG] action type and count for op 0: add 187499904.0
 [DEBUG] action type and count for op 1: mul 187499904.0
 [DEBUG] action type and count for op 0: add 187499904.0
 [DEBUG] action type and count for op 1: mul 187499904.0
 [DEBUG] action type and count for op 0: add 187499904.0
 [DEBUG] action type and count for op 1: mul 187499904.0
 [DEBUG] action type and count for op 0: add 187499904.0
 [DEBUG] action type and count for op 1: mul 187499904.0
 [DEBUG] action type and count for op 0: add 187499904.0
 [DEBUG] action type and count for op 1: mul 187499904.0
 [DEBUG] action type and count for op 0: add 187499904.0
 [DEBUG] action type and count for op 1: mul 187499904.0
 [DEBUG] action type and count for op 0: add 187499904.0
 [DEBUG] action type and count for op 1: mul 187499904.0
 [DEBUG] action type and count for op 0: add 187499904.0
 [DEBUG] action type and count for op 1: mul 187499904.0
 [DEBUG] action type and count for op 0: add 187499904.0
 [DEBUG] action type and count for op 1: mul 187499904.0
 [DEBUG] action type and count for op 0: add 187499904.0
 [DEBUG] action type and count for op 1: mul 187499904.0
 [DEBUG] action type and count for op 0: add 187499904.0
 [DEBUG] action type and count for op 1: mul 187499904.0
 [DEBUG] action type and count for op 0: add 187499904.0
 [DEBUG] action type and count for op 1: mul 187499904.0
 [DEBUG] action type and count for op 0: add 187499904.0
 [DEBUG] action type and count for op 1: mul 187499904.0
 [DEBUG] action type and count for op 0: add 187499904.0
 [DEBUG] action type and count for op 1: mul 187499904.0
 [DEBUG] action type and count for op 0: add 187499904.0
 [DEBUG] action type and count for op 1: mul 187499904.0
 [DEBUG] action type and count for op 0: add 187499904.0
 [DEBUG] action type and count for op 1: mul 187499904.0
 [DEBUG] action type and count for op 0: add 187499904.0
 [DEBUG] action type and count for op 1: mul 187499904.0
 [DEBUG] action type and count for op 0: add 187499904.0
 [DEBUG] action type and count for op 1: mul 187499904.0
 [DEBUG] action type and count for op 0: add 187499904.0
 [DEBUG] action type and count for op 1: mul 187499904.0
 [DEBUG] action type and count for op 0: add 187499904.0
 [DEBUG] action type and count for op 1: mul 187499904.0
 [DEBUG] action type and count for op 0: add 187499904.0
 [DEBUG] action type and count for op 1: mul 187499904.0
 [DEBUG] action type and count for op 0: add 187499904.0
 [DEBUG] action type and count for op 1: mul 187499904.0
 [DEBUG] action type and count for op 0: add 187499904.0
 [DEBUG] action type and count for op 1: mul 187499904.0
 [DEBUG] action type and count for op 0: add 187499904.0
 [DEBUG] action type and count for op 1: mul 187499904.0
 [DEBUG] action type and count for op 0: add 187499904.0
 [DEBUG] action type and count for op 1: mul 187499904.0
 [DEBUG] action type and count for op 0: add 187499904.0
 [DEBUG] action type and count for op 1: mul 187499904.0
 [DEBUG] action type and count for op 0: add 187499904.0
 [DEBUG] action type and count for op 1: mul 187499904.0
 [DEBUG] action type and count for op 0: add 187499904.0
 [DEBUG] action type and count for op 1: mul 187499904.0
 [DEBUG] action type and count for op 0: add 187499904.0
 [DEBUG] action type and count for op 1: mul 187499904.0
 [DEBUG] action type and count for op 0: add 187499904.0
 [DEBUG] action type and count for op 1: mul 187499904.0
 [DEBUG] action type and count for op 0: add 187499904.0
 [DEBUG] action type and count for op 1: mul 187499904.0
 [DEBUG] action type and count for op 0: add 187499904.0
 [DEBUG] action type and count for op 1: mul 187499904.0
 [DEBUG] action type and count for op 0: add 187499904.0
 [DEBUG] action type and count for op 1: mul 187499904.0
 [DEBUG] action type and count for op 0: add 187499904.0
 [DEBUG] action type and count for op 1: mul 187499904.0
 [DEBUG] action type and count for op 0: add 187499904.0
 [DEBUG] action type and count for op 1: mul 187499904.0
 [DEBUG] action type and count for op 0: add 187499904.0
 [DEBUG] action type and count for op 1: mul 187499904.0
 [DEBUG] action type and count for op 0: add 187499904.0
 [DEBUG] action type and count for op 1: mul 187499904.0
 [DEBUG] action type and count for op 0: add 187499904.0
 [DEBUG] action type and count for op 1: mul 187499904.0
 [DEBUG] action type and count for op 0: add 187499904.0
 [DEBUG] action type and count for op 1: mul 187499904.0
 [DEBUG] action type and count for op 0: add 187499904.0
 [DEBUG] action type and count for op 1: mul 187499904.0
 [DEBUG] action type and count for op 0: add 187499904.0
 [DEBUG] action type and count for op 1: mul 187499904.0
 [DEBUG] action type and count for op 0: add 187499904.0
 [DEBUG] action type and count for op 1: mul 187499904.0
 [DEBUG] action type and count for op 0: add 187499904.0
 [DEBUG] action type and count for op 1: mul 187499904.0
 [DEBUG] action type and count for op 0: add 187499904.0
 [DEBUG] action type and count for op 1: mul 187499904.0
 [DEBUG] action type and count for op 0: add 187499904.0
 [DEBUG] action type and count for op 1: mul 187499904.0
 [DEBUG] action type and count for op 0: add 187499904.0
 [DEBUG] action type and count for op 1: mul 187499904.0
 [DEBUG] action type and count for op 0: add 187499904.0
 [DEBUG] action type and count for op 1: mul 187499904.0
 [DEBUG] action type and count for op 0: add 187499904.0
 [DEBUG] action type and count for op 1: mul 187499904.0
 [DEBUG] action type and count for op 0: add 187499904.0
 [DEBUG] action type and count for op 1: mul 187499904.0
 [DEBUG] action type and count for op 0: add 187499904.0
 [DEBUG] action type and count for op 1: mul 187499904.0
 [DEBUG] action type and count for op 0: add 187499904.0
 [DEBUG] action type and count for op 1: mul 187499904.0
 [DEBUG] action type and count for op 0: add 187499904.0
 [DEBUG] action type and count for op 1: mul 187499904.0
 [DEBUG] action type and count for op 0: add 187499904.0
 [DEBUG] action type and count for op 1: mul 187499904.0
 [DEBUG] action type and count for op 0: add 187499904.0
 [DEBUG] action type and count for op 1: mul 187499904.0
 [DEBUG] action type and count for op 0: add 187499904.0
 [DEBUG] action type and count for op 1: mul 187499904.0
 [DEBUG] action type and count for op 0: add 187499904.0
 [DEBUG] action type and count for op 1: mul 187499904.0
 [DEBUG] action type and count for op 0: add 187499904.0
 [DEBUG] action type and count for op 1: mul 187499904.0
 [DEBUG] action type and count for op 0: add 187499904.0
 [DEBUG] action type and count for op 1: mul 187499904.0
 [DEBUG] action type and count for op 0: add 187499904.0
 [DEBUG] action type and count for op 1: mul 187499904.0
 [DEBUG] action type and count for op 0: add 187499904.0
 [DEBUG] action type and count for op 1: mul 187499904.0
 [DEBUG] action type and count for op 0: add 187499904.0
 [DEBUG] action type and count for op 1: mul 187499904.0
 [DEBUG] action type and count for op 0: add 187499904.0
 [DEBUG] action type and count for op 1: mul 187499904.0
 [DEBUG] action type and count for op 0: add 187499904.0
 [DEBUG] action type and count for op 1: mul 187499904.0
 [DEBUG] action type and count for op 0: add 187499904.0
 [DEBUG] action type and count for op 1: mul 187499904.0
 [DEBUG] action type and count for op 0: add 187499904.0
 [DEBUG] action type and count for op 1: mul 187499904.0
 [DEBUG] action type and count for op 0: add 187499904.0
 [DEBUG] action type and count for op 1: mul 187499904.0
 [DEBUG] action type and count for op 0: add 187499904.0
 [DEBUG] action type and count for op 1: mul 187499904.0
 [DEBUG] action type and count for op 0: add 187499904.0
 [DEBUG] action type and count for op 1: mul 187499904.0
 [DEBUG] action type and count for op 0: add 187499904.0
 [DEBUG] action type and count for op 1: mul 187499904.0
 [DEBUG] action type and count for op 0: add 187499904.0
 [DEBUG] action type and count for op 1: mul 187499904.0
 [DEBUG] action type and count for op 0: add 187499904.0
 [DEBUG] action type and count for op 1: mul 187499904.0
 [DEBUG] action type and count for op 0: add 187499904.0
 [DEBUG] action type and count for op 1: mul 187499904.0
 [DEBUG] action type and count for op 0: add 187499904.0
 [DEBUG] action type and count for op 1: mul 187499904.0
 [DEBUG] action type and count for op 0: add 187499904.0
 [DEBUG] action type and count for op 1: mul 187499904.0
 [DEBUG] action type and count for op 0: add 187499904.0
 [DEBUG] action type and count for op 1: mul 187499904.0
 [DEBUG] action type and count for op 0: add 187499904.0
 [DEBUG] action type and count for op 1: mul 187499904.0
 [DEBUG] action type and count for op 0: add 187499904.0
 [DEBUG] action type and count for op 1: mul 187499904.0
 [DEBUG] action type and count for op 0: add 187499904.0
 [DEBUG] action type and count for op 1: mul 187499904.0
 [DEBUG] action type and count for op 0: add 187499904.0
 [DEBUG] action type and count for op 1: mul 187499904.0
 [DEBUG] action type and count for op 0: add 187499904.0
 [DEBUG] action type and count for op 1: mul 187499904.0
 [DEBUG] action type and count for op 0: add 187499904.0
 [DEBUG] action type and count for op 1: mul 187499904.0
 [DEBUG] action type and count for op 0: add 187499904.0
 [DEBUG] action type and count for op 1: mul 187499904.0
 [DEBUG] action type and count for op 0: add 187499904.0
 [DEBUG] action type and count for op 1: mul 187499904.0
 [DEBUG] action type and count for op 0: add 187499904.0
 [DEBUG] action type and count for op 1: mul 187499904.0
 [DEBUG] action type and count for op 0: add 187499904.0
 [DEBUG] action type and count for op 1: mul 187499904.0
 [DEBUG] action type and count for op 0: add 187499904.0
 [DEBUG] action type and count for op 1: mul 187499904.0
 [DEBUG] action type and count for op 0: add 187499904.0
 [DEBUG] action type and count for op 1: mul 187499904.0
 [DEBUG] action type and count for op 0: add 187499904.0
 [DEBUG] action type and count for op 1: mul 187499904.0
 [DEBUG] action type and count for op 0: add 187499904.0
 [DEBUG] action type and count for op 1: mul 187499904.0
 [DEBUG] action type and count for op 0: add 187499904.0
 [DEBUG] action type and count for op 1: mul 187499904.0
 [DEBUG] action type and count for op 0: add 187499904.0
 [DEBUG] action type and count for op 1: mul 187499904.0
 [DEBUG] action type and count for op 0: add 187499904.0
 [DEBUG] action type and count for op 1: mul 187499904.0
 [DEBUG] action type and count for op 0: add 187499904.0
 [DEBUG] action type and count for op 1: mul 187499904.0
 [DEBUG] action type and count for op 0: add 187499904.0
 [DEBUG] action type and count for op 1: mul 187499904.0
 [DEBUG] action type and count for op 0: add 187499904.0
 [DEBUG] action type and count for op 1: mul 187499904.0
 [DEBUG] action type and count for op 0: add 187499904.0
 [DEBUG] action type and count for op 1: mul 187499904.0
 [DEBUG] action type and count for op 0: add 187499904.0
 [DEBUG] action type and count for op 1: mul 187499904.0
 [DEBUG] action type and count for op 0: add 187499904.0
 [DEBUG] action type and count for op 1: mul 187499904.0
 [DEBUG] action type and count for op 0: add 187499904.0
 [DEBUG] action type and count for op 1: mul 187499904.0
 [DEBUG] action type and count for op 0: add 187499904.0
 [DEBUG] action type and count for op 1: mul 187499904.0
 [DEBUG] action type and count for op 0: add 187499904.0
 [DEBUG] action type and count for op 1: mul 187499904.0
 [DEBUG] action type and count for op 0: add 187499904.0
 [DEBUG] action type and count for op 1: mul 187499904.0
 [DEBUG] action type and count for op 0: add 187499904.0
 [DEBUG] action type and count for op 1: mul 187499904.0
 [DEBUG] action type and count for op 0: add 187499904.0
 [DEBUG] action type and count for op 1: mul 187499904.0
 [DEBUG] action type and count for op 0: add 187499904.0
 [DEBUG] action type and count for op 1: mul 187499904.0
 [DEBUG] action type and count for op 0: add 187499904.0
 [DEBUG] action type and count for op 1: mul 187499904.0
 [DEBUG] action type and count for op 0: add 187499904.0
 [DEBUG] action type and count for op 1: mul 187499904.0
 [DEBUG] action type and count for op 0: add 187499904.0
 [DEBUG] action type and count for op 1: mul 187499904.0
 [DEBUG] action type and count for op 0: add 187499904.0
 [DEBUG] action type and count for op 1: mul 187499904.0
 [DEBUG] action type and count for op 0: add 187499904.0
 [DEBUG] action type and count for op 1: mul 187499904.0
 [DEBUG] action type and count for op 0: add 187499904.0
 [DEBUG] action type and count for op 1: mul 187499904.0
 [DEBUG] action type and count for op 0: add 187499904.0
 [DEBUG] action type and count for op 1: mul 187499904.0
 [DEBUG] action type and count for op 0: add 187499904.0
 [DEBUG] action type and count for op 1: mul 187499904.0
 [DEBUG] action type and count for op 0: add 187499904.0
 [DEBUG] action type and count for op 1: mul 187499904.0
 [DEBUG] action type and count for op 0: add 187499904.0
 [DEBUG] action type and count for op 1: mul 187499904.0
 [DEBUG] action type and count for op 0: add 187499904.0
 [DEBUG] action type and count for op 1: mul 187499904.0
 [DEBUG] action type and count for op 0: add 187499904.0
 [DEBUG] action type and count for op 1: mul 187499904.0
 [DEBUG] action type and count for op 0: add 187499904.0
 [DEBUG] action type and count for op 1: mul 187499904.0
 [DEBUG] action type and count for op 0: add 187499904.0
 [DEBUG] action type and count for op 1: mul 187499904.0
 [DEBUG] action type and count for op 0: add 187499904.0
 [DEBUG] action type and count for op 1: mul 187499904.0
 [DEBUG] action type and count for op 0: add 187499904.0
 [DEBUG] action type and count for op 1: mul 187499904.0
 [DEBUG] action type and count for op 0: add 187499904.0
 [DEBUG] action type and count for op 1: mul 187499904.0
 [DEBUG] action type and count for op 0: add 187499904.0
 [DEBUG] action type and count for op 1: mul 187499904.0
 [DEBUG] action type and count for op 0: add 187499904.0
 [DEBUG] action type and count for op 1: mul 187499904.0
 [DEBUG] action type and count for op 0: add 187499904.0
 [DEBUG] action type and count for op 1: mul 187499904.0
 [DEBUG] action type and count for op 0: add 187499904.0
 [DEBUG] action type and count for op 1: mul 187499904.0
 [DEBUG] action type and count for op 0: add 187499904.0
 [DEBUG] action type and count for op 1: mul 187499904.0
 [DEBUG] action type and count for op 0: add 187499904.0
 [DEBUG] action type and count for op 1: mul 187499904.0
 [DEBUG] action type and count for op 0: add 187499904.0
 [DEBUG] action type and count for op 1: mul 187499904.0
 [DEBUG] action type and count for op 0: add 187499904.0
 [DEBUG] action type and count for op 1: mul 187499904.0
 [DEBUG] action type and count for op 0: add 187499904.0
 [DEBUG] action type and count for op 1: mul 187499904.0
 [DEBUG] action type and count for op 0: add 187499904.0
 [DEBUG] action type and count for op 1: mul 187499904.0
 [DEBUG] action type and count for op 0: add 187499904.0
 [DEBUG] action type and count for op 1: mul 187499904.0
 [DEBUG] action type and count for op 0: add 187499904.0
 [DEBUG] action type and count for op 1: mul 187499904.0
 [DEBUG] action type and count for op 0: add 187499904.0
 [DEBUG] action type and count for op 1: mul 187499904.0
 [DEBUG] action type and count for op 0: add 187499904.0
 [DEBUG] action type and count for op 1: mul 187499904.0
 [DEBUG] action type and count for op 0: add 187499904.0
 [DEBUG] action type and count for op 1: mul 187499904.0
 [DEBUG] action type and count for op 0: add 187499904.0
 [DEBUG] action type and count for op 1: mul 187499904.0
 [DEBUG] action type and count for op 0: add 187499904.0
 [DEBUG] action type and count for op 1: mul 187499904.0
 [DEBUG] action type and count for op 0: add 187499904.0
 [DEBUG] action type and count for op 1: mul 187499904.0
 [DEBUG] action type and count for op 0: add 187499904.0
 [DEBUG] action type and count for op 1: mul 187499904.0
 [DEBUG] action type and count for op 0: add 187499904.0
 [DEBUG] action type and count for op 1: mul 187499904.0
 [DEBUG] action type and count for op 0: add 187499904.0
 [DEBUG] action type and count for op 1: mul 187499904.0
 [DEBUG] action type and count for op 0: add 187499904.0
 [DEBUG] action type and count for op 1: mul 187499904.0
 [DEBUG] action type and count for op 0: add 187499904.0
 [DEBUG] action type and count for op 1: mul 187499904.0
 [DEBUG] action type and count for op 0: add 187499904.0
 [DEBUG] action type and count for op 1: mul 187499904.0
 [DEBUG] action type and count for op 0: add 187499904.0
 [DEBUG] action type and count for op 1: mul 187499904.0
 [DEBUG] action type and count for op 0: add 187499904.0
 [DEBUG] action type and count for op 1: mul 187499904.0
 [DEBUG] action type and count for op 0: add 187499904.0
 [DEBUG] action type and count for op 1: mul 187499904.0
 [DEBUG] action type and count for op 0: add 187499904.0
 [DEBUG] action type and count for op 1: mul 187499904.0
 [DEBUG] action type and count for op 0: add 187499904.0
 [DEBUG] action type and count for op 1: mul 187499904.0
 [DEBUG] action type and count for op 0: add 187499904.0
 [DEBUG] action type and count for op 1: mul 187499904.0
 [DEBUG] action type and count for op 0: add 187499904.0
 [DEBUG] action type and count for op 1: mul 187499904.0
 [DEBUG] action type and count for op 0: add 187499904.0
 [DEBUG] action type and count for op 1: mul 187499904.0
 [DEBUG] action type and count for op 0: add 187499904.0
 [DEBUG] action type and count for op 1: mul 187499904.0
 [DEBUG] action type and count for op 0: add 187499904.0
 [DEBUG] action type and count for op 1: mul 187499904.0
 [DEBUG] action type and count for op 0: add 187499904.0
 [DEBUG] action type and count for op 1: mul 187499904.0
 [DEBUG] action type and count for op 0: add 187499904.0
 [DEBUG] action type and count for op 1: mul 187499904.0
 [DEBUG] action type and count for op 0: add 187499904.0
 [DEBUG] action type and count for op 1: mul 187499904.0
 [DEBUG] action type and count for op 0: add 187499904.0
 [DEBUG] action type and count for op 1: mul 187499904.0
 [DEBUG] action type and count for op 0: add 187499904.0
 [DEBUG] action type and count for op 1: mul 187499904.0
 [DEBUG] action type and count for op 0: add 187499904.0
 [DEBUG] action type and count for op 1: mul 187499904.0
 [DEBUG] action type and count for op 0: add 187499904.0
 [DEBUG] action type and count for op 1: mul 187499904.0
 [DEBUG] action type and count for op 0: add 187499904.0
 [DEBUG] action type and count for op 1: mul 187499904.0
 [DEBUG] action type and count for op 0: add 187499904.0
 [DEBUG] action type and count for op 1: mul 187499904.0
 [DEBUG] action type and count for op 0: add 187499904.0
 [DEBUG] action type and count for op 1: mul 187499904.0
 [DEBUG] action type and count for op 0: add 187499904.0
 [DEBUG] action type and count for op 1: mul 187499904.0
 [DEBUG] action type and count for op 0: add 187499904.0
 [DEBUG] action type and count for op 1: mul 187499904.0
 [DEBUG] action type and count for op 0: add 187499904.0
 [DEBUG] action type and count for op 1: mul 187499904.0
 [DEBUG] action type and count for op 0: add 187499904.0
 [DEBUG] action type and count for op 1: mul 187499904.0
 [DEBUG] action type and count for op 0: add 187499904.0
 [DEBUG] action type and count for op 1: mul 187499904.0
 [DEBUG] action type and count for op 0: add 187499904.0
 [DEBUG] action type and count for op 1: mul 187499904.0
 [DEBUG] action type and count for op 0: add 187499904.0
 [DEBUG] action type and count for op 1: mul 187499904.0
 [DEBUG] action type and count for op 0: add 187499904.0
 [DEBUG] action type and count for op 1: mul 187499904.0
 [DEBUG] action type and count for op 0: add 187499904.0
 [DEBUG] action type and count for op 1: mul 187499904.0
 [DEBUG] action type and count for op 0: add 187499904.0
 [DEBUG] action type and count for op 1: mul 187499904.0
 [DEBUG] action type and count for op 0: add 187499904.0
 [DEBUG] action type and count for op 1: mul 187499904.0
 [DEBUG] action type and count for op 0: add 187499904.0
 [DEBUG] action type and count for op 1: mul 187499904.0
 [DEBUG] action type and count for op 0: add 187499904.0
 [DEBUG] action type and count for op 1: mul 187499904.0
 [DEBUG] action type and count for op 0: add 187499904.0
 [DEBUG] action type and count for op 1: mul 187499904.0
 [DEBUG] action type and count for op 0: add 187499904.0
 [DEBUG] action type and count for op 1: mul 187499904.0
 [DEBUG] action type and count for op 0: add 187499904.0
 [DEBUG] action type and count for op 1: mul 187499904.0
 [DEBUG] action type and count for op 0: add 187499904.0
 [DEBUG] action type and count for op 1: mul 187499904.0
 [DEBUG] action type and count for op 0: add 187499904.0
 [DEBUG] action type and count for op 1: mul 187499904.0
 [DEBUG] action type and count for op 0: add 187499904.0
 [DEBUG] action type and count for op 1: mul 187499904.0
 [DEBUG] action type and count for op 0: add 187499904.0
 [DEBUG] action type and count for op 1: mul 187499904.0

╔════════════════════════════════════════════════════════════════════════════════════════════════════╗
║▒▒▒▒▒▒▒▒▒▒▒▒▒▒▒▒▒▒▒▒▒▒▒▒▒▒▒▒▒▒▒▒▒▒▒《 Energy Estimation Results 》▒▒▒▒▒▒▒▒▒▒▒▒▒▒▒▒▒▒▒▒▒▒▒▒▒▒▒▒▒▒▒▒▒▒▒║
╚════════════════════════════════════════════════════════════════════════════════════════════════════╝

╔════════════════════════════════════════════════════════════════════════════════════════════════════╗
║▒▒▒▒▒▒▒▒▒▒▒▒▒▒▒▒▒▒▒▒▒▒▒▒▒▒▒▒▒▒▒▒▒▒▒《 Energy Estimation Results 》▒▒▒▒▒▒▒▒▒▒▒▒▒▒▒▒▒▒▒▒▒▒▒▒▒▒▒▒▒▒▒▒▒▒▒║
╠════════════════════════════════════════════════════════════════════════════════════════════════════╣
║ Total Energy: 1692000975870.235 pJ                                                                 ║
║ Off-chip Memory Energy: 1640421400800.000 pJ (96.95%)                                              ║
║ On-chip Memory Energy: 17101290.240 pJ (0.00%)                                                     ║
║ Operations Energy:                                                                                 ║
║   - Operation 0: 8437495680.000 pJ (0.50%)                                                         ║
║   - Operation 1: 34687482240.000 pJ (2.05%)                                                        ║
║   - Operation 2: 8371577880.000 pJ (0.49%)                                                         ║
║   - Operation 3: 65917980.000 pJ (0.00%)                                                           ║
║                                                                                                    ║
║ Per-Batch Energy:                                                                                  ║
║   - Batch 0:                                                                                       ║
║     Total Energy: 8460933168.900 pJ                                                                ║
║     Off-chip Memory Energy: 8203120800.000 pJ                                                      ║
║     On-chip Memory Energy: 0.000 pJ                                                                ║
║     Operations Energy:                                                                             ║
║       - Operation 0: 42187478.400 pJ                                                               ║
║       - Operation 1: 173437411.200 pJ                                                              ║
║       - Operation 2: 41857889.400 pJ                                                               ║
║       - Operation 3: 329589.900 pJ                                                                 ║
║   - Batch 1:                                                                                       ║
║     Total Energy: 8460933168.900 pJ                                                                ║
║     Off-chip Memory Energy: 8203120800.000 pJ                                                      ║
║     On-chip Memory Energy: 0.000 pJ                                                                ║
║     Operations Energy:                                                                             ║
║       - Operation 0: 42187478.400 pJ                                                               ║
║       - Operation 1: 173437411.200 pJ                                                              ║
║       - Operation 2: 41857889.400 pJ                                                               ║
║       - Operation 3: 329589.900 pJ                                                                 ║
║   - Batch 2:                                                                                       ║
║     Total Energy: 8460933168.900 pJ                                                                ║
║     Off-chip Memory Energy: 8203120800.000 pJ                                                      ║
║     On-chip Memory Energy: 0.000 pJ                                                                ║
║     Operations Energy:                                                                             ║
║       - Operation 0: 42187478.400 pJ                                                               ║
║       - Operation 1: 173437411.200 pJ                                                              ║
║       - Operation 2: 41857889.400 pJ                                                               ║
║       - Operation 3: 329589.900 pJ                                                                 ║
║   - Batch 3:                                                                                       ║
║     Total Energy: 8460933168.900 pJ                                                                ║
║     Off-chip Memory Energy: 8203120800.000 pJ                                                      ║
║     On-chip Memory Energy: 0.000 pJ                                                                ║
║     Operations Energy:                                                                             ║
║       - Operation 0: 42187478.400 pJ                                                               ║
║       - Operation 1: 173437411.200 pJ                                                              ║
║       - Operation 2: 41857889.400 pJ                                                               ║
║       - Operation 3: 329589.900 pJ                                                                 ║
║   - Batch 4:                                                                                       ║
║     Total Energy: 8460933168.900 pJ                                                                ║
║     Off-chip Memory Energy: 8203120800.000 pJ                                                      ║
║     On-chip Memory Energy: 0.000 pJ                                                                ║
║     Operations Energy:                                                                             ║
║       - Operation 0: 42187478.400 pJ                                                               ║
║       - Operation 1: 173437411.200 pJ                                                              ║
║       - Operation 2: 41857889.400 pJ                                                               ║
║       - Operation 3: 329589.900 pJ                                                                 ║
║   - Batch 5:                                                                                       ║
║     Total Energy: 8460933168.900 pJ                                                                ║
║     Off-chip Memory Energy: 8203120800.000 pJ                                                      ║
║     On-chip Memory Energy: 0.000 pJ                                                                ║
║     Operations Energy:                                                                             ║
║       - Operation 0: 42187478.400 pJ                                                               ║
║       - Operation 1: 173437411.200 pJ                                                              ║
║       - Operation 2: 41857889.400 pJ                                                               ║
║       - Operation 3: 329589.900 pJ                                                                 ║
║   - Batch 6:                                                                                       ║
║     Total Energy: 8460933168.900 pJ                                                                ║
║     Off-chip Memory Energy: 8203120800.000 pJ                                                      ║
║     On-chip Memory Energy: 0.000 pJ                                                                ║
║     Operations Energy:                                                                             ║
║       - Operation 0: 42187478.400 pJ                                                               ║
║       - Operation 1: 173437411.200 pJ                                                              ║
║       - Operation 2: 41857889.400 pJ                                                               ║
║       - Operation 3: 329589.900 pJ                                                                 ║
║   - Batch 7:                                                                                       ║
║     Total Energy: 8460933168.900 pJ                                                                ║
║     Off-chip Memory Energy: 8203120800.000 pJ                                                      ║
║     On-chip Memory Energy: 0.000 pJ                                                                ║
║     Operations Energy:                                                                             ║
║       - Operation 0: 42187478.400 pJ                                                               ║
║       - Operation 1: 173437411.200 pJ                                                              ║
║       - Operation 2: 41857889.400 pJ                                                               ║
║       - Operation 3: 329589.900 pJ                                                                 ║
║   - Batch 8:                                                                                       ║
║     Total Energy: 8460933168.900 pJ                                                                ║
║     Off-chip Memory Energy: 8203120800.000 pJ                                                      ║
║     On-chip Memory Energy: 0.000 pJ                                                                ║
║     Operations Energy:                                                                             ║
║       - Operation 0: 42187478.400 pJ                                                               ║
║       - Operation 1: 173437411.200 pJ                                                              ║
║       - Operation 2: 41857889.400 pJ                                                               ║
║       - Operation 3: 329589.900 pJ                                                                 ║
║   - Batch 9:                                                                                       ║
║     Total Energy: 8460933168.900 pJ                                                                ║
║     Off-chip Memory Energy: 8203120800.000 pJ                                                      ║
║     On-chip Memory Energy: 0.000 pJ                                                                ║
║     Operations Energy:                                                                             ║
║       - Operation 0: 42187478.400 pJ                                                               ║
║       - Operation 1: 173437411.200 pJ                                                              ║
║       - Operation 2: 41857889.400 pJ                                                               ║
║       - Operation 3: 329589.900 pJ                                                                 ║
║   - Batch 10:                                                                                      ║
║     Total Energy: 8460933168.900 pJ                                                                ║
║     Off-chip Memory Energy: 8203120800.000 pJ                                                      ║
║     On-chip Memory Energy: 0.000 pJ                                                                ║
║     Operations Energy:                                                                             ║
║       - Operation 0: 42187478.400 pJ                                                               ║
║       - Operation 1: 173437411.200 pJ                                                              ║
║       - Operation 2: 41857889.400 pJ                                                               ║
║       - Operation 3: 329589.900 pJ                                                                 ║
║   - Batch 11:                                                                                      ║
║     Total Energy: 8460933168.900 pJ                                                                ║
║     Off-chip Memory Energy: 8203120800.000 pJ                                                      ║
║     On-chip Memory Energy: 0.000 pJ                                                                ║
║     Operations Energy:                                                                             ║
║       - Operation 0: 42187478.400 pJ                                                               ║
║       - Operation 1: 173437411.200 pJ                                                              ║
║       - Operation 2: 41857889.400 pJ                                                               ║
║       - Operation 3: 329589.900 pJ                                                                 ║
║   - Batch 12:                                                                                      ║
║     Total Energy: 8460933168.900 pJ                                                                ║
║     Off-chip Memory Energy: 8203120800.000 pJ                                                      ║
║     On-chip Memory Energy: 0.000 pJ                                                                ║
║     Operations Energy:                                                                             ║
║       - Operation 0: 42187478.400 pJ                                                               ║
║       - Operation 1: 173437411.200 pJ                                                              ║
║       - Operation 2: 41857889.400 pJ                                                               ║
║       - Operation 3: 329589.900 pJ                                                                 ║
║   - Batch 13:                                                                                      ║
║     Total Energy: 8460933168.900 pJ                                                                ║
║     Off-chip Memory Energy: 8203120800.000 pJ                                                      ║
║     On-chip Memory Energy: 0.000 pJ                                                                ║
║     Operations Energy:                                                                             ║
║       - Operation 0: 42187478.400 pJ                                                               ║
║       - Operation 1: 173437411.200 pJ                                                              ║
║       - Operation 2: 41857889.400 pJ                                                               ║
║       - Operation 3: 329589.900 pJ                                                                 ║
║   - Batch 14:                                                                                      ║
║     Total Energy: 8460933168.900 pJ                                                                ║
║     Off-chip Memory Energy: 8203120800.000 pJ                                                      ║
║     On-chip Memory Energy: 0.000 pJ                                                                ║
║     Operations Energy:                                                                             ║
║       - Operation 0: 42187478.400 pJ                                                               ║
║       - Operation 1: 173437411.200 pJ                                                              ║
║       - Operation 2: 41857889.400 pJ                                                               ║
║       - Operation 3: 329589.900 pJ                                                                 ║
║   - Batch 15:                                                                                      ║
║     Total Energy: 8460933168.900 pJ                                                                ║
║     Off-chip Memory Energy: 8203120800.000 pJ                                                      ║
║     On-chip Memory Energy: 0.000 pJ                                                                ║
║     Operations Energy:                                                                             ║
║       - Operation 0: 42187478.400 pJ                                                               ║
║       - Operation 1: 173437411.200 pJ                                                              ║
║       - Operation 2: 41857889.400 pJ                                                               ║
║       - Operation 3: 329589.900 pJ                                                                 ║
║   - Batch 16:                                                                                      ║
║     Total Energy: 8460933168.900 pJ                                                                ║
║     Off-chip Memory Energy: 8203120800.000 pJ                                                      ║
║     On-chip Memory Energy: 0.000 pJ                                                                ║
║     Operations Energy:                                                                             ║
║       - Operation 0: 42187478.400 pJ                                                               ║
║       - Operation 1: 173437411.200 pJ                                                              ║
║       - Operation 2: 41857889.400 pJ                                                               ║
║       - Operation 3: 329589.900 pJ                                                                 ║
║   - Batch 17:                                                                                      ║
║     Total Energy: 8460933168.900 pJ                                                                ║
║     Off-chip Memory Energy: 8203120800.000 pJ                                                      ║
║     On-chip Memory Energy: 0.000 pJ                                                                ║
║     Operations Energy:                                                                             ║
║       - Operation 0: 42187478.400 pJ                                                               ║
║       - Operation 1: 173437411.200 pJ                                                              ║
║       - Operation 2: 41857889.400 pJ                                                               ║
║       - Operation 3: 329589.900 pJ                                                                 ║
║   - Batch 18:                                                                                      ║
║     Total Energy: 8460933168.900 pJ                                                                ║
║     Off-chip Memory Energy: 8203120800.000 pJ                                                      ║
║     On-chip Memory Energy: 0.000 pJ                                                                ║
║     Operations Energy:                                                                             ║
║       - Operation 0: 42187478.400 pJ                                                               ║
║       - Operation 1: 173437411.200 pJ                                                              ║
║       - Operation 2: 41857889.400 pJ                                                               ║
║       - Operation 3: 329589.900 pJ                                                                 ║
║   - Batch 19:                                                                                      ║
║     Total Energy: 8460933168.900 pJ                                                                ║
║     Off-chip Memory Energy: 8203120800.000 pJ                                                      ║
║     On-chip Memory Energy: 0.000 pJ                                                                ║
║     Operations Energy:                                                                             ║
║       - Operation 0: 42187478.400 pJ                                                               ║
║       - Operation 1: 173437411.200 pJ                                                              ║
║       - Operation 2: 41857889.400 pJ                                                               ║
║       - Operation 3: 329589.900 pJ                                                                 ║
║   - Batch 20:                                                                                      ║
║     Total Energy: 8460933168.900 pJ                                                                ║
║     Off-chip Memory Energy: 8203120800.000 pJ                                                      ║
║     On-chip Memory Energy: 0.000 pJ                                                                ║
║     Operations Energy:                                                                             ║
║       - Operation 0: 42187478.400 pJ                                                               ║
║       - Operation 1: 173437411.200 pJ                                                              ║
║       - Operation 2: 41857889.400 pJ                                                               ║
║       - Operation 3: 329589.900 pJ                                                                 ║
║   - Batch 21:                                                                                      ║
║     Total Energy: 8460933168.900 pJ                                                                ║
║     Off-chip Memory Energy: 8203120800.000 pJ                                                      ║
║     On-chip Memory Energy: 0.000 pJ                                                                ║
║     Operations Energy:                                                                             ║
║       - Operation 0: 42187478.400 pJ                                                               ║
║       - Operation 1: 173437411.200 pJ                                                              ║
║       - Operation 2: 41857889.400 pJ                                                               ║
║       - Operation 3: 329589.900 pJ                                                                 ║
║   - Batch 22:                                                                                      ║
║     Total Energy: 8460933168.900 pJ                                                                ║
║     Off-chip Memory Energy: 8203120800.000 pJ                                                      ║
║     On-chip Memory Energy: 0.000 pJ                                                                ║
║     Operations Energy:                                                                             ║
║       - Operation 0: 42187478.400 pJ                                                               ║
║       - Operation 1: 173437411.200 pJ                                                              ║
║       - Operation 2: 41857889.400 pJ                                                               ║
║       - Operation 3: 329589.900 pJ                                                                 ║
║   - Batch 23:                                                                                      ║
║     Total Energy: 8460933168.900 pJ                                                                ║
║     Off-chip Memory Energy: 8203120800.000 pJ                                                      ║
║     On-chip Memory Energy: 0.000 pJ                                                                ║
║     Operations Energy:                                                                             ║
║       - Operation 0: 42187478.400 pJ                                                               ║
║       - Operation 1: 173437411.200 pJ                                                              ║
║       - Operation 2: 41857889.400 pJ                                                               ║
║       - Operation 3: 329589.900 pJ                                                                 ║
║   - Batch 24:                                                                                      ║
║     Total Energy: 8460933168.900 pJ                                                                ║
║     Off-chip Memory Energy: 8203120800.000 pJ                                                      ║
║     On-chip Memory Energy: 0.000 pJ                                                                ║
║     Operations Energy:                                                                             ║
║       - Operation 0: 42187478.400 pJ                                                               ║
║       - Operation 1: 173437411.200 pJ                                                              ║
║       - Operation 2: 41857889.400 pJ                                                               ║
║       - Operation 3: 329589.900 pJ                                                                 ║
║   - Batch 25:                                                                                      ║
║     Total Energy: 8460933168.900 pJ                                                                ║
║     Off-chip Memory Energy: 8203120800.000 pJ                                                      ║
║     On-chip Memory Energy: 0.000 pJ                                                                ║
║     Operations Energy:                                                                             ║
║       - Operation 0: 42187478.400 pJ                                                               ║
║       - Operation 1: 173437411.200 pJ                                                              ║
║       - Operation 2: 41857889.400 pJ                                                               ║
║       - Operation 3: 329589.900 pJ                                                                 ║
║   - Batch 26:                                                                                      ║
║     Total Energy: 8460933168.900 pJ                                                                ║
║     Off-chip Memory Energy: 8203120800.000 pJ                                                      ║
║     On-chip Memory Energy: 0.000 pJ                                                                ║
║     Operations Energy:                                                                             ║
║       - Operation 0: 42187478.400 pJ                                                               ║
║       - Operation 1: 173437411.200 pJ                                                              ║
║       - Operation 2: 41857889.400 pJ                                                               ║
║       - Operation 3: 329589.900 pJ                                                                 ║
║   - Batch 27:                                                                                      ║
║     Total Energy: 8460933168.900 pJ                                                                ║
║     Off-chip Memory Energy: 8203120800.000 pJ                                                      ║
║     On-chip Memory Energy: 0.000 pJ                                                                ║
║     Operations Energy:                                                                             ║
║       - Operation 0: 42187478.400 pJ                                                               ║
║       - Operation 1: 173437411.200 pJ                                                              ║
║       - Operation 2: 41857889.400 pJ                                                               ║
║       - Operation 3: 329589.900 pJ                                                                 ║
║   - Batch 28:                                                                                      ║
║     Total Energy: 8460933168.900 pJ                                                                ║
║     Off-chip Memory Energy: 8203120800.000 pJ                                                      ║
║     On-chip Memory Energy: 0.000 pJ                                                                ║
║     Operations Energy:                                                                             ║
║       - Operation 0: 42187478.400 pJ                                                               ║
║       - Operation 1: 173437411.200 pJ                                                              ║
║       - Operation 2: 41857889.400 pJ                                                               ║
║       - Operation 3: 329589.900 pJ                                                                 ║
║   - Batch 29:                                                                                      ║
║     Total Energy: 8460933168.900 pJ                                                                ║
║     Off-chip Memory Energy: 8203120800.000 pJ                                                      ║
║     On-chip Memory Energy: 0.000 pJ                                                                ║
║     Operations Energy:                                                                             ║
║       - Operation 0: 42187478.400 pJ                                                               ║
║       - Operation 1: 173437411.200 pJ                                                              ║
║       - Operation 2: 41857889.400 pJ                                                               ║
║       - Operation 3: 329589.900 pJ                                                                 ║
║   - Batch 30:                                                                                      ║
║     Total Energy: 8460933168.900 pJ                                                                ║
║     Off-chip Memory Energy: 8203120800.000 pJ                                                      ║
║     On-chip Memory Energy: 0.000 pJ                                                                ║
║     Operations Energy:                                                                             ║
║       - Operation 0: 42187478.400 pJ                                                               ║
║       - Operation 1: 173437411.200 pJ                                                              ║
║       - Operation 2: 41857889.400 pJ                                                               ║
║       - Operation 3: 329589.900 pJ                                                                 ║
║   - Batch 31:                                                                                      ║
║     Total Energy: 8460933168.900 pJ                                                                ║
║     Off-chip Memory Energy: 8203120800.000 pJ                                                      ║
║     On-chip Memory Energy: 0.000 pJ                                                                ║
║     Operations Energy:                                                                             ║
║       - Operation 0: 42187478.400 pJ                                                               ║
║       - Operation 1: 173437411.200 pJ                                                              ║
║       - Operation 2: 41857889.400 pJ                                                               ║
║       - Operation 3: 329589.900 pJ                                                                 ║
║   - Batch 32:                                                                                      ║
║     Total Energy: 8460933168.900 pJ                                                                ║
║     Off-chip Memory Energy: 8203120800.000 pJ                                                      ║
║     On-chip Memory Energy: 0.000 pJ                                                                ║
║     Operations Energy:                                                                             ║
║       - Operation 0: 42187478.400 pJ                                                               ║
║       - Operation 1: 173437411.200 pJ                                                              ║
║       - Operation 2: 41857889.400 pJ                                                               ║
║       - Operation 3: 329589.900 pJ                                                                 ║
║   - Batch 33:                                                                                      ║
║     Total Energy: 8460933168.900 pJ                                                                ║
║     Off-chip Memory Energy: 8203120800.000 pJ                                                      ║
║     On-chip Memory Energy: 0.000 pJ                                                                ║
║     Operations Energy:                                                                             ║
║       - Operation 0: 42187478.400 pJ                                                               ║
║       - Operation 1: 173437411.200 pJ                                                              ║
║       - Operation 2: 41857889.400 pJ                                                               ║
║       - Operation 3: 329589.900 pJ                                                                 ║
║   - Batch 34:                                                                                      ║
║     Total Energy: 8460933168.900 pJ                                                                ║
║     Off-chip Memory Energy: 8203120800.000 pJ                                                      ║
║     On-chip Memory Energy: 0.000 pJ                                                                ║
║     Operations Energy:                                                                             ║
║       - Operation 0: 42187478.400 pJ                                                               ║
║       - Operation 1: 173437411.200 pJ                                                              ║
║       - Operation 2: 41857889.400 pJ                                                               ║
║       - Operation 3: 329589.900 pJ                                                                 ║
║   - Batch 35:                                                                                      ║
║     Total Energy: 8460933168.900 pJ                                                                ║
║     Off-chip Memory Energy: 8203120800.000 pJ                                                      ║
║     On-chip Memory Energy: 0.000 pJ                                                                ║
║     Operations Energy:                                                                             ║
║       - Operation 0: 42187478.400 pJ                                                               ║
║       - Operation 1: 173437411.200 pJ                                                              ║
║       - Operation 2: 41857889.400 pJ                                                               ║
║       - Operation 3: 329589.900 pJ                                                                 ║
║   - Batch 36:                                                                                      ║
║     Total Energy: 8460933168.900 pJ                                                                ║
║     Off-chip Memory Energy: 8203120800.000 pJ                                                      ║
║     On-chip Memory Energy: 0.000 pJ                                                                ║
║     Operations Energy:                                                                             ║
║       - Operation 0: 42187478.400 pJ                                                               ║
║       - Operation 1: 173437411.200 pJ                                                              ║
║       - Operation 2: 41857889.400 pJ                                                               ║
║       - Operation 3: 329589.900 pJ                                                                 ║
║   - Batch 37:                                                                                      ║
║     Total Energy: 8460933168.900 pJ                                                                ║
║     Off-chip Memory Energy: 8203120800.000 pJ                                                      ║
║     On-chip Memory Energy: 0.000 pJ                                                                ║
║     Operations Energy:                                                                             ║
║       - Operation 0: 42187478.400 pJ                                                               ║
║       - Operation 1: 173437411.200 pJ                                                              ║
║       - Operation 2: 41857889.400 pJ                                                               ║
║       - Operation 3: 329589.900 pJ                                                                 ║
║   - Batch 38:                                                                                      ║
║     Total Energy: 8460933168.900 pJ                                                                ║
║     Off-chip Memory Energy: 8203120800.000 pJ                                                      ║
║     On-chip Memory Energy: 0.000 pJ                                                                ║
║     Operations Energy:                                                                             ║
║       - Operation 0: 42187478.400 pJ                                                               ║
║       - Operation 1: 173437411.200 pJ                                                              ║
║       - Operation 2: 41857889.400 pJ                                                               ║
║       - Operation 3: 329589.900 pJ                                                                 ║
║   - Batch 39:                                                                                      ║
║     Total Energy: 8460933168.900 pJ                                                                ║
║     Off-chip Memory Energy: 8203120800.000 pJ                                                      ║
║     On-chip Memory Energy: 0.000 pJ                                                                ║
║     Operations Energy:                                                                             ║
║       - Operation 0: 42187478.400 pJ                                                               ║
║       - Operation 1: 173437411.200 pJ                                                              ║
║       - Operation 2: 41857889.400 pJ                                                               ║
║       - Operation 3: 329589.900 pJ                                                                 ║
║   - Batch 40:                                                                                      ║
║     Total Energy: 8460933168.900 pJ                                                                ║
║     Off-chip Memory Energy: 8203120800.000 pJ                                                      ║
║     On-chip Memory Energy: 0.000 pJ                                                                ║
║     Operations Energy:                                                                             ║
║       - Operation 0: 42187478.400 pJ                                                               ║
║       - Operation 1: 173437411.200 pJ                                                              ║
║       - Operation 2: 41857889.400 pJ                                                               ║
║       - Operation 3: 329589.900 pJ                                                                 ║
║   - Batch 41:                                                                                      ║
║     Total Energy: 8460933168.900 pJ                                                                ║
║     Off-chip Memory Energy: 8203120800.000 pJ                                                      ║
║     On-chip Memory Energy: 0.000 pJ                                                                ║
║     Operations Energy:                                                                             ║
║       - Operation 0: 42187478.400 pJ                                                               ║
║       - Operation 1: 173437411.200 pJ                                                              ║
║       - Operation 2: 41857889.400 pJ                                                               ║
║       - Operation 3: 329589.900 pJ                                                                 ║
║   - Batch 42:                                                                                      ║
║     Total Energy: 8460933168.900 pJ                                                                ║
║     Off-chip Memory Energy: 8203120800.000 pJ                                                      ║
║     On-chip Memory Energy: 0.000 pJ                                                                ║
║     Operations Energy:                                                                             ║
║       - Operation 0: 42187478.400 pJ                                                               ║
║       - Operation 1: 173437411.200 pJ                                                              ║
║       - Operation 2: 41857889.400 pJ                                                               ║
║       - Operation 3: 329589.900 pJ                                                                 ║
║   - Batch 43:                                                                                      ║
║     Total Energy: 8460933168.900 pJ                                                                ║
║     Off-chip Memory Energy: 8203120800.000 pJ                                                      ║
║     On-chip Memory Energy: 0.000 pJ                                                                ║
║     Operations Energy:                                                                             ║
║       - Operation 0: 42187478.400 pJ                                                               ║
║       - Operation 1: 173437411.200 pJ                                                              ║
║       - Operation 2: 41857889.400 pJ                                                               ║
║       - Operation 3: 329589.900 pJ                                                                 ║
║   - Batch 44:                                                                                      ║
║     Total Energy: 8460933168.900 pJ                                                                ║
║     Off-chip Memory Energy: 8203120800.000 pJ                                                      ║
║     On-chip Memory Energy: 0.000 pJ                                                                ║
║     Operations Energy:                                                                             ║
║       - Operation 0: 42187478.400 pJ                                                               ║
║       - Operation 1: 173437411.200 pJ                                                              ║
║       - Operation 2: 41857889.400 pJ                                                               ║
║       - Operation 3: 329589.900 pJ                                                                 ║
║   - Batch 45:                                                                                      ║
║     Total Energy: 8460933168.900 pJ                                                                ║
║     Off-chip Memory Energy: 8203120800.000 pJ                                                      ║
║     On-chip Memory Energy: 0.000 pJ                                                                ║
║     Operations Energy:                                                                             ║
║       - Operation 0: 42187478.400 pJ                                                               ║
║       - Operation 1: 173437411.200 pJ                                                              ║
║       - Operation 2: 41857889.400 pJ                                                               ║
║       - Operation 3: 329589.900 pJ                                                                 ║
║   - Batch 46:                                                                                      ║
║     Total Energy: 8460933168.900 pJ                                                                ║
║     Off-chip Memory Energy: 8203120800.000 pJ                                                      ║
║     On-chip Memory Energy: 0.000 pJ                                                                ║
║     Operations Energy:                                                                             ║
║       - Operation 0: 42187478.400 pJ                                                               ║
║       - Operation 1: 173437411.200 pJ                                                              ║
║       - Operation 2: 41857889.400 pJ                                                               ║
║       - Operation 3: 329589.900 pJ                                                                 ║
║   - Batch 47:                                                                                      ║
║     Total Energy: 8393032430.340 pJ                                                                ║
║     Off-chip Memory Energy: 8128965600.000 pJ                                                      ║
║     On-chip Memory Energy: 6254461.440 pJ                                                          ║
║     Operations Energy:                                                                             ║
║       - Operation 0: 42187478.400 pJ                                                               ║
║       - Operation 1: 173437411.200 pJ                                                              ║
║       - Operation 2: 41857889.400 pJ                                                               ║
║       - Operation 3: 329589.900 pJ                                                                 ║
║   - Batch 48:                                                                                      ║
║     Total Energy: 8405200414.980 pJ                                                                ║
║     Off-chip Memory Energy: 8142254400.000 pJ                                                      ║
║     On-chip Memory Energy: 5133646.080 pJ                                                          ║
║     Operations Energy:                                                                             ║
║       - Operation 0: 42187478.400 pJ                                                               ║
║       - Operation 1: 173437411.200 pJ                                                              ║
║       - Operation 2: 41857889.400 pJ                                                               ║
║       - Operation 3: 329589.900 pJ                                                                 ║
║   - Batch 49:                                                                                      ║
║     Total Energy: 8460933168.900 pJ                                                                ║
║     Off-chip Memory Energy: 8203120800.000 pJ                                                      ║
║     On-chip Memory Energy: 0.000 pJ                                                                ║
║     Operations Energy:                                                                             ║
║       - Operation 0: 42187478.400 pJ                                                               ║
║       - Operation 1: 173437411.200 pJ                                                              ║
║       - Operation 2: 41857889.400 pJ                                                               ║
║       - Operation 3: 329589.900 pJ                                                                 ║
║   - Batch 50:                                                                                      ║
║     Total Energy: 8460933168.900 pJ                                                                ║
║     Off-chip Memory Energy: 8203120800.000 pJ                                                      ║
║     On-chip Memory Energy: 0.000 pJ                                                                ║
║     Operations Energy:                                                                             ║
║       - Operation 0: 42187478.400 pJ                                                               ║
║       - Operation 1: 173437411.200 pJ                                                              ║
║       - Operation 2: 41857889.400 pJ                                                               ║
║       - Operation 3: 329589.900 pJ                                                                 ║
║   - Batch 51:                                                                                      ║
║     Total Energy: 8460933168.900 pJ                                                                ║
║     Off-chip Memory Energy: 8203120800.000 pJ                                                      ║
║     On-chip Memory Energy: 0.000 pJ                                                                ║
║     Operations Energy:                                                                             ║
║       - Operation 0: 42187478.400 pJ                                                               ║
║       - Operation 1: 173437411.200 pJ                                                              ║
║       - Operation 2: 41857889.400 pJ                                                               ║
║       - Operation 3: 329589.900 pJ                                                                 ║
║   - Batch 52:                                                                                      ║
║     Total Energy: 8460933168.900 pJ                                                                ║
║     Off-chip Memory Energy: 8203120800.000 pJ                                                      ║
║     On-chip Memory Energy: 0.000 pJ                                                                ║
║     Operations Energy:                                                                             ║
║       - Operation 0: 42187478.400 pJ                                                               ║
║       - Operation 1: 173437411.200 pJ                                                              ║
║       - Operation 2: 41857889.400 pJ                                                               ║
║       - Operation 3: 329589.900 pJ                                                                 ║
║   - Batch 53:                                                                                      ║
║     Total Energy: 8460933168.900 pJ                                                                ║
║     Off-chip Memory Energy: 8203120800.000 pJ                                                      ║
║     On-chip Memory Energy: 0.000 pJ                                                                ║
║     Operations Energy:                                                                             ║
║       - Operation 0: 42187478.400 pJ                                                               ║
║       - Operation 1: 173437411.200 pJ                                                              ║
║       - Operation 2: 41857889.400 pJ                                                               ║
║       - Operation 3: 329589.900 pJ                                                                 ║
║   - Batch 54:                                                                                      ║
║     Total Energy: 8460933168.900 pJ                                                                ║
║     Off-chip Memory Energy: 8203120800.000 pJ                                                      ║
║     On-chip Memory Energy: 0.000 pJ                                                                ║
║     Operations Energy:                                                                             ║
║       - Operation 0: 42187478.400 pJ                                                               ║
║       - Operation 1: 173437411.200 pJ                                                              ║
║       - Operation 2: 41857889.400 pJ                                                               ║
║       - Operation 3: 329589.900 pJ                                                                 ║
║   - Batch 55:                                                                                      ║
║     Total Energy: 8460933168.900 pJ                                                                ║
║     Off-chip Memory Energy: 8203120800.000 pJ                                                      ║
║     On-chip Memory Energy: 0.000 pJ                                                                ║
║     Operations Energy:                                                                             ║
║       - Operation 0: 42187478.400 pJ                                                               ║
║       - Operation 1: 173437411.200 pJ                                                              ║
║       - Operation 2: 41857889.400 pJ                                                               ║
║       - Operation 3: 329589.900 pJ                                                                 ║
║   - Batch 56:                                                                                      ║
║     Total Energy: 8460933168.900 pJ                                                                ║
║     Off-chip Memory Energy: 8203120800.000 pJ                                                      ║
║     On-chip Memory Energy: 0.000 pJ                                                                ║
║     Operations Energy:                                                                             ║
║       - Operation 0: 42187478.400 pJ                                                               ║
║       - Operation 1: 173437411.200 pJ                                                              ║
║       - Operation 2: 41857889.400 pJ                                                               ║
║       - Operation 3: 329589.900 pJ                                                                 ║
║   - Batch 57:                                                                                      ║
║     Total Energy: 8460933168.900 pJ                                                                ║
║     Off-chip Memory Energy: 8203120800.000 pJ                                                      ║
║     On-chip Memory Energy: 0.000 pJ                                                                ║
║     Operations Energy:                                                                             ║
║       - Operation 0: 42187478.400 pJ                                                               ║
║       - Operation 1: 173437411.200 pJ                                                              ║
║       - Operation 2: 41857889.400 pJ                                                               ║
║       - Operation 3: 329589.900 pJ                                                                 ║
║   - Batch 58:                                                                                      ║
║     Total Energy: 8460933168.900 pJ                                                                ║
║     Off-chip Memory Energy: 8203120800.000 pJ                                                      ║
║     On-chip Memory Energy: 0.000 pJ                                                                ║
║     Operations Energy:                                                                             ║
║       - Operation 0: 42187478.400 pJ                                                               ║
║       - Operation 1: 173437411.200 pJ                                                              ║
║       - Operation 2: 41857889.400 pJ                                                               ║
║       - Operation 3: 329589.900 pJ                                                                 ║
║   - Batch 59:                                                                                      ║
║     Total Energy: 8460933168.900 pJ                                                                ║
║     Off-chip Memory Energy: 8203120800.000 pJ                                                      ║
║     On-chip Memory Energy: 0.000 pJ                                                                ║
║     Operations Energy:                                                                             ║
║       - Operation 0: 42187478.400 pJ                                                               ║
║       - Operation 1: 173437411.200 pJ                                                              ║
║       - Operation 2: 41857889.400 pJ                                                               ║
║       - Operation 3: 329589.900 pJ                                                                 ║
║   - Batch 60:                                                                                      ║
║     Total Energy: 8460933168.900 pJ                                                                ║
║     Off-chip Memory Energy: 8203120800.000 pJ                                                      ║
║     On-chip Memory Energy: 0.000 pJ                                                                ║
║     Operations Energy:                                                                             ║
║       - Operation 0: 42187478.400 pJ                                                               ║
║       - Operation 1: 173437411.200 pJ                                                              ║
║       - Operation 2: 41857889.400 pJ                                                               ║
║       - Operation 3: 329589.900 pJ                                                                 ║
║   - Batch 61:                                                                                      ║
║     Total Energy: 8460933168.900 pJ                                                                ║
║     Off-chip Memory Energy: 8203120800.000 pJ                                                      ║
║     On-chip Memory Energy: 0.000 pJ                                                                ║
║     Operations Energy:                                                                             ║
║       - Operation 0: 42187478.400 pJ                                                               ║
║       - Operation 1: 173437411.200 pJ                                                              ║
║       - Operation 2: 41857889.400 pJ                                                               ║
║       - Operation 3: 329589.900 pJ                                                                 ║
║   - Batch 62:                                                                                      ║
║     Total Energy: 8460933168.900 pJ                                                                ║
║     Off-chip Memory Energy: 8203120800.000 pJ                                                      ║
║     On-chip Memory Energy: 0.000 pJ                                                                ║
║     Operations Energy:                                                                             ║
║       - Operation 0: 42187478.400 pJ                                                               ║
║       - Operation 1: 173437411.200 pJ                                                              ║
║       - Operation 2: 41857889.400 pJ                                                               ║
║       - Operation 3: 329589.900 pJ                                                                 ║
║   - Batch 63:                                                                                      ║
║     Total Energy: 8460933168.900 pJ                                                                ║
║     Off-chip Memory Energy: 8203120800.000 pJ                                                      ║
║     On-chip Memory Energy: 0.000 pJ                                                                ║
║     Operations Energy:                                                                             ║
║       - Operation 0: 42187478.400 pJ                                                               ║
║       - Operation 1: 173437411.200 pJ                                                              ║
║       - Operation 2: 41857889.400 pJ                                                               ║
║       - Operation 3: 329589.900 pJ                                                                 ║
║   - Batch 64:                                                                                      ║
║     Total Energy: 8460933168.900 pJ                                                                ║
║     Off-chip Memory Energy: 8203120800.000 pJ                                                      ║
║     On-chip Memory Energy: 0.000 pJ                                                                ║
║     Operations Energy:                                                                             ║
║       - Operation 0: 42187478.400 pJ                                                               ║
║       - Operation 1: 173437411.200 pJ                                                              ║
║       - Operation 2: 41857889.400 pJ                                                               ║
║       - Operation 3: 329589.900 pJ                                                                 ║
║   - Batch 65:                                                                                      ║
║     Total Energy: 8460933168.900 pJ                                                                ║
║     Off-chip Memory Energy: 8203120800.000 pJ                                                      ║
║     On-chip Memory Energy: 0.000 pJ                                                                ║
║     Operations Energy:                                                                             ║
║       - Operation 0: 42187478.400 pJ                                                               ║
║       - Operation 1: 173437411.200 pJ                                                              ║
║       - Operation 2: 41857889.400 pJ                                                               ║
║       - Operation 3: 329589.900 pJ                                                                 ║
║   - Batch 66:                                                                                      ║
║     Total Energy: 8460933168.900 pJ                                                                ║
║     Off-chip Memory Energy: 8203120800.000 pJ                                                      ║
║     On-chip Memory Energy: 0.000 pJ                                                                ║
║     Operations Energy:                                                                             ║
║       - Operation 0: 42187478.400 pJ                                                               ║
║       - Operation 1: 173437411.200 pJ                                                              ║
║       - Operation 2: 41857889.400 pJ                                                               ║
║       - Operation 3: 329589.900 pJ                                                                 ║
║   - Batch 67:                                                                                      ║
║     Total Energy: 8460933168.900 pJ                                                                ║
║     Off-chip Memory Energy: 8203120800.000 pJ                                                      ║
║     On-chip Memory Energy: 0.000 pJ                                                                ║
║     Operations Energy:                                                                             ║
║       - Operation 0: 42187478.400 pJ                                                               ║
║       - Operation 1: 173437411.200 pJ                                                              ║
║       - Operation 2: 41857889.400 pJ                                                               ║
║       - Operation 3: 329589.900 pJ                                                                 ║
║   - Batch 68:                                                                                      ║
║     Total Energy: 8460933168.900 pJ                                                                ║
║     Off-chip Memory Energy: 8203120800.000 pJ                                                      ║
║     On-chip Memory Energy: 0.000 pJ                                                                ║
║     Operations Energy:                                                                             ║
║       - Operation 0: 42187478.400 pJ                                                               ║
║       - Operation 1: 173437411.200 pJ                                                              ║
║       - Operation 2: 41857889.400 pJ                                                               ║
║       - Operation 3: 329589.900 pJ                                                                 ║
║   - Batch 69:                                                                                      ║
║     Total Energy: 8460933168.900 pJ                                                                ║
║     Off-chip Memory Energy: 8203120800.000 pJ                                                      ║
║     On-chip Memory Energy: 0.000 pJ                                                                ║
║     Operations Energy:                                                                             ║
║       - Operation 0: 42187478.400 pJ                                                               ║
║       - Operation 1: 173437411.200 pJ                                                              ║
║       - Operation 2: 41857889.400 pJ                                                               ║
║       - Operation 3: 329589.900 pJ                                                                 ║
║   - Batch 70:                                                                                      ║
║     Total Energy: 8460933168.900 pJ                                                                ║
║     Off-chip Memory Energy: 8203120800.000 pJ                                                      ║
║     On-chip Memory Energy: 0.000 pJ                                                                ║
║     Operations Energy:                                                                             ║
║       - Operation 0: 42187478.400 pJ                                                               ║
║       - Operation 1: 173437411.200 pJ                                                              ║
║       - Operation 2: 41857889.400 pJ                                                               ║
║       - Operation 3: 329589.900 pJ                                                                 ║
║   - Batch 71:                                                                                      ║
║     Total Energy: 8460933168.900 pJ                                                                ║
║     Off-chip Memory Energy: 8203120800.000 pJ                                                      ║
║     On-chip Memory Energy: 0.000 pJ                                                                ║
║     Operations Energy:                                                                             ║
║       - Operation 0: 42187478.400 pJ                                                               ║
║       - Operation 1: 173437411.200 pJ                                                              ║
║       - Operation 2: 41857889.400 pJ                                                               ║
║       - Operation 3: 329589.900 pJ                                                                 ║
║   - Batch 72:                                                                                      ║
║     Total Energy: 8460933168.900 pJ                                                                ║
║     Off-chip Memory Energy: 8203120800.000 pJ                                                      ║
║     On-chip Memory Energy: 0.000 pJ                                                                ║
║     Operations Energy:                                                                             ║
║       - Operation 0: 42187478.400 pJ                                                               ║
║       - Operation 1: 173437411.200 pJ                                                              ║
║       - Operation 2: 41857889.400 pJ                                                               ║
║       - Operation 3: 329589.900 pJ                                                                 ║
║   - Batch 73:                                                                                      ║
║     Total Energy: 8460933168.900 pJ                                                                ║
║     Off-chip Memory Energy: 8203120800.000 pJ                                                      ║
║     On-chip Memory Energy: 0.000 pJ                                                                ║
║     Operations Energy:                                                                             ║
║       - Operation 0: 42187478.400 pJ                                                               ║
║       - Operation 1: 173437411.200 pJ                                                              ║
║       - Operation 2: 41857889.400 pJ                                                               ║
║       - Operation 3: 329589.900 pJ                                                                 ║
║   - Batch 74:                                                                                      ║
║     Total Energy: 8460933168.900 pJ                                                                ║
║     Off-chip Memory Energy: 8203120800.000 pJ                                                      ║
║     On-chip Memory Energy: 0.000 pJ                                                                ║
║     Operations Energy:                                                                             ║
║       - Operation 0: 42187478.400 pJ                                                               ║
║       - Operation 1: 173437411.200 pJ                                                              ║
║       - Operation 2: 41857889.400 pJ                                                               ║
║       - Operation 3: 329589.900 pJ                                                                 ║
║   - Batch 75:                                                                                      ║
║     Total Energy: 8460933168.900 pJ                                                                ║
║     Off-chip Memory Energy: 8203120800.000 pJ                                                      ║
║     On-chip Memory Energy: 0.000 pJ                                                                ║
║     Operations Energy:                                                                             ║
║       - Operation 0: 42187478.400 pJ                                                               ║
║       - Operation 1: 173437411.200 pJ                                                              ║
║       - Operation 2: 41857889.400 pJ                                                               ║
║       - Operation 3: 329589.900 pJ                                                                 ║
║   - Batch 76:                                                                                      ║
║     Total Energy: 8460933168.900 pJ                                                                ║
║     Off-chip Memory Energy: 8203120800.000 pJ                                                      ║
║     On-chip Memory Energy: 0.000 pJ                                                                ║
║     Operations Energy:                                                                             ║
║       - Operation 0: 42187478.400 pJ                                                               ║
║       - Operation 1: 173437411.200 pJ                                                              ║
║       - Operation 2: 41857889.400 pJ                                                               ║
║       - Operation 3: 329589.900 pJ                                                                 ║
║   - Batch 77:                                                                                      ║
║     Total Energy: 8460933168.900 pJ                                                                ║
║     Off-chip Memory Energy: 8203120800.000 pJ                                                      ║
║     On-chip Memory Energy: 0.000 pJ                                                                ║
║     Operations Energy:                                                                             ║
║       - Operation 0: 42187478.400 pJ                                                               ║
║       - Operation 1: 173437411.200 pJ                                                              ║
║       - Operation 2: 41857889.400 pJ                                                               ║
║       - Operation 3: 329589.900 pJ                                                                 ║
║   - Batch 78:                                                                                      ║
║     Total Energy: 8460933168.900 pJ                                                                ║
║     Off-chip Memory Energy: 8203120800.000 pJ                                                      ║
║     On-chip Memory Energy: 0.000 pJ                                                                ║
║     Operations Energy:                                                                             ║
║       - Operation 0: 42187478.400 pJ                                                               ║
║       - Operation 1: 173437411.200 pJ                                                              ║
║       - Operation 2: 41857889.400 pJ                                                               ║
║       - Operation 3: 329589.900 pJ                                                                 ║
║   - Batch 79:                                                                                      ║
║     Total Energy: 8460933168.900 pJ                                                                ║
║     Off-chip Memory Energy: 8203120800.000 pJ                                                      ║
║     On-chip Memory Energy: 0.000 pJ                                                                ║
║     Operations Energy:                                                                             ║
║       - Operation 0: 42187478.400 pJ                                                               ║
║       - Operation 1: 173437411.200 pJ                                                              ║
║       - Operation 2: 41857889.400 pJ                                                               ║
║       - Operation 3: 329589.900 pJ                                                                 ║
║   - Batch 80:                                                                                      ║
║     Total Energy: 8460933168.900 pJ                                                                ║
║     Off-chip Memory Energy: 8203120800.000 pJ                                                      ║
║     On-chip Memory Energy: 0.000 pJ                                                                ║
║     Operations Energy:                                                                             ║
║       - Operation 0: 42187478.400 pJ                                                               ║
║       - Operation 1: 173437411.200 pJ                                                              ║
║       - Operation 2: 41857889.400 pJ                                                               ║
║       - Operation 3: 329589.900 pJ                                                                 ║
║   - Batch 81:                                                                                      ║
║     Total Energy: 8460933168.900 pJ                                                                ║
║     Off-chip Memory Energy: 8203120800.000 pJ                                                      ║
║     On-chip Memory Energy: 0.000 pJ                                                                ║
║     Operations Energy:                                                                             ║
║       - Operation 0: 42187478.400 pJ                                                               ║
║       - Operation 1: 173437411.200 pJ                                                              ║
║       - Operation 2: 41857889.400 pJ                                                               ║
║       - Operation 3: 329589.900 pJ                                                                 ║
║   - Batch 82:                                                                                      ║
║     Total Energy: 8460933168.900 pJ                                                                ║
║     Off-chip Memory Energy: 8203120800.000 pJ                                                      ║
║     On-chip Memory Energy: 0.000 pJ                                                                ║
║     Operations Energy:                                                                             ║
║       - Operation 0: 42187478.400 pJ                                                               ║
║       - Operation 1: 173437411.200 pJ                                                              ║
║       - Operation 2: 41857889.400 pJ                                                               ║
║       - Operation 3: 329589.900 pJ                                                                 ║
║   - Batch 83:                                                                                      ║
║     Total Energy: 8460933168.900 pJ                                                                ║
║     Off-chip Memory Energy: 8203120800.000 pJ                                                      ║
║     On-chip Memory Energy: 0.000 pJ                                                                ║
║     Operations Energy:                                                                             ║
║       - Operation 0: 42187478.400 pJ                                                               ║
║       - Operation 1: 173437411.200 pJ                                                              ║
║       - Operation 2: 41857889.400 pJ                                                               ║
║       - Operation 3: 329589.900 pJ                                                                 ║
║   - Batch 84:                                                                                      ║
║     Total Energy: 8460933168.900 pJ                                                                ║
║     Off-chip Memory Energy: 8203120800.000 pJ                                                      ║
║     On-chip Memory Energy: 0.000 pJ                                                                ║
║     Operations Energy:                                                                             ║
║       - Operation 0: 42187478.400 pJ                                                               ║
║       - Operation 1: 173437411.200 pJ                                                              ║
║       - Operation 2: 41857889.400 pJ                                                               ║
║       - Operation 3: 329589.900 pJ                                                                 ║
║   - Batch 85:                                                                                      ║
║     Total Energy: 8460933168.900 pJ                                                                ║
║     Off-chip Memory Energy: 8203120800.000 pJ                                                      ║
║     On-chip Memory Energy: 0.000 pJ                                                                ║
║     Operations Energy:                                                                             ║
║       - Operation 0: 42187478.400 pJ                                                               ║
║       - Operation 1: 173437411.200 pJ                                                              ║
║       - Operation 2: 41857889.400 pJ                                                               ║
║       - Operation 3: 329589.900 pJ                                                                 ║
║   - Batch 86:                                                                                      ║
║     Total Energy: 8460933168.900 pJ                                                                ║
║     Off-chip Memory Energy: 8203120800.000 pJ                                                      ║
║     On-chip Memory Energy: 0.000 pJ                                                                ║
║     Operations Energy:                                                                             ║
║       - Operation 0: 42187478.400 pJ                                                               ║
║       - Operation 1: 173437411.200 pJ                                                              ║
║       - Operation 2: 41857889.400 pJ                                                               ║
║       - Operation 3: 329589.900 pJ                                                                 ║
║   - Batch 87:                                                                                      ║
║     Total Energy: 8460933168.900 pJ                                                                ║
║     Off-chip Memory Energy: 8203120800.000 pJ                                                      ║
║     On-chip Memory Energy: 0.000 pJ                                                                ║
║     Operations Energy:                                                                             ║
║       - Operation 0: 42187478.400 pJ                                                               ║
║       - Operation 1: 173437411.200 pJ                                                              ║
║       - Operation 2: 41857889.400 pJ                                                               ║
║       - Operation 3: 329589.900 pJ                                                                 ║
║   - Batch 88:                                                                                      ║
║     Total Energy: 8460933168.900 pJ                                                                ║
║     Off-chip Memory Energy: 8203120800.000 pJ                                                      ║
║     On-chip Memory Energy: 0.000 pJ                                                                ║
║     Operations Energy:                                                                             ║
║       - Operation 0: 42187478.400 pJ                                                               ║
║       - Operation 1: 173437411.200 pJ                                                              ║
║       - Operation 2: 41857889.400 pJ                                                               ║
║       - Operation 3: 329589.900 pJ                                                                 ║
║   - Batch 89:                                                                                      ║
║     Total Energy: 8460933168.900 pJ                                                                ║
║     Off-chip Memory Energy: 8203120800.000 pJ                                                      ║
║     On-chip Memory Energy: 0.000 pJ                                                                ║
║     Operations Energy:                                                                             ║
║       - Operation 0: 42187478.400 pJ                                                               ║
║       - Operation 1: 173437411.200 pJ                                                              ║
║       - Operation 2: 41857889.400 pJ                                                               ║
║       - Operation 3: 329589.900 pJ                                                                 ║
║   - Batch 90:                                                                                      ║
║     Total Energy: 8460933168.900 pJ                                                                ║
║     Off-chip Memory Energy: 8203120800.000 pJ                                                      ║
║     On-chip Memory Energy: 0.000 pJ                                                                ║
║     Operations Energy:                                                                             ║
║       - Operation 0: 42187478.400 pJ                                                               ║
║       - Operation 1: 173437411.200 pJ                                                              ║
║       - Operation 2: 41857889.400 pJ                                                               ║
║       - Operation 3: 329589.900 pJ                                                                 ║
║   - Batch 91:                                                                                      ║
║     Total Energy: 8460933168.900 pJ                                                                ║
║     Off-chip Memory Energy: 8203120800.000 pJ                                                      ║
║     On-chip Memory Energy: 0.000 pJ                                                                ║
║     Operations Energy:                                                                             ║
║       - Operation 0: 42187478.400 pJ                                                               ║
║       - Operation 1: 173437411.200 pJ                                                              ║
║       - Operation 2: 41857889.400 pJ                                                               ║
║       - Operation 3: 329589.900 pJ                                                                 ║
║   - Batch 92:                                                                                      ║
║     Total Energy: 8460933168.900 pJ                                                                ║
║     Off-chip Memory Energy: 8203120800.000 pJ                                                      ║
║     On-chip Memory Energy: 0.000 pJ                                                                ║
║     Operations Energy:                                                                             ║
║       - Operation 0: 42187478.400 pJ                                                               ║
║       - Operation 1: 173437411.200 pJ                                                              ║
║       - Operation 2: 41857889.400 pJ                                                               ║
║       - Operation 3: 329589.900 pJ                                                                 ║
║   - Batch 93:                                                                                      ║
║     Total Energy: 8460933168.900 pJ                                                                ║
║     Off-chip Memory Energy: 8203120800.000 pJ                                                      ║
║     On-chip Memory Energy: 0.000 pJ                                                                ║
║     Operations Energy:                                                                             ║
║       - Operation 0: 42187478.400 pJ                                                               ║
║       - Operation 1: 173437411.200 pJ                                                              ║
║       - Operation 2: 41857889.400 pJ                                                               ║
║       - Operation 3: 329589.900 pJ                                                                 ║
║   - Batch 94:                                                                                      ║
║     Total Energy: 8460933168.900 pJ                                                                ║
║     Off-chip Memory Energy: 8203120800.000 pJ                                                      ║
║     On-chip Memory Energy: 0.000 pJ                                                                ║
║     Operations Energy:                                                                             ║
║       - Operation 0: 42187478.400 pJ                                                               ║
║       - Operation 1: 173437411.200 pJ                                                              ║
║       - Operation 2: 41857889.400 pJ                                                               ║
║       - Operation 3: 329589.900 pJ                                                                 ║
║   - Batch 95:                                                                                      ║
║     Total Energy: 8460933168.900 pJ                                                                ║
║     Off-chip Memory Energy: 8203120800.000 pJ                                                      ║
║     On-chip Memory Energy: 0.000 pJ                                                                ║
║     Operations Energy:                                                                             ║
║       - Operation 0: 42187478.400 pJ                                                               ║
║       - Operation 1: 173437411.200 pJ                                                              ║
║       - Operation 2: 41857889.400 pJ                                                               ║
║       - Operation 3: 329589.900 pJ                                                                 ║
║   - Batch 96:                                                                                      ║
║     Total Energy: 8460933168.900 pJ                                                                ║
║     Off-chip Memory Energy: 8203120800.000 pJ                                                      ║
║     On-chip Memory Energy: 0.000 pJ                                                                ║
║     Operations Energy:                                                                             ║
║       - Operation 0: 42187478.400 pJ                                                               ║
║       - Operation 1: 173437411.200 pJ                                                              ║
║       - Operation 2: 41857889.400 pJ                                                               ║
║       - Operation 3: 329589.900 pJ                                                                 ║
║   - Batch 97:                                                                                      ║
║     Total Energy: 8460933168.900 pJ                                                                ║
║     Off-chip Memory Energy: 8203120800.000 pJ                                                      ║
║     On-chip Memory Energy: 0.000 pJ                                                                ║
║     Operations Energy:                                                                             ║
║       - Operation 0: 42187478.400 pJ                                                               ║
║       - Operation 1: 173437411.200 pJ                                                              ║
║       - Operation 2: 41857889.400 pJ                                                               ║
║       - Operation 3: 329589.900 pJ                                                                 ║
║   - Batch 98:                                                                                      ║
║     Total Energy: 8460933168.900 pJ                                                                ║
║     Off-chip Memory Energy: 8203120800.000 pJ                                                      ║
║     On-chip Memory Energy: 0.000 pJ                                                                ║
║     Operations Energy:                                                                             ║
║       - Operation 0: 42187478.400 pJ                                                               ║
║       - Operation 1: 173437411.200 pJ                                                              ║
║       - Operation 2: 41857889.400 pJ                                                               ║
║       - Operation 3: 329589.900 pJ                                                                 ║
║   - Batch 99:                                                                                      ║
║     Total Energy: 8460933168.900 pJ                                                                ║
║     Off-chip Memory Energy: 8203120800.000 pJ                                                      ║
║     On-chip Memory Energy: 0.000 pJ                                                                ║
║     Operations Energy:                                                                             ║
║       - Operation 0: 42187478.400 pJ                                                               ║
║       - Operation 1: 173437411.200 pJ                                                              ║
║       - Operation 2: 41857889.400 pJ                                                               ║
║       - Operation 3: 329589.900 pJ                                                                 ║
║   - Batch 100:                                                                                     ║
║     Total Energy: 8460933168.900 pJ                                                                ║
║     Off-chip Memory Energy: 8203120800.000 pJ                                                      ║
║     On-chip Memory Energy: 0.000 pJ                                                                ║
║     Operations Energy:                                                                             ║
║       - Operation 0: 42187478.400 pJ                                                               ║
║       - Operation 1: 173437411.200 pJ                                                              ║
║       - Operation 2: 41857889.400 pJ                                                               ║
║       - Operation 3: 329589.900 pJ                                                                 ║
║   - Batch 101:                                                                                     ║
║     Total Energy: 8460933168.900 pJ                                                                ║
║     Off-chip Memory Energy: 8203120800.000 pJ                                                      ║
║     On-chip Memory Energy: 0.000 pJ                                                                ║
║     Operations Energy:                                                                             ║
║       - Operation 0: 42187478.400 pJ                                                               ║
║       - Operation 1: 173437411.200 pJ                                                              ║
║       - Operation 2: 41857889.400 pJ                                                               ║
║       - Operation 3: 329589.900 pJ                                                                 ║
║   - Batch 102:                                                                                     ║
║     Total Energy: 8460933168.900 pJ                                                                ║
║     Off-chip Memory Energy: 8203120800.000 pJ                                                      ║
║     On-chip Memory Energy: 0.000 pJ                                                                ║
║     Operations Energy:                                                                             ║
║       - Operation 0: 42187478.400 pJ                                                               ║
║       - Operation 1: 173437411.200 pJ                                                              ║
║       - Operation 2: 41857889.400 pJ                                                               ║
║       - Operation 3: 329589.900 pJ                                                                 ║
║   - Batch 103:                                                                                     ║
║     Total Energy: 8460933168.900 pJ                                                                ║
║     Off-chip Memory Energy: 8203120800.000 pJ                                                      ║
║     On-chip Memory Energy: 0.000 pJ                                                                ║
║     Operations Energy:                                                                             ║
║       - Operation 0: 42187478.400 pJ                                                               ║
║       - Operation 1: 173437411.200 pJ                                                              ║
║       - Operation 2: 41857889.400 pJ                                                               ║
║       - Operation 3: 329589.900 pJ                                                                 ║
║   - Batch 104:                                                                                     ║
║     Total Energy: 8460933168.900 pJ                                                                ║
║     Off-chip Memory Energy: 8203120800.000 pJ                                                      ║
║     On-chip Memory Energy: 0.000 pJ                                                                ║
║     Operations Energy:                                                                             ║
║       - Operation 0: 42187478.400 pJ                                                               ║
║       - Operation 1: 173437411.200 pJ                                                              ║
║       - Operation 2: 41857889.400 pJ                                                               ║
║       - Operation 3: 329589.900 pJ                                                                 ║
║   - Batch 105:                                                                                     ║
║     Total Energy: 8460933168.900 pJ                                                                ║
║     Off-chip Memory Energy: 8203120800.000 pJ                                                      ║
║     On-chip Memory Energy: 0.000 pJ                                                                ║
║     Operations Energy:                                                                             ║
║       - Operation 0: 42187478.400 pJ                                                               ║
║       - Operation 1: 173437411.200 pJ                                                              ║
║       - Operation 2: 41857889.400 pJ                                                               ║
║       - Operation 3: 329589.900 pJ                                                                 ║
║   - Batch 106:                                                                                     ║
║     Total Energy: 8460933168.900 pJ                                                                ║
║     Off-chip Memory Energy: 8203120800.000 pJ                                                      ║
║     On-chip Memory Energy: 0.000 pJ                                                                ║
║     Operations Energy:                                                                             ║
║       - Operation 0: 42187478.400 pJ                                                               ║
║       - Operation 1: 173437411.200 pJ                                                              ║
║       - Operation 2: 41857889.400 pJ                                                               ║
║       - Operation 3: 329589.900 pJ                                                                 ║
║   - Batch 107:                                                                                     ║
║     Total Energy: 8460933168.900 pJ                                                                ║
║     Off-chip Memory Energy: 8203120800.000 pJ                                                      ║
║     On-chip Memory Energy: 0.000 pJ                                                                ║
║     Operations Energy:                                                                             ║
║       - Operation 0: 42187478.400 pJ                                                               ║
║       - Operation 1: 173437411.200 pJ                                                              ║
║       - Operation 2: 41857889.400 pJ                                                               ║
║       - Operation 3: 329589.900 pJ                                                                 ║
║   - Batch 108:                                                                                     ║
║     Total Energy: 8460933168.900 pJ                                                                ║
║     Off-chip Memory Energy: 8203120800.000 pJ                                                      ║
║     On-chip Memory Energy: 0.000 pJ                                                                ║
║     Operations Energy:                                                                             ║
║       - Operation 0: 42187478.400 pJ                                                               ║
║       - Operation 1: 173437411.200 pJ                                                              ║
║       - Operation 2: 41857889.400 pJ                                                               ║
║       - Operation 3: 329589.900 pJ                                                                 ║
║   - Batch 109:                                                                                     ║
║     Total Energy: 8398908751.620 pJ                                                                ║
║     Off-chip Memory Energy: 8135383200.000 pJ                                                      ║
║     On-chip Memory Energy: 5713182.720 pJ                                                          ║
║     Operations Energy:                                                                             ║
║       - Operation 0: 42187478.400 pJ                                                               ║
║       - Operation 1: 173437411.200 pJ                                                              ║
║       - Operation 2: 41857889.400 pJ                                                               ║
║       - Operation 3: 329589.900 pJ                                                                 ║
║   - Batch 110:                                                                                     ║
║     Total Energy: 8460933168.900 pJ                                                                ║
║     Off-chip Memory Energy: 8203120800.000 pJ                                                      ║
║     On-chip Memory Energy: 0.000 pJ                                                                ║
║     Operations Energy:                                                                             ║
║       - Operation 0: 42187478.400 pJ                                                               ║
║       - Operation 1: 173437411.200 pJ                                                              ║
║       - Operation 2: 41857889.400 pJ                                                               ║
║       - Operation 3: 329589.900 pJ                                                                 ║
║   - Batch 111:                                                                                     ║
║     Total Energy: 8460933168.900 pJ                                                                ║
║     Off-chip Memory Energy: 8203120800.000 pJ                                                      ║
║     On-chip Memory Energy: 0.000 pJ                                                                ║
║     Operations Energy:                                                                             ║
║       - Operation 0: 42187478.400 pJ                                                               ║
║       - Operation 1: 173437411.200 pJ                                                              ║
║       - Operation 2: 41857889.400 pJ                                                               ║
║       - Operation 3: 329589.900 pJ                                                                 ║
║   - Batch 112:                                                                                     ║
║     Total Energy: 8460933168.900 pJ                                                                ║
║     Off-chip Memory Energy: 8203120800.000 pJ                                                      ║
║     On-chip Memory Energy: 0.000 pJ                                                                ║
║     Operations Energy:                                                                             ║
║       - Operation 0: 42187478.400 pJ                                                               ║
║       - Operation 1: 173437411.200 pJ                                                              ║
║       - Operation 2: 41857889.400 pJ                                                               ║
║       - Operation 3: 329589.900 pJ                                                                 ║
║   - Batch 113:                                                                                     ║
║     Total Energy: 8460933168.900 pJ                                                                ║
║     Off-chip Memory Energy: 8203120800.000 pJ                                                      ║
║     On-chip Memory Energy: 0.000 pJ                                                                ║
║     Operations Energy:                                                                             ║
║       - Operation 0: 42187478.400 pJ                                                               ║
║       - Operation 1: 173437411.200 pJ                                                              ║
║       - Operation 2: 41857889.400 pJ                                                               ║
║       - Operation 3: 329589.900 pJ                                                                 ║
║   - Batch 114:                                                                                     ║
║     Total Energy: 8460933168.900 pJ                                                                ║
║     Off-chip Memory Energy: 8203120800.000 pJ                                                      ║
║     On-chip Memory Energy: 0.000 pJ                                                                ║
║     Operations Energy:                                                                             ║
║       - Operation 0: 42187478.400 pJ                                                               ║
║       - Operation 1: 173437411.200 pJ                                                              ║
║       - Operation 2: 41857889.400 pJ                                                               ║
║       - Operation 3: 329589.900 pJ                                                                 ║
║   - Batch 115:                                                                                     ║
║     Total Energy: 8460933168.900 pJ                                                                ║
║     Off-chip Memory Energy: 8203120800.000 pJ                                                      ║
║     On-chip Memory Energy: 0.000 pJ                                                                ║
║     Operations Energy:                                                                             ║
║       - Operation 0: 42187478.400 pJ                                                               ║
║       - Operation 1: 173437411.200 pJ                                                              ║
║       - Operation 2: 41857889.400 pJ                                                               ║
║       - Operation 3: 329589.900 pJ                                                                 ║
║   - Batch 116:                                                                                     ║
║     Total Energy: 8460933168.900 pJ                                                                ║
║     Off-chip Memory Energy: 8203120800.000 pJ                                                      ║
║     On-chip Memory Energy: 0.000 pJ                                                                ║
║     Operations Energy:                                                                             ║
║       - Operation 0: 42187478.400 pJ                                                               ║
║       - Operation 1: 173437411.200 pJ                                                              ║
║       - Operation 2: 41857889.400 pJ                                                               ║
║       - Operation 3: 329589.900 pJ                                                                 ║
║   - Batch 117:                                                                                     ║
║     Total Energy: 8460933168.900 pJ                                                                ║
║     Off-chip Memory Energy: 8203120800.000 pJ                                                      ║
║     On-chip Memory Energy: 0.000 pJ                                                                ║
║     Operations Energy:                                                                             ║
║       - Operation 0: 42187478.400 pJ                                                               ║
║       - Operation 1: 173437411.200 pJ                                                              ║
║       - Operation 2: 41857889.400 pJ                                                               ║
║       - Operation 3: 329589.900 pJ                                                                 ║
║   - Batch 118:                                                                                     ║
║     Total Energy: 8460933168.900 pJ                                                                ║
║     Off-chip Memory Energy: 8203120800.000 pJ                                                      ║
║     On-chip Memory Energy: 0.000 pJ                                                                ║
║     Operations Energy:                                                                             ║
║       - Operation 0: 42187478.400 pJ                                                               ║
║       - Operation 1: 173437411.200 pJ                                                              ║
║       - Operation 2: 41857889.400 pJ                                                               ║
║       - Operation 3: 329589.900 pJ                                                                 ║
║   - Batch 119:                                                                                     ║
║     Total Energy: 8460933168.900 pJ                                                                ║
║     Off-chip Memory Energy: 8203120800.000 pJ                                                      ║
║     On-chip Memory Energy: 0.000 pJ                                                                ║
║     Operations Energy:                                                                             ║
║       - Operation 0: 42187478.400 pJ                                                               ║
║       - Operation 1: 173437411.200 pJ                                                              ║
║       - Operation 2: 41857889.400 pJ                                                               ║
║       - Operation 3: 329589.900 pJ                                                                 ║
║   - Batch 120:                                                                                     ║
║     Total Energy: 8460933168.900 pJ                                                                ║
║     Off-chip Memory Energy: 8203120800.000 pJ                                                      ║
║     On-chip Memory Energy: 0.000 pJ                                                                ║
║     Operations Energy:                                                                             ║
║       - Operation 0: 42187478.400 pJ                                                               ║
║       - Operation 1: 173437411.200 pJ                                                              ║
║       - Operation 2: 41857889.400 pJ                                                               ║
║       - Operation 3: 329589.900 pJ                                                                 ║
║   - Batch 121:                                                                                     ║
║     Total Energy: 8460933168.900 pJ                                                                ║
║     Off-chip Memory Energy: 8203120800.000 pJ                                                      ║
║     On-chip Memory Energy: 0.000 pJ                                                                ║
║     Operations Energy:                                                                             ║
║       - Operation 0: 42187478.400 pJ                                                               ║
║       - Operation 1: 173437411.200 pJ                                                              ║
║       - Operation 2: 41857889.400 pJ                                                               ║
║       - Operation 3: 329589.900 pJ                                                                 ║
║   - Batch 122:                                                                                     ║
║     Total Energy: 8460933168.900 pJ                                                                ║
║     Off-chip Memory Energy: 8203120800.000 pJ                                                      ║
║     On-chip Memory Energy: 0.000 pJ                                                                ║
║     Operations Energy:                                                                             ║
║       - Operation 0: 42187478.400 pJ                                                               ║
║       - Operation 1: 173437411.200 pJ                                                              ║
║       - Operation 2: 41857889.400 pJ                                                               ║
║       - Operation 3: 329589.900 pJ                                                                 ║
║   - Batch 123:                                                                                     ║
║     Total Energy: 8460933168.900 pJ                                                                ║
║     Off-chip Memory Energy: 8203120800.000 pJ                                                      ║
║     On-chip Memory Energy: 0.000 pJ                                                                ║
║     Operations Energy:                                                                             ║
║       - Operation 0: 42187478.400 pJ                                                               ║
║       - Operation 1: 173437411.200 pJ                                                              ║
║       - Operation 2: 41857889.400 pJ                                                               ║
║       - Operation 3: 329589.900 pJ                                                                 ║
║   - Batch 124:                                                                                     ║
║     Total Energy: 8460933168.900 pJ                                                                ║
║     Off-chip Memory Energy: 8203120800.000 pJ                                                      ║
║     On-chip Memory Energy: 0.000 pJ                                                                ║
║     Operations Energy:                                                                             ║
║       - Operation 0: 42187478.400 pJ                                                               ║
║       - Operation 1: 173437411.200 pJ                                                              ║
║       - Operation 2: 41857889.400 pJ                                                               ║
║       - Operation 3: 329589.900 pJ                                                                 ║
║   - Batch 125:                                                                                     ║
║     Total Energy: 8460933168.900 pJ                                                                ║
║     Off-chip Memory Energy: 8203120800.000 pJ                                                      ║
║     On-chip Memory Energy: 0.000 pJ                                                                ║
║     Operations Energy:                                                                             ║
║       - Operation 0: 42187478.400 pJ                                                               ║
║       - Operation 1: 173437411.200 pJ                                                              ║
║       - Operation 2: 41857889.400 pJ                                                               ║
║       - Operation 3: 329589.900 pJ                                                                 ║
║   - Batch 126:                                                                                     ║
║     Total Energy: 8460933168.900 pJ                                                                ║
║     Off-chip Memory Energy: 8203120800.000 pJ                                                      ║
║     On-chip Memory Energy: 0.000 pJ                                                                ║
║     Operations Energy:                                                                             ║
║       - Operation 0: 42187478.400 pJ                                                               ║
║       - Operation 1: 173437411.200 pJ                                                              ║
║       - Operation 2: 41857889.400 pJ                                                               ║
║       - Operation 3: 329589.900 pJ                                                                 ║
║   - Batch 127:                                                                                     ║
║     Total Energy: 8460933168.900 pJ                                                                ║
║     Off-chip Memory Energy: 8203120800.000 pJ                                                      ║
║     On-chip Memory Energy: 0.000 pJ                                                                ║
║     Operations Energy:                                                                             ║
║       - Operation 0: 42187478.400 pJ                                                               ║
║       - Operation 1: 173437411.200 pJ                                                              ║
║       - Operation 2: 41857889.400 pJ                                                               ║
║       - Operation 3: 329589.900 pJ                                                                 ║
║   - Batch 128:                                                                                     ║
║     Total Energy: 8460933168.900 pJ                                                                ║
║     Off-chip Memory Energy: 8203120800.000 pJ                                                      ║
║     On-chip Memory Energy: 0.000 pJ                                                                ║
║     Operations Energy:                                                                             ║
║       - Operation 0: 42187478.400 pJ                                                               ║
║       - Operation 1: 173437411.200 pJ                                                              ║
║       - Operation 2: 41857889.400 pJ                                                               ║
║       - Operation 3: 329589.900 pJ                                                                 ║
║   - Batch 129:                                                                                     ║
║     Total Energy: 8460933168.900 pJ                                                                ║
║     Off-chip Memory Energy: 8203120800.000 pJ                                                      ║
║     On-chip Memory Energy: 0.000 pJ                                                                ║
║     Operations Energy:                                                                             ║
║       - Operation 0: 42187478.400 pJ                                                               ║
║       - Operation 1: 173437411.200 pJ                                                              ║
║       - Operation 2: 41857889.400 pJ                                                               ║
║       - Operation 3: 329589.900 pJ                                                                 ║
║   - Batch 130:                                                                                     ║
║     Total Energy: 8460933168.900 pJ                                                                ║
║     Off-chip Memory Energy: 8203120800.000 pJ                                                      ║
║     On-chip Memory Energy: 0.000 pJ                                                                ║
║     Operations Energy:                                                                             ║
║       - Operation 0: 42187478.400 pJ                                                               ║
║       - Operation 1: 173437411.200 pJ                                                              ║
║       - Operation 2: 41857889.400 pJ                                                               ║
║       - Operation 3: 329589.900 pJ                                                                 ║
║   - Batch 131:                                                                                     ║
║     Total Energy: 8460933168.900 pJ                                                                ║
║     Off-chip Memory Energy: 8203120800.000 pJ                                                      ║
║     On-chip Memory Energy: 0.000 pJ                                                                ║
║     Operations Energy:                                                                             ║
║       - Operation 0: 42187478.400 pJ                                                               ║
║       - Operation 1: 173437411.200 pJ                                                              ║
║       - Operation 2: 41857889.400 pJ                                                               ║
║       - Operation 3: 329589.900 pJ                                                                 ║
║   - Batch 132:                                                                                     ║
║     Total Energy: 8460933168.900 pJ                                                                ║
║     Off-chip Memory Energy: 8203120800.000 pJ                                                      ║
║     On-chip Memory Energy: 0.000 pJ                                                                ║
║     Operations Energy:                                                                             ║
║       - Operation 0: 42187478.400 pJ                                                               ║
║       - Operation 1: 173437411.200 pJ                                                              ║
║       - Operation 2: 41857889.400 pJ                                                               ║
║       - Operation 3: 329589.900 pJ                                                                 ║
║   - Batch 133:                                                                                     ║
║     Total Energy: 8460933168.900 pJ                                                                ║
║     Off-chip Memory Energy: 8203120800.000 pJ                                                      ║
║     On-chip Memory Energy: 0.000 pJ                                                                ║
║     Operations Energy:                                                                             ║
║       - Operation 0: 42187478.400 pJ                                                               ║
║       - Operation 1: 173437411.200 pJ                                                              ║
║       - Operation 2: 41857889.400 pJ                                                               ║
║       - Operation 3: 329589.900 pJ                                                                 ║
║   - Batch 134:                                                                                     ║
║     Total Energy: 8460933168.900 pJ                                                                ║
║     Off-chip Memory Energy: 8203120800.000 pJ                                                      ║
║     On-chip Memory Energy: 0.000 pJ                                                                ║
║     Operations Energy:                                                                             ║
║       - Operation 0: 42187478.400 pJ                                                               ║
║       - Operation 1: 173437411.200 pJ                                                              ║
║       - Operation 2: 41857889.400 pJ                                                               ║
║       - Operation 3: 329589.900 pJ                                                                 ║
║   - Batch 135:                                                                                     ║
║     Total Energy: 8460933168.900 pJ                                                                ║
║     Off-chip Memory Energy: 8203120800.000 pJ                                                      ║
║     On-chip Memory Energy: 0.000 pJ                                                                ║
║     Operations Energy:                                                                             ║
║       - Operation 0: 42187478.400 pJ                                                               ║
║       - Operation 1: 173437411.200 pJ                                                              ║
║       - Operation 2: 41857889.400 pJ                                                               ║
║       - Operation 3: 329589.900 pJ                                                                 ║
║   - Batch 136:                                                                                     ║
║     Total Energy: 8460933168.900 pJ                                                                ║
║     Off-chip Memory Energy: 8203120800.000 pJ                                                      ║
║     On-chip Memory Energy: 0.000 pJ                                                                ║
║     Operations Energy:                                                                             ║
║       - Operation 0: 42187478.400 pJ                                                               ║
║       - Operation 1: 173437411.200 pJ                                                              ║
║       - Operation 2: 41857889.400 pJ                                                               ║
║       - Operation 3: 329589.900 pJ                                                                 ║
║   - Batch 137:                                                                                     ║
║     Total Energy: 8460933168.900 pJ                                                                ║
║     Off-chip Memory Energy: 8203120800.000 pJ                                                      ║
║     On-chip Memory Energy: 0.000 pJ                                                                ║
║     Operations Energy:                                                                             ║
║       - Operation 0: 42187478.400 pJ                                                               ║
║       - Operation 1: 173437411.200 pJ                                                              ║
║       - Operation 2: 41857889.400 pJ                                                               ║
║       - Operation 3: 329589.900 pJ                                                                 ║
║   - Batch 138:                                                                                     ║
║     Total Energy: 8460933168.900 pJ                                                                ║
║     Off-chip Memory Energy: 8203120800.000 pJ                                                      ║
║     On-chip Memory Energy: 0.000 pJ                                                                ║
║     Operations Energy:                                                                             ║
║       - Operation 0: 42187478.400 pJ                                                               ║
║       - Operation 1: 173437411.200 pJ                                                              ║
║       - Operation 2: 41857889.400 pJ                                                               ║
║       - Operation 3: 329589.900 pJ                                                                 ║
║   - Batch 139:                                                                                     ║
║     Total Energy: 8460933168.900 pJ                                                                ║
║     Off-chip Memory Energy: 8203120800.000 pJ                                                      ║
║     On-chip Memory Energy: 0.000 pJ                                                                ║
║     Operations Energy:                                                                             ║
║       - Operation 0: 42187478.400 pJ                                                               ║
║       - Operation 1: 173437411.200 pJ                                                              ║
║       - Operation 2: 41857889.400 pJ                                                               ║
║       - Operation 3: 329589.900 pJ                                                                 ║
║   - Batch 140:                                                                                     ║
║     Total Energy: 8460933168.900 pJ                                                                ║
║     Off-chip Memory Energy: 8203120800.000 pJ                                                      ║
║     On-chip Memory Energy: 0.000 pJ                                                                ║
║     Operations Energy:                                                                             ║
║       - Operation 0: 42187478.400 pJ                                                               ║
║       - Operation 1: 173437411.200 pJ                                                              ║
║       - Operation 2: 41857889.400 pJ                                                               ║
║       - Operation 3: 329589.900 pJ                                                                 ║
║   - Batch 141:                                                                                     ║
║     Total Energy: 8460933168.900 pJ                                                                ║
║     Off-chip Memory Energy: 8203120800.000 pJ                                                      ║
║     On-chip Memory Energy: 0.000 pJ                                                                ║
║     Operations Energy:                                                                             ║
║       - Operation 0: 42187478.400 pJ                                                               ║
║       - Operation 1: 173437411.200 pJ                                                              ║
║       - Operation 2: 41857889.400 pJ                                                               ║
║       - Operation 3: 329589.900 pJ                                                                 ║
║   - Batch 142:                                                                                     ║
║     Total Energy: 8460933168.900 pJ                                                                ║
║     Off-chip Memory Energy: 8203120800.000 pJ                                                      ║
║     On-chip Memory Energy: 0.000 pJ                                                                ║
║     Operations Energy:                                                                             ║
║       - Operation 0: 42187478.400 pJ                                                               ║
║       - Operation 1: 173437411.200 pJ                                                              ║
║       - Operation 2: 41857889.400 pJ                                                               ║
║       - Operation 3: 329589.900 pJ                                                                 ║
║   - Batch 143:                                                                                     ║
║     Total Energy: 8460933168.900 pJ                                                                ║
║     Off-chip Memory Energy: 8203120800.000 pJ                                                      ║
║     On-chip Memory Energy: 0.000 pJ                                                                ║
║     Operations Energy:                                                                             ║
║       - Operation 0: 42187478.400 pJ                                                               ║
║       - Operation 1: 173437411.200 pJ                                                              ║
║       - Operation 2: 41857889.400 pJ                                                               ║
║       - Operation 3: 329589.900 pJ                                                                 ║
║   - Batch 144:                                                                                     ║
║     Total Energy: 8460933168.900 pJ                                                                ║
║     Off-chip Memory Energy: 8203120800.000 pJ                                                      ║
║     On-chip Memory Energy: 0.000 pJ                                                                ║
║     Operations Energy:                                                                             ║
║       - Operation 0: 42187478.400 pJ                                                               ║
║       - Operation 1: 173437411.200 pJ                                                              ║
║       - Operation 2: 41857889.400 pJ                                                               ║
║       - Operation 3: 329589.900 pJ                                                                 ║
║   - Batch 145:                                                                                     ║
║     Total Energy: 8460933168.900 pJ                                                                ║
║     Off-chip Memory Energy: 8203120800.000 pJ                                                      ║
║     On-chip Memory Energy: 0.000 pJ                                                                ║
║     Operations Energy:                                                                             ║
║       - Operation 0: 42187478.400 pJ                                                               ║
║       - Operation 1: 173437411.200 pJ                                                              ║
║       - Operation 2: 41857889.400 pJ                                                               ║
║       - Operation 3: 329589.900 pJ                                                                 ║
║   - Batch 146:                                                                                     ║
║     Total Energy: 8460933168.900 pJ                                                                ║
║     Off-chip Memory Energy: 8203120800.000 pJ                                                      ║
║     On-chip Memory Energy: 0.000 pJ                                                                ║
║     Operations Energy:                                                                             ║
║       - Operation 0: 42187478.400 pJ                                                               ║
║       - Operation 1: 173437411.200 pJ                                                              ║
║       - Operation 2: 41857889.400 pJ                                                               ║
║       - Operation 3: 329589.900 pJ                                                                 ║
║   - Batch 147:                                                                                     ║
║     Total Energy: 8460933168.900 pJ                                                                ║
║     Off-chip Memory Energy: 8203120800.000 pJ                                                      ║
║     On-chip Memory Energy: 0.000 pJ                                                                ║
║     Operations Energy:                                                                             ║
║       - Operation 0: 42187478.400 pJ                                                               ║
║       - Operation 1: 173437411.200 pJ                                                              ║
║       - Operation 2: 41857889.400 pJ                                                               ║
║       - Operation 3: 329589.900 pJ                                                                 ║
║   - Batch 148:                                                                                     ║
║     Total Energy: 8460933168.900 pJ                                                                ║
║     Off-chip Memory Energy: 8203120800.000 pJ                                                      ║
║     On-chip Memory Energy: 0.000 pJ                                                                ║
║     Operations Energy:                                                                             ║
║       - Operation 0: 42187478.400 pJ                                                               ║
║       - Operation 1: 173437411.200 pJ                                                              ║
║       - Operation 2: 41857889.400 pJ                                                               ║
║       - Operation 3: 329589.900 pJ                                                                 ║
║   - Batch 149:                                                                                     ║
║     Total Energy: 8460933168.900 pJ                                                                ║
║     Off-chip Memory Energy: 8203120800.000 pJ                                                      ║
║     On-chip Memory Energy: 0.000 pJ                                                                ║
║     Operations Energy:                                                                             ║
║       - Operation 0: 42187478.400 pJ                                                               ║
║       - Operation 1: 173437411.200 pJ                                                              ║
║       - Operation 2: 41857889.400 pJ                                                               ║
║       - Operation 3: 329589.900 pJ                                                                 ║
║   - Batch 150:                                                                                     ║
║     Total Energy: 8460933168.900 pJ                                                                ║
║     Off-chip Memory Energy: 8203120800.000 pJ                                                      ║
║     On-chip Memory Energy: 0.000 pJ                                                                ║
║     Operations Energy:                                                                             ║
║       - Operation 0: 42187478.400 pJ                                                               ║
║       - Operation 1: 173437411.200 pJ                                                              ║
║       - Operation 2: 41857889.400 pJ                                                               ║
║       - Operation 3: 329589.900 pJ                                                                 ║
║   - Batch 151:                                                                                     ║
║     Total Energy: 8460933168.900 pJ                                                                ║
║     Off-chip Memory Energy: 8203120800.000 pJ                                                      ║
║     On-chip Memory Energy: 0.000 pJ                                                                ║
║     Operations Energy:                                                                             ║
║       - Operation 0: 42187478.400 pJ                                                               ║
║       - Operation 1: 173437411.200 pJ                                                              ║
║       - Operation 2: 41857889.400 pJ                                                               ║
║       - Operation 3: 329589.900 pJ                                                                 ║
║   - Batch 152:                                                                                     ║
║     Total Energy: 8460933168.900 pJ                                                                ║
║     Off-chip Memory Energy: 8203120800.000 pJ                                                      ║
║     On-chip Memory Energy: 0.000 pJ                                                                ║
║     Operations Energy:                                                                             ║
║       - Operation 0: 42187478.400 pJ                                                               ║
║       - Operation 1: 173437411.200 pJ                                                              ║
║       - Operation 2: 41857889.400 pJ                                                               ║
║       - Operation 3: 329589.900 pJ                                                                 ║
║   - Batch 153:                                                                                     ║
║     Total Energy: 8460933168.900 pJ                                                                ║
║     Off-chip Memory Energy: 8203120800.000 pJ                                                      ║
║     On-chip Memory Energy: 0.000 pJ                                                                ║
║     Operations Energy:                                                                             ║
║       - Operation 0: 42187478.400 pJ                                                               ║
║       - Operation 1: 173437411.200 pJ                                                              ║
║       - Operation 2: 41857889.400 pJ                                                               ║
║       - Operation 3: 329589.900 pJ                                                                 ║
║   - Batch 154:                                                                                     ║
║     Total Energy: 8460933168.900 pJ                                                                ║
║     Off-chip Memory Energy: 8203120800.000 pJ                                                      ║
║     On-chip Memory Energy: 0.000 pJ                                                                ║
║     Operations Energy:                                                                             ║
║       - Operation 0: 42187478.400 pJ                                                               ║
║       - Operation 1: 173437411.200 pJ                                                              ║
║       - Operation 2: 41857889.400 pJ                                                               ║
║       - Operation 3: 329589.900 pJ                                                                 ║
║   - Batch 155:                                                                                     ║
║     Total Energy: 8460933168.900 pJ                                                                ║
║     Off-chip Memory Energy: 8203120800.000 pJ                                                      ║
║     On-chip Memory Energy: 0.000 pJ                                                                ║
║     Operations Energy:                                                                             ║
║       - Operation 0: 42187478.400 pJ                                                               ║
║       - Operation 1: 173437411.200 pJ                                                              ║
║       - Operation 2: 41857889.400 pJ                                                               ║
║       - Operation 3: 329589.900 pJ                                                                 ║
║   - Batch 156:                                                                                     ║
║     Total Energy: 8460933168.900 pJ                                                                ║
║     Off-chip Memory Energy: 8203120800.000 pJ                                                      ║
║     On-chip Memory Energy: 0.000 pJ                                                                ║
║     Operations Energy:                                                                             ║
║       - Operation 0: 42187478.400 pJ                                                               ║
║       - Operation 1: 173437411.200 pJ                                                              ║
║       - Operation 2: 41857889.400 pJ                                                               ║
║       - Operation 3: 329589.900 pJ                                                                 ║
║   - Batch 157:                                                                                     ║
║     Total Energy: 8460933168.900 pJ                                                                ║
║     Off-chip Memory Energy: 8203120800.000 pJ                                                      ║
║     On-chip Memory Energy: 0.000 pJ                                                                ║
║     Operations Energy:                                                                             ║
║       - Operation 0: 42187478.400 pJ                                                               ║
║       - Operation 1: 173437411.200 pJ                                                              ║
║       - Operation 2: 41857889.400 pJ                                                               ║
║       - Operation 3: 329589.900 pJ                                                                 ║
║   - Batch 158:                                                                                     ║
║     Total Energy: 8460933168.900 pJ                                                                ║
║     Off-chip Memory Energy: 8203120800.000 pJ                                                      ║
║     On-chip Memory Energy: 0.000 pJ                                                                ║
║     Operations Energy:                                                                             ║
║       - Operation 0: 42187478.400 pJ                                                               ║
║       - Operation 1: 173437411.200 pJ                                                              ║
║       - Operation 2: 41857889.400 pJ                                                               ║
║       - Operation 3: 329589.900 pJ                                                                 ║
║   - Batch 159:                                                                                     ║
║     Total Energy: 8460933168.900 pJ                                                                ║
║     Off-chip Memory Energy: 8203120800.000 pJ                                                      ║
║     On-chip Memory Energy: 0.000 pJ                                                                ║
║     Operations Energy:                                                                             ║
║       - Operation 0: 42187478.400 pJ                                                               ║
║       - Operation 1: 173437411.200 pJ                                                              ║
║       - Operation 2: 41857889.400 pJ                                                               ║
║       - Operation 3: 329589.900 pJ                                                                 ║
║   - Batch 160:                                                                                     ║
║     Total Energy: 8460933168.900 pJ                                                                ║
║     Off-chip Memory Energy: 8203120800.000 pJ                                                      ║
║     On-chip Memory Energy: 0.000 pJ                                                                ║
║     Operations Energy:                                                                             ║
║       - Operation 0: 42187478.400 pJ                                                               ║
║       - Operation 1: 173437411.200 pJ                                                              ║
║       - Operation 2: 41857889.400 pJ                                                               ║
║       - Operation 3: 329589.900 pJ                                                                 ║
║   - Batch 161:                                                                                     ║
║     Total Energy: 8460933168.900 pJ                                                                ║
║     Off-chip Memory Energy: 8203120800.000 pJ                                                      ║
║     On-chip Memory Energy: 0.000 pJ                                                                ║
║     Operations Energy:                                                                             ║
║       - Operation 0: 42187478.400 pJ                                                               ║
║       - Operation 1: 173437411.200 pJ                                                              ║
║       - Operation 2: 41857889.400 pJ                                                               ║
║       - Operation 3: 329589.900 pJ                                                                 ║
║   - Batch 162:                                                                                     ║
║     Total Energy: 8460933168.900 pJ                                                                ║
║     Off-chip Memory Energy: 8203120800.000 pJ                                                      ║
║     On-chip Memory Energy: 0.000 pJ                                                                ║
║     Operations Energy:                                                                             ║
║       - Operation 0: 42187478.400 pJ                                                               ║
║       - Operation 1: 173437411.200 pJ                                                              ║
║       - Operation 2: 41857889.400 pJ                                                               ║
║       - Operation 3: 329589.900 pJ                                                                 ║
║   - Batch 163:                                                                                     ║
║     Total Energy: 8460933168.900 pJ                                                                ║
║     Off-chip Memory Energy: 8203120800.000 pJ                                                      ║
║     On-chip Memory Energy: 0.000 pJ                                                                ║
║     Operations Energy:                                                                             ║
║       - Operation 0: 42187478.400 pJ                                                               ║
║       - Operation 1: 173437411.200 pJ                                                              ║
║       - Operation 2: 41857889.400 pJ                                                               ║
║       - Operation 3: 329589.900 pJ                                                                 ║
║   - Batch 164:                                                                                     ║
║     Total Energy: 8460933168.900 pJ                                                                ║
║     Off-chip Memory Energy: 8203120800.000 pJ                                                      ║
║     On-chip Memory Energy: 0.000 pJ                                                                ║
║     Operations Energy:                                                                             ║
║       - Operation 0: 42187478.400 pJ                                                               ║
║       - Operation 1: 173437411.200 pJ                                                              ║
║       - Operation 2: 41857889.400 pJ                                                               ║
║       - Operation 3: 329589.900 pJ                                                                 ║
║   - Batch 165:                                                                                     ║
║     Total Energy: 8460933168.900 pJ                                                                ║
║     Off-chip Memory Energy: 8203120800.000 pJ                                                      ║
║     On-chip Memory Energy: 0.000 pJ                                                                ║
║     Operations Energy:                                                                             ║
║       - Operation 0: 42187478.400 pJ                                                               ║
║       - Operation 1: 173437411.200 pJ                                                              ║
║       - Operation 2: 41857889.400 pJ                                                               ║
║       - Operation 3: 329589.900 pJ                                                                 ║
║   - Batch 166:                                                                                     ║
║     Total Energy: 8460933168.900 pJ                                                                ║
║     Off-chip Memory Energy: 8203120800.000 pJ                                                      ║
║     On-chip Memory Energy: 0.000 pJ                                                                ║
║     Operations Energy:                                                                             ║
║       - Operation 0: 42187478.400 pJ                                                               ║
║       - Operation 1: 173437411.200 pJ                                                              ║
║       - Operation 2: 41857889.400 pJ                                                               ║
║       - Operation 3: 329589.900 pJ                                                                 ║
║   - Batch 167:                                                                                     ║
║     Total Energy: 8460933168.900 pJ                                                                ║
║     Off-chip Memory Energy: 8203120800.000 pJ                                                      ║
║     On-chip Memory Energy: 0.000 pJ                                                                ║
║     Operations Energy:                                                                             ║
║       - Operation 0: 42187478.400 pJ                                                               ║
║       - Operation 1: 173437411.200 pJ                                                              ║
║       - Operation 2: 41857889.400 pJ                                                               ║
║       - Operation 3: 329589.900 pJ                                                                 ║
║   - Batch 168:                                                                                     ║
║     Total Energy: 8460933168.900 pJ                                                                ║
║     Off-chip Memory Energy: 8203120800.000 pJ                                                      ║
║     On-chip Memory Energy: 0.000 pJ                                                                ║
║     Operations Energy:                                                                             ║
║       - Operation 0: 42187478.400 pJ                                                               ║
║       - Operation 1: 173437411.200 pJ                                                              ║
║       - Operation 2: 41857889.400 pJ                                                               ║
║       - Operation 3: 329589.900 pJ                                                                 ║
║   - Batch 169:                                                                                     ║
║     Total Energy: 8460933168.900 pJ                                                                ║
║     Off-chip Memory Energy: 8203120800.000 pJ                                                      ║
║     On-chip Memory Energy: 0.000 pJ                                                                ║
║     Operations Energy:                                                                             ║
║       - Operation 0: 42187478.400 pJ                                                               ║
║       - Operation 1: 173437411.200 pJ                                                              ║
║       - Operation 2: 41857889.400 pJ                                                               ║
║       - Operation 3: 329589.900 pJ                                                                 ║
║   - Batch 170:                                                                                     ║
║     Total Energy: 8460933168.900 pJ                                                                ║
║     Off-chip Memory Energy: 8203120800.000 pJ                                                      ║
║     On-chip Memory Energy: 0.000 pJ                                                                ║
║     Operations Energy:                                                                             ║
║       - Operation 0: 42187478.400 pJ                                                               ║
║       - Operation 1: 173437411.200 pJ                                                              ║
║       - Operation 2: 41857889.400 pJ                                                               ║
║       - Operation 3: 329589.900 pJ                                                                 ║
║   - Batch 171:                                                                                     ║
║     Total Energy: 8460933168.900 pJ                                                                ║
║     Off-chip Memory Energy: 8203120800.000 pJ                                                      ║
║     On-chip Memory Energy: 0.000 pJ                                                                ║
║     Operations Energy:                                                                             ║
║       - Operation 0: 42187478.400 pJ                                                               ║
║       - Operation 1: 173437411.200 pJ                                                              ║
║       - Operation 2: 41857889.400 pJ                                                               ║
║       - Operation 3: 329589.900 pJ                                                                 ║
║   - Batch 172:                                                                                     ║
║     Total Energy: 8460933168.900 pJ                                                                ║
║     Off-chip Memory Energy: 8203120800.000 pJ                                                      ║
║     On-chip Memory Energy: 0.000 pJ                                                                ║
║     Operations Energy:                                                                             ║
║       - Operation 0: 42187478.400 pJ                                                               ║
║       - Operation 1: 173437411.200 pJ                                                              ║
║       - Operation 2: 41857889.400 pJ                                                               ║
║       - Operation 3: 329589.900 pJ                                                                 ║
║   - Batch 173:                                                                                     ║
║     Total Energy: 8460933168.900 pJ                                                                ║
║     Off-chip Memory Energy: 8203120800.000 pJ                                                      ║
║     On-chip Memory Energy: 0.000 pJ                                                                ║
║     Operations Energy:                                                                             ║
║       - Operation 0: 42187478.400 pJ                                                               ║
║       - Operation 1: 173437411.200 pJ                                                              ║
║       - Operation 2: 41857889.400 pJ                                                               ║
║       - Operation 3: 329589.900 pJ                                                                 ║
║   - Batch 174:                                                                                     ║
║     Total Energy: 8460933168.900 pJ                                                                ║
║     Off-chip Memory Energy: 8203120800.000 pJ                                                      ║
║     On-chip Memory Energy: 0.000 pJ                                                                ║
║     Operations Energy:                                                                             ║
║       - Operation 0: 42187478.400 pJ                                                               ║
║       - Operation 1: 173437411.200 pJ                                                              ║
║       - Operation 2: 41857889.400 pJ                                                               ║
║       - Operation 3: 329589.900 pJ                                                                 ║
║   - Batch 175:                                                                                     ║
║     Total Energy: 8460933168.900 pJ                                                                ║
║     Off-chip Memory Energy: 8203120800.000 pJ                                                      ║
║     On-chip Memory Energy: 0.000 pJ                                                                ║
║     Operations Energy:                                                                             ║
║       - Operation 0: 42187478.400 pJ                                                               ║
║       - Operation 1: 173437411.200 pJ                                                              ║
║       - Operation 2: 41857889.400 pJ                                                               ║
║       - Operation 3: 329589.900 pJ                                                                 ║
║   - Batch 176:                                                                                     ║
║     Total Energy: 8460933168.900 pJ                                                                ║
║     Off-chip Memory Energy: 8203120800.000 pJ                                                      ║
║     On-chip Memory Energy: 0.000 pJ                                                                ║
║     Operations Energy:                                                                             ║
║       - Operation 0: 42187478.400 pJ                                                               ║
║       - Operation 1: 173437411.200 pJ                                                              ║
║       - Operation 2: 41857889.400 pJ                                                               ║
║       - Operation 3: 329589.900 pJ                                                                 ║
║   - Batch 177:                                                                                     ║
║     Total Energy: 8460933168.900 pJ                                                                ║
║     Off-chip Memory Energy: 8203120800.000 pJ                                                      ║
║     On-chip Memory Energy: 0.000 pJ                                                                ║
║     Operations Energy:                                                                             ║
║       - Operation 0: 42187478.400 pJ                                                               ║
║       - Operation 1: 173437411.200 pJ                                                              ║
║       - Operation 2: 41857889.400 pJ                                                               ║
║       - Operation 3: 329589.900 pJ                                                                 ║
║   - Batch 178:                                                                                     ║
║     Total Energy: 8460933168.900 pJ                                                                ║
║     Off-chip Memory Energy: 8203120800.000 pJ                                                      ║
║     On-chip Memory Energy: 0.000 pJ                                                                ║
║     Operations Energy:                                                                             ║
║       - Operation 0: 42187478.400 pJ                                                               ║
║       - Operation 1: 173437411.200 pJ                                                              ║
║       - Operation 2: 41857889.400 pJ                                                               ║
║       - Operation 3: 329589.900 pJ                                                                 ║
║   - Batch 179:                                                                                     ║
║     Total Energy: 8460933168.900 pJ                                                                ║
║     Off-chip Memory Energy: 8203120800.000 pJ                                                      ║
║     On-chip Memory Energy: 0.000 pJ                                                                ║
║     Operations Energy:                                                                             ║
║       - Operation 0: 42187478.400 pJ                                                               ║
║       - Operation 1: 173437411.200 pJ                                                              ║
║       - Operation 2: 41857889.400 pJ                                                               ║
║       - Operation 3: 329589.900 pJ                                                                 ║
║   - Batch 180:                                                                                     ║
║     Total Energy: 8460933168.900 pJ                                                                ║
║     Off-chip Memory Energy: 8203120800.000 pJ                                                      ║
║     On-chip Memory Energy: 0.000 pJ                                                                ║
║     Operations Energy:                                                                             ║
║       - Operation 0: 42187478.400 pJ                                                               ║
║       - Operation 1: 173437411.200 pJ                                                              ║
║       - Operation 2: 41857889.400 pJ                                                               ║
║       - Operation 3: 329589.900 pJ                                                                 ║
║   - Batch 181:                                                                                     ║
║     Total Energy: 8460933168.900 pJ                                                                ║
║     Off-chip Memory Energy: 8203120800.000 pJ                                                      ║
║     On-chip Memory Energy: 0.000 pJ                                                                ║
║     Operations Energy:                                                                             ║
║       - Operation 0: 42187478.400 pJ                                                               ║
║       - Operation 1: 173437411.200 pJ                                                              ║
║       - Operation 2: 41857889.400 pJ                                                               ║
║       - Operation 3: 329589.900 pJ                                                                 ║
║   - Batch 182:                                                                                     ║
║     Total Energy: 8460933168.900 pJ                                                                ║
║     Off-chip Memory Energy: 8203120800.000 pJ                                                      ║
║     On-chip Memory Energy: 0.000 pJ                                                                ║
║     Operations Energy:                                                                             ║
║       - Operation 0: 42187478.400 pJ                                                               ║
║       - Operation 1: 173437411.200 pJ                                                              ║
║       - Operation 2: 41857889.400 pJ                                                               ║
║       - Operation 3: 329589.900 pJ                                                                 ║
║   - Batch 183:                                                                                     ║
║     Total Energy: 8460933168.900 pJ                                                                ║
║     Off-chip Memory Energy: 8203120800.000 pJ                                                      ║
║     On-chip Memory Energy: 0.000 pJ                                                                ║
║     Operations Energy:                                                                             ║
║       - Operation 0: 42187478.400 pJ                                                               ║
║       - Operation 1: 173437411.200 pJ                                                              ║
║       - Operation 2: 41857889.400 pJ                                                               ║
║       - Operation 3: 329589.900 pJ                                                                 ║
║   - Batch 184:                                                                                     ║
║     Total Energy: 8460933168.900 pJ                                                                ║
║     Off-chip Memory Energy: 8203120800.000 pJ                                                      ║
║     On-chip Memory Energy: 0.000 pJ                                                                ║
║     Operations Energy:                                                                             ║
║       - Operation 0: 42187478.400 pJ                                                               ║
║       - Operation 1: 173437411.200 pJ                                                              ║
║       - Operation 2: 41857889.400 pJ                                                               ║
║       - Operation 3: 329589.900 pJ                                                                 ║
║   - Batch 185:                                                                                     ║
║     Total Energy: 8460933168.900 pJ                                                                ║
║     Off-chip Memory Energy: 8203120800.000 pJ                                                      ║
║     On-chip Memory Energy: 0.000 pJ                                                                ║
║     Operations Energy:                                                                             ║
║       - Operation 0: 42187478.400 pJ                                                               ║
║       - Operation 1: 173437411.200 pJ                                                              ║
║       - Operation 2: 41857889.400 pJ                                                               ║
║       - Operation 3: 329589.900 pJ                                                                 ║
║   - Batch 186:                                                                                     ║
║     Total Energy: 8460933168.900 pJ                                                                ║
║     Off-chip Memory Energy: 8203120800.000 pJ                                                      ║
║     On-chip Memory Energy: 0.000 pJ                                                                ║
║     Operations Energy:                                                                             ║
║       - Operation 0: 42187478.400 pJ                                                               ║
║       - Operation 1: 173437411.200 pJ                                                              ║
║       - Operation 2: 41857889.400 pJ                                                               ║
║       - Operation 3: 329589.900 pJ                                                                 ║
║   - Batch 187:                                                                                     ║
║     Total Energy: 8460933168.900 pJ                                                                ║
║     Off-chip Memory Energy: 8203120800.000 pJ                                                      ║
║     On-chip Memory Energy: 0.000 pJ                                                                ║
║     Operations Energy:                                                                             ║
║       - Operation 0: 42187478.400 pJ                                                               ║
║       - Operation 1: 173437411.200 pJ                                                              ║
║       - Operation 2: 41857889.400 pJ                                                               ║
║       - Operation 3: 329589.900 pJ                                                                 ║
║   - Batch 188:                                                                                     ║
║     Total Energy: 8460933168.900 pJ                                                                ║
║     Off-chip Memory Energy: 8203120800.000 pJ                                                      ║
║     On-chip Memory Energy: 0.000 pJ                                                                ║
║     Operations Energy:                                                                             ║
║       - Operation 0: 42187478.400 pJ                                                               ║
║       - Operation 1: 173437411.200 pJ                                                              ║
║       - Operation 2: 41857889.400 pJ                                                               ║
║       - Operation 3: 329589.900 pJ                                                                 ║
║   - Batch 189:                                                                                     ║
║     Total Energy: 8460933168.900 pJ                                                                ║
║     Off-chip Memory Energy: 8203120800.000 pJ                                                      ║
║     On-chip Memory Energy: 0.000 pJ                                                                ║
║     Operations Energy:                                                                             ║
║       - Operation 0: 42187478.400 pJ                                                               ║
║       - Operation 1: 173437411.200 pJ                                                              ║
║       - Operation 2: 41857889.400 pJ                                                               ║
║       - Operation 3: 329589.900 pJ                                                                 ║
║   - Batch 190:                                                                                     ║
║     Total Energy: 8460933168.900 pJ                                                                ║
║     Off-chip Memory Energy: 8203120800.000 pJ                                                      ║
║     On-chip Memory Energy: 0.000 pJ                                                                ║
║     Operations Energy:                                                                             ║
║       - Operation 0: 42187478.400 pJ                                                               ║
║       - Operation 1: 173437411.200 pJ                                                              ║
║       - Operation 2: 41857889.400 pJ                                                               ║
║       - Operation 3: 329589.900 pJ                                                                 ║
║   - Batch 191:                                                                                     ║
║     Total Energy: 8460933168.900 pJ                                                                ║
║     Off-chip Memory Energy: 8203120800.000 pJ                                                      ║
║     On-chip Memory Energy: 0.000 pJ                                                                ║
║     Operations Energy:                                                                             ║
║       - Operation 0: 42187478.400 pJ                                                               ║
║       - Operation 1: 173437411.200 pJ                                                              ║
║       - Operation 2: 41857889.400 pJ                                                               ║
║       - Operation 3: 329589.900 pJ                                                                 ║
║   - Batch 192:                                                                                     ║
║     Total Energy: 8460933168.900 pJ                                                                ║
║     Off-chip Memory Energy: 8203120800.000 pJ                                                      ║
║     On-chip Memory Energy: 0.000 pJ                                                                ║
║     Operations Energy:                                                                             ║
║       - Operation 0: 42187478.400 pJ                                                               ║
║       - Operation 1: 173437411.200 pJ                                                              ║
║       - Operation 2: 41857889.400 pJ                                                               ║
║       - Operation 3: 329589.900 pJ                                                                 ║
║   - Batch 193:                                                                                     ║
║     Total Energy: 8460933168.900 pJ                                                                ║
║     Off-chip Memory Energy: 8203120800.000 pJ                                                      ║
║     On-chip Memory Energy: 0.000 pJ                                                                ║
║     Operations Energy:                                                                             ║
║       - Operation 0: 42187478.400 pJ                                                               ║
║       - Operation 1: 173437411.200 pJ                                                              ║
║       - Operation 2: 41857889.400 pJ                                                               ║
║       - Operation 3: 329589.900 pJ                                                                 ║
║   - Batch 194:                                                                                     ║
║     Total Energy: 8460933168.900 pJ                                                                ║
║     Off-chip Memory Energy: 8203120800.000 pJ                                                      ║
║     On-chip Memory Energy: 0.000 pJ                                                                ║
║     Operations Energy:                                                                             ║
║       - Operation 0: 42187478.400 pJ                                                               ║
║       - Operation 1: 173437411.200 pJ                                                              ║
║       - Operation 2: 41857889.400 pJ                                                               ║
║       - Operation 3: 329589.900 pJ                                                                 ║
║   - Batch 195:                                                                                     ║
║     Total Energy: 8460933168.900 pJ                                                                ║
║     Off-chip Memory Energy: 8203120800.000 pJ                                                      ║
║     On-chip Memory Energy: 0.000 pJ                                                                ║
║     Operations Energy:                                                                             ║
║       - Operation 0: 42187478.400 pJ                                                               ║
║       - Operation 1: 173437411.200 pJ                                                              ║
║       - Operation 2: 41857889.400 pJ                                                               ║
║       - Operation 3: 329589.900 pJ                                                                 ║
║   - Batch 196:                                                                                     ║
║     Total Energy: 8460933168.900 pJ                                                                ║
║     Off-chip Memory Energy: 8203120800.000 pJ                                                      ║
║     On-chip Memory Energy: 0.000 pJ                                                                ║
║     Operations Energy:                                                                             ║
║       - Operation 0: 42187478.400 pJ                                                               ║
║       - Operation 1: 173437411.200 pJ                                                              ║
║       - Operation 2: 41857889.400 pJ                                                               ║
║       - Operation 3: 329589.900 pJ                                                                 ║
║   - Batch 197:                                                                                     ║
║     Total Energy: 8460933168.900 pJ                                                                ║
║     Off-chip Memory Energy: 8203120800.000 pJ                                                      ║
║     On-chip Memory Energy: 0.000 pJ                                                                ║
║     Operations Energy:                                                                             ║
║       - Operation 0: 42187478.400 pJ                                                               ║
║       - Operation 1: 173437411.200 pJ                                                              ║
║       - Operation 2: 41857889.400 pJ                                                               ║
║       - Operation 3: 329589.900 pJ                                                                 ║
║   - Batch 198:                                                                                     ║
║     Total Energy: 8460933168.900 pJ                                                                ║
║     Off-chip Memory Energy: 8203120800.000 pJ                                                      ║
║     On-chip Memory Energy: 0.000 pJ                                                                ║
║     Operations Energy:                                                                             ║
║       - Operation 0: 42187478.400 pJ                                                               ║
║       - Operation 1: 173437411.200 pJ                                                              ║
║       - Operation 2: 41857889.400 pJ                                                               ║
║       - Operation 3: 329589.900 pJ                                                                 ║
║   - Batch 199:                                                                                     ║
║     Total Energy: 8460933168.900 pJ                                                                ║
║     Off-chip Memory Energy: 8203120800.000 pJ                                                      ║
║     On-chip Memory Energy: 0.000 pJ                                                                ║
║     Operations Energy:                                                                             ║
║       - Operation 0: 42187478.400 pJ                                                               ║
║       - Operation 1: 173437411.200 pJ                                                              ║
║       - Operation 2: 41857889.400 pJ                                                               ║
║       - Operation 3: 329589.900 pJ                                                                 ║
╚════════════════════════════════════════════════════════════════════════════════════════════════════╝
(Time elapsed(s) in energy estimation:   0.008034sec)
