
╔════════════════════════════════════════════════════════════════════════════════════════════════════╗
║▒▒▒▒▒▒▒▒▒▒▒▒▒▒▒▒▒▒▒▒▒▒▒▒▒▒▒▒▒▒▒《 General Simulation Configuration 》▒▒▒▒▒▒▒▒▒▒▒▒▒▒▒▒▒▒▒▒▒▒▒▒▒▒▒▒▒▒▒║
╠════════════════════════════════════════════════════════════════════════════════════════════════════╣
║ Dataset: /workspace/EVASim/datasets/vectordb/deep250m_100m.txt                                     ║
║ Numeric format: 32 bits                                                                            ║
║ Num batches: 200                                                                                   ║
║ Num tables: 1                                                                                      ║
║ Batch Size (samples per batch): 1                                                                  ║
║ Vectors per table: 250000000                                                                       ║
║ Lookups per sample: 488281                                                                         ║
║ Embedding Dimension 96                                                                             ║
╚════════════════════════════════════════════════════════════════════════════════════════════════════╝
(Time elapsed(s) in model and data gen:  20.601687sec)
[DEBUG] lS_i shape: (200, 1, 488281)
[DEBUG] addr_trace shape: (200, 1, 1464843)
Starting multiprocessing with 31 cores...
(Time elapsed(s) in address generation:  31.666546sec)
[DEBUG] profiled_path: /workspace/EVASim/datasets/profiled_datasets/deep250m_100m.txt
[DEBUG] cache_way: 16 cache_line_size: 128 cache_set: 65536

╔════════════════════════════════════════════════════════════════════════════════════════════════════╗
║▒▒▒▒▒▒▒▒▒▒▒▒▒▒▒▒▒▒▒▒▒▒▒▒▒▒▒▒▒▒▒▒▒《 On-Chip Memory Configuration 》▒▒▒▒▒▒▒▒▒▒▒▒▒▒▒▒▒▒▒▒▒▒▒▒▒▒▒▒▒▒▒▒▒║
╠════════════════════════════════════════════════════════════════════════════════════════════════════╣
║ Memory size: 134217728 B (128 MB)                                                                  ║
║ Memory type: profile                                                                               ║
║ Memory policy: profile_dynamic_count                                                               ║
╚════════════════════════════════════════════════════════════════════════════════════════════════════╝
[DEBUG] counter array is empty. Set the spad with the naive method.
on mem data structure size: 8192.11 KB
(Time elapsed(s) in create memory structure:   1.631997sec)

╔════════════════════════════════════════════════════════════════════════════════════════════════════╗
║▒▒▒▒▒▒▒▒▒▒▒▒▒▒▒▒▒▒▒▒▒▒▒▒▒▒▒▒▒▒▒▒▒▒▒▒▒▒▒《 Simulation Start 》▒▒▒▒▒▒▒▒▒▒▒▒▒▒▒▒▒▒▒▒▒▒▒▒▒▒▒▒▒▒▒▒▒▒▒▒▒▒▒║
╚════════════════════════════════════════════════════════════════════════════════════════════════════╝
[DEBUG] dynamic_counter_threshold: 2929686000
Simulation for batch 0...
Simulation for batch 1...
Simulation for batch 2...
Simulation for batch 3...
Simulation for batch 4...
Simulation for batch 5...
Simulation for batch 6...
Simulation for batch 7...
Simulation for batch 8...
Simulation for batch 9...
Simulation for batch 10...
Simulation for batch 11...
Simulation for batch 12...
Simulation for batch 13...
Simulation for batch 14...
Simulation for batch 15...
Simulation for batch 16...
Simulation for batch 17...
Simulation for batch 18...
Simulation for batch 19...
Simulation for batch 20...
Simulation for batch 21...
Simulation for batch 22...
Simulation for batch 23...
Simulation for batch 24...
Simulation for batch 25...
Simulation for batch 26...
Simulation for batch 27...
Simulation for batch 28...
Simulation for batch 29...
Simulation for batch 30...
Simulation for batch 31...
Simulation for batch 32...
Simulation for batch 33...
Simulation for batch 34...
Simulation for batch 35...
Simulation for batch 36...
Simulation for batch 37...
Simulation for batch 38...
Simulation for batch 39...
Simulation for batch 40...
Simulation for batch 41...
Simulation for batch 42...
Simulation for batch 43...
Simulation for batch 44...
Simulation for batch 45...
Simulation for batch 46...
Simulation for batch 47...
Simulation for batch 48...
Simulation for batch 49...
Simulation for batch 50...
Simulation for batch 51...
Simulation for batch 52...
Simulation for batch 53...
Simulation for batch 54...
Simulation for batch 55...
Simulation for batch 56...
Simulation for batch 57...
Simulation for batch 58...
Simulation for batch 59...
Simulation for batch 60...
Simulation for batch 61...
Simulation for batch 62...
Simulation for batch 63...
Simulation for batch 64...
Simulation for batch 65...
Simulation for batch 66...
Simulation for batch 67...
Simulation for batch 68...
Simulation for batch 69...
Simulation for batch 70...
Simulation for batch 71...
Simulation for batch 72...
Simulation for batch 73...
Simulation for batch 74...
Simulation for batch 75...
Simulation for batch 76...
Simulation for batch 77...
Simulation for batch 78...
Simulation for batch 79...
Simulation for batch 80...
Simulation for batch 81...
Simulation for batch 82...
Simulation for batch 83...
Simulation for batch 84...
Simulation for batch 85...
Simulation for batch 86...
Simulation for batch 87...
Simulation for batch 88...
Simulation for batch 89...
Simulation for batch 90...
Simulation for batch 91...
Simulation for batch 92...
Simulation for batch 93...
Simulation for batch 94...
Simulation for batch 95...
Simulation for batch 96...
Simulation for batch 97...
Simulation for batch 98...
Simulation for batch 99...
[DEBUG] shape of addresses during dcount set_spad: (349525, 3)
[DEBUG] shape of on_mem_set during dcount set_spad: (1048575,)
Simulation for batch 100...
Simulation for batch 101...
Simulation for batch 102...
Simulation for batch 103...
Simulation for batch 104...
Simulation for batch 105...
Simulation for batch 106...
Simulation for batch 107...
Simulation for batch 108...
Simulation for batch 109...
Simulation for batch 110...
Simulation for batch 111...
Simulation for batch 112...
Simulation for batch 113...
Simulation for batch 114...
Simulation for batch 115...
Simulation for batch 116...
Simulation for batch 117...
Simulation for batch 118...
Simulation for batch 119...
Simulation for batch 120...
Simulation for batch 121...
Simulation for batch 122...
Simulation for batch 123...
Simulation for batch 124...
Simulation for batch 125...
Simulation for batch 126...
Simulation for batch 127...
Simulation for batch 128...
Simulation for batch 129...
Simulation for batch 130...
Simulation for batch 131...
Simulation for batch 132...
Simulation for batch 133...
Simulation for batch 134...
Simulation for batch 135...
Simulation for batch 136...
Simulation for batch 137...
Simulation for batch 138...
Simulation for batch 139...
Simulation for batch 140...
Simulation for batch 141...
Simulation for batch 142...
Simulation for batch 143...
Simulation for batch 144...
Simulation for batch 145...
Simulation for batch 146...
Simulation for batch 147...
Simulation for batch 148...
Simulation for batch 149...
Simulation for batch 150...
Simulation for batch 151...
Simulation for batch 152...
Simulation for batch 153...
Simulation for batch 154...
Simulation for batch 155...
Simulation for batch 156...
Simulation for batch 157...
Simulation for batch 158...
Simulation for batch 159...
Simulation for batch 160...
Simulation for batch 161...
Simulation for batch 162...
Simulation for batch 163...
Simulation for batch 164...
Simulation for batch 165...
Simulation for batch 166...
Simulation for batch 167...
Simulation for batch 168...
Simulation for batch 169...
Simulation for batch 170...
Simulation for batch 171...
Simulation for batch 172...
Simulation for batch 173...
Simulation for batch 174...
Simulation for batch 175...
Simulation for batch 176...
Simulation for batch 177...
Simulation for batch 178...
Simulation for batch 179...
Simulation for batch 180...
Simulation for batch 181...
Simulation for batch 182...
Simulation for batch 183...
Simulation for batch 184...
Simulation for batch 185...
Simulation for batch 186...
Simulation for batch 187...
Simulation for batch 188...
Simulation for batch 189...
Simulation for batch 190...
Simulation for batch 191...
Simulation for batch 192...
Simulation for batch 193...
Simulation for batch 194...
Simulation for batch 195...
Simulation for batch 196...
Simulation for batch 197...
Simulation for batch 198...
Simulation for batch 199...
[DEBUG] shape of addresses during dcount set_spad: (349525, 3)
[DEBUG] shape of on_mem_set during dcount set_spad: (1048575,)
Simulation Done

╔════════════════════════════════════════════════════════════════════════════════════════════════════╗
║▒▒▒▒▒▒▒▒▒▒▒▒▒▒▒▒▒▒▒▒▒▒▒▒▒▒▒▒▒▒▒▒▒▒▒▒▒▒《 Simulation Results 》▒▒▒▒▒▒▒▒▒▒▒▒▒▒▒▒▒▒▒▒▒▒▒▒▒▒▒▒▒▒▒▒▒▒▒▒▒▒║
╠════════════════════════════════════════════════════════════════════════════════════════════════════╣
║ Total hit ratio: 0.1168                                                                            ║
║ Total accesses: 292968600                                                                          ║
║ Total hits: 34222245                                                                               ║
║ Total misses: 258746355                                                                            ║
║                                                                                                    ║
║ Per batch results:                                                                                 ║
║ [Batch 0] hit ratio: 0.0000 accesses: 1464843 hits: 0 misses: 1464843                              ║
║ [Batch 0] spad load: 0                                                                             ║
║ [Batch 1] hit ratio: 0.0000 accesses: 1464843 hits: 0 misses: 1464843                              ║
║ [Batch 1] spad load: 0                                                                             ║
║ [Batch 2] hit ratio: 0.0000 accesses: 1464843 hits: 0 misses: 1464843                              ║
║ [Batch 2] spad load: 0                                                                             ║
║ [Batch 3] hit ratio: 0.0000 accesses: 1464843 hits: 0 misses: 1464843                              ║
║ [Batch 3] spad load: 0                                                                             ║
║ [Batch 4] hit ratio: 0.0000 accesses: 1464843 hits: 0 misses: 1464843                              ║
║ [Batch 4] spad load: 0                                                                             ║
║ [Batch 5] hit ratio: 0.0061 accesses: 1464843 hits: 9000 misses: 1455843                           ║
║ [Batch 5] spad load: 0                                                                             ║
║ [Batch 6] hit ratio: 0.0000 accesses: 1464843 hits: 0 misses: 1464843                              ║
║ [Batch 6] spad load: 0                                                                             ║
║ [Batch 7] hit ratio: 0.0000 accesses: 1464843 hits: 0 misses: 1464843                              ║
║ [Batch 7] spad load: 0                                                                             ║
║ [Batch 8] hit ratio: 0.0000 accesses: 1464843 hits: 0 misses: 1464843                              ║
║ [Batch 8] spad load: 0                                                                             ║
║ [Batch 9] hit ratio: 0.0000 accesses: 1464843 hits: 0 misses: 1464843                              ║
║ [Batch 9] spad load: 0                                                                             ║
║ [Batch 10] hit ratio: 0.0000 accesses: 1464843 hits: 0 misses: 1464843                             ║
║ [Batch 10] spad load: 0                                                                            ║
║ [Batch 11] hit ratio: 0.0000 accesses: 1464843 hits: 0 misses: 1464843                             ║
║ [Batch 11] spad load: 0                                                                            ║
║ [Batch 12] hit ratio: 0.0000 accesses: 1464843 hits: 0 misses: 1464843                             ║
║ [Batch 12] spad load: 0                                                                            ║
║ [Batch 13] hit ratio: 0.0000 accesses: 1464843 hits: 0 misses: 1464843                             ║
║ [Batch 13] spad load: 0                                                                            ║
║ [Batch 14] hit ratio: 0.0000 accesses: 1464843 hits: 0 misses: 1464843                             ║
║ [Batch 14] spad load: 0                                                                            ║
║ [Batch 15] hit ratio: 0.0058 accesses: 1464843 hits: 8424 misses: 1456419                          ║
║ [Batch 15] spad load: 0                                                                            ║
║ [Batch 16] hit ratio: 0.0000 accesses: 1464843 hits: 0 misses: 1464843                             ║
║ [Batch 16] spad load: 0                                                                            ║
║ [Batch 17] hit ratio: 0.0000 accesses: 1464843 hits: 0 misses: 1464843                             ║
║ [Batch 17] spad load: 0                                                                            ║
║ [Batch 18] hit ratio: 0.0000 accesses: 1464843 hits: 0 misses: 1464843                             ║
║ [Batch 18] spad load: 0                                                                            ║
║ [Batch 19] hit ratio: 0.0000 accesses: 1464843 hits: 0 misses: 1464843                             ║
║ [Batch 19] spad load: 0                                                                            ║
║ [Batch 20] hit ratio: 0.0000 accesses: 1464843 hits: 0 misses: 1464843                             ║
║ [Batch 20] spad load: 0                                                                            ║
║ [Batch 21] hit ratio: 0.0000 accesses: 1464843 hits: 0 misses: 1464843                             ║
║ [Batch 21] spad load: 0                                                                            ║
║ [Batch 22] hit ratio: 0.0000 accesses: 1464843 hits: 0 misses: 1464843                             ║
║ [Batch 22] spad load: 0                                                                            ║
║ [Batch 23] hit ratio: 0.0000 accesses: 1464843 hits: 0 misses: 1464843                             ║
║ [Batch 23] spad load: 0                                                                            ║
║ [Batch 24] hit ratio: 0.0124 accesses: 1464843 hits: 18117 misses: 1446726                         ║
║ [Batch 24] spad load: 0                                                                            ║
║ [Batch 25] hit ratio: 0.0000 accesses: 1464843 hits: 0 misses: 1464843                             ║
║ [Batch 25] spad load: 0                                                                            ║
║ [Batch 26] hit ratio: 0.0000 accesses: 1464843 hits: 0 misses: 1464843                             ║
║ [Batch 26] spad load: 0                                                                            ║
║ [Batch 27] hit ratio: 0.0000 accesses: 1464843 hits: 0 misses: 1464843                             ║
║ [Batch 27] spad load: 0                                                                            ║
║ [Batch 28] hit ratio: 0.0000 accesses: 1464843 hits: 0 misses: 1464843                             ║
║ [Batch 28] spad load: 0                                                                            ║
║ [Batch 29] hit ratio: 0.0000 accesses: 1464843 hits: 0 misses: 1464843                             ║
║ [Batch 29] spad load: 0                                                                            ║
║ [Batch 30] hit ratio: 0.0000 accesses: 1464843 hits: 0 misses: 1464843                             ║
║ [Batch 30] spad load: 0                                                                            ║
║ [Batch 31] hit ratio: 0.0000 accesses: 1464843 hits: 0 misses: 1464843                             ║
║ [Batch 31] spad load: 0                                                                            ║
║ [Batch 32] hit ratio: 0.0000 accesses: 1464843 hits: 0 misses: 1464843                             ║
║ [Batch 32] spad load: 0                                                                            ║
║ [Batch 33] hit ratio: 0.0000 accesses: 1464843 hits: 0 misses: 1464843                             ║
║ [Batch 33] spad load: 0                                                                            ║
║ [Batch 34] hit ratio: 0.0000 accesses: 1464843 hits: 0 misses: 1464843                             ║
║ [Batch 34] spad load: 0                                                                            ║
║ [Batch 35] hit ratio: 0.0000 accesses: 1464843 hits: 0 misses: 1464843                             ║
║ [Batch 35] spad load: 0                                                                            ║
║ [Batch 36] hit ratio: 0.0000 accesses: 1464843 hits: 0 misses: 1464843                             ║
║ [Batch 36] spad load: 0                                                                            ║
║ [Batch 37] hit ratio: 0.0000 accesses: 1464843 hits: 0 misses: 1464843                             ║
║ [Batch 37] spad load: 0                                                                            ║
║ [Batch 38] hit ratio: 0.0000 accesses: 1464843 hits: 0 misses: 1464843                             ║
║ [Batch 38] spad load: 0                                                                            ║
║ [Batch 39] hit ratio: 0.0000 accesses: 1464843 hits: 0 misses: 1464843                             ║
║ [Batch 39] spad load: 0                                                                            ║
║ [Batch 40] hit ratio: 0.0000 accesses: 1464843 hits: 0 misses: 1464843                             ║
║ [Batch 40] spad load: 0                                                                            ║
║ [Batch 41] hit ratio: 0.0000 accesses: 1464843 hits: 0 misses: 1464843                             ║
║ [Batch 41] spad load: 0                                                                            ║
║ [Batch 42] hit ratio: 0.0000 accesses: 1464843 hits: 0 misses: 1464843                             ║
║ [Batch 42] spad load: 0                                                                            ║
║ [Batch 43] hit ratio: 0.0000 accesses: 1464843 hits: 0 misses: 1464843                             ║
║ [Batch 43] spad load: 0                                                                            ║
║ [Batch 44] hit ratio: 0.0000 accesses: 1464843 hits: 0 misses: 1464843                             ║
║ [Batch 44] spad load: 0                                                                            ║
║ [Batch 45] hit ratio: 0.0000 accesses: 1464843 hits: 0 misses: 1464843                             ║
║ [Batch 45] spad load: 0                                                                            ║
║ [Batch 46] hit ratio: 0.0000 accesses: 1464843 hits: 0 misses: 1464843                             ║
║ [Batch 46] spad load: 0                                                                            ║
║ [Batch 47] hit ratio: 0.0000 accesses: 1464843 hits: 0 misses: 1464843                             ║
║ [Batch 47] spad load: 0                                                                            ║
║ [Batch 48] hit ratio: 0.0000 accesses: 1464843 hits: 0 misses: 1464843                             ║
║ [Batch 48] spad load: 0                                                                            ║
║ [Batch 49] hit ratio: 0.0000 accesses: 1464843 hits: 0 misses: 1464843                             ║
║ [Batch 49] spad load: 0                                                                            ║
║ [Batch 50] hit ratio: 0.0000 accesses: 1464843 hits: 0 misses: 1464843                             ║
║ [Batch 50] spad load: 0                                                                            ║
║ [Batch 51] hit ratio: 0.0000 accesses: 1464843 hits: 0 misses: 1464843                             ║
║ [Batch 51] spad load: 0                                                                            ║
║ [Batch 52] hit ratio: 0.0000 accesses: 1464843 hits: 0 misses: 1464843                             ║
║ [Batch 52] spad load: 0                                                                            ║
║ [Batch 53] hit ratio: 0.0000 accesses: 1464843 hits: 0 misses: 1464843                             ║
║ [Batch 53] spad load: 0                                                                            ║
║ [Batch 54] hit ratio: 0.0000 accesses: 1464843 hits: 0 misses: 1464843                             ║
║ [Batch 54] spad load: 0                                                                            ║
║ [Batch 55] hit ratio: 0.0000 accesses: 1464843 hits: 0 misses: 1464843                             ║
║ [Batch 55] spad load: 0                                                                            ║
║ [Batch 56] hit ratio: 0.0000 accesses: 1464843 hits: 0 misses: 1464843                             ║
║ [Batch 56] spad load: 0                                                                            ║
║ [Batch 57] hit ratio: 0.0061 accesses: 1464843 hits: 9000 misses: 1455843                          ║
║ [Batch 57] spad load: 0                                                                            ║
║ [Batch 58] hit ratio: 0.0000 accesses: 1464843 hits: 0 misses: 1464843                             ║
║ [Batch 58] spad load: 0                                                                            ║
║ [Batch 59] hit ratio: 0.0000 accesses: 1464843 hits: 0 misses: 1464843                             ║
║ [Batch 59] spad load: 0                                                                            ║
║ [Batch 60] hit ratio: 0.0000 accesses: 1464843 hits: 0 misses: 1464843                             ║
║ [Batch 60] spad load: 0                                                                            ║
║ [Batch 61] hit ratio: 0.0000 accesses: 1464843 hits: 0 misses: 1464843                             ║
║ [Batch 61] spad load: 0                                                                            ║
║ [Batch 62] hit ratio: 0.0000 accesses: 1464843 hits: 0 misses: 1464843                             ║
║ [Batch 62] spad load: 0                                                                            ║
║ [Batch 63] hit ratio: 0.0000 accesses: 1464843 hits: 0 misses: 1464843                             ║
║ [Batch 63] spad load: 0                                                                            ║
║ [Batch 64] hit ratio: 0.0000 accesses: 1464843 hits: 0 misses: 1464843                             ║
║ [Batch 64] spad load: 0                                                                            ║
║ [Batch 65] hit ratio: 0.0000 accesses: 1464843 hits: 0 misses: 1464843                             ║
║ [Batch 65] spad load: 0                                                                            ║
║ [Batch 66] hit ratio: 0.0000 accesses: 1464843 hits: 0 misses: 1464843                             ║
║ [Batch 66] spad load: 0                                                                            ║
║ [Batch 67] hit ratio: 0.0000 accesses: 1464843 hits: 0 misses: 1464843                             ║
║ [Batch 67] spad load: 0                                                                            ║
║ [Batch 68] hit ratio: 0.0000 accesses: 1464843 hits: 0 misses: 1464843                             ║
║ [Batch 68] spad load: 0                                                                            ║
║ [Batch 69] hit ratio: 0.0000 accesses: 1464843 hits: 0 misses: 1464843                             ║
║ [Batch 69] spad load: 0                                                                            ║
║ [Batch 70] hit ratio: 0.0000 accesses: 1464843 hits: 0 misses: 1464843                             ║
║ [Batch 70] spad load: 0                                                                            ║
║ [Batch 71] hit ratio: 0.0000 accesses: 1464843 hits: 0 misses: 1464843                             ║
║ [Batch 71] spad load: 0                                                                            ║
║ [Batch 72] hit ratio: 0.0000 accesses: 1464843 hits: 0 misses: 1464843                             ║
║ [Batch 72] spad load: 0                                                                            ║
║ [Batch 73] hit ratio: 0.0000 accesses: 1464843 hits: 0 misses: 1464843                             ║
║ [Batch 73] spad load: 0                                                                            ║
║ [Batch 74] hit ratio: 0.0000 accesses: 1464843 hits: 0 misses: 1464843                             ║
║ [Batch 74] spad load: 0                                                                            ║
║ [Batch 75] hit ratio: 0.0000 accesses: 1464843 hits: 0 misses: 1464843                             ║
║ [Batch 75] spad load: 0                                                                            ║
║ [Batch 76] hit ratio: 0.0000 accesses: 1464843 hits: 0 misses: 1464843                             ║
║ [Batch 76] spad load: 0                                                                            ║
║ [Batch 77] hit ratio: 0.0000 accesses: 1464843 hits: 0 misses: 1464843                             ║
║ [Batch 77] spad load: 0                                                                            ║
║ [Batch 78] hit ratio: 0.0000 accesses: 1464843 hits: 0 misses: 1464843                             ║
║ [Batch 78] spad load: 0                                                                            ║
║ [Batch 79] hit ratio: 0.0000 accesses: 1464843 hits: 0 misses: 1464843                             ║
║ [Batch 79] spad load: 0                                                                            ║
║ [Batch 80] hit ratio: 0.0000 accesses: 1464843 hits: 0 misses: 1464843                             ║
║ [Batch 80] spad load: 0                                                                            ║
║ [Batch 81] hit ratio: 0.0000 accesses: 1464843 hits: 0 misses: 1464843                             ║
║ [Batch 81] spad load: 0                                                                            ║
║ [Batch 82] hit ratio: 0.0000 accesses: 1464843 hits: 0 misses: 1464843                             ║
║ [Batch 82] spad load: 0                                                                            ║
║ [Batch 83] hit ratio: 0.0000 accesses: 1464843 hits: 0 misses: 1464843                             ║
║ [Batch 83] spad load: 0                                                                            ║
║ [Batch 84] hit ratio: 0.0000 accesses: 1464843 hits: 0 misses: 1464843                             ║
║ [Batch 84] spad load: 0                                                                            ║
║ [Batch 85] hit ratio: 0.0052 accesses: 1464843 hits: 7623 misses: 1457220                          ║
║ [Batch 85] spad load: 0                                                                            ║
║ [Batch 86] hit ratio: 0.0000 accesses: 1464843 hits: 0 misses: 1464843                             ║
║ [Batch 86] spad load: 0                                                                            ║
║ [Batch 87] hit ratio: 0.0000 accesses: 1464843 hits: 0 misses: 1464843                             ║
║ [Batch 87] spad load: 0                                                                            ║
║ [Batch 88] hit ratio: 0.0000 accesses: 1464843 hits: 0 misses: 1464843                             ║
║ [Batch 88] spad load: 0                                                                            ║
║ [Batch 89] hit ratio: 0.0000 accesses: 1464843 hits: 0 misses: 1464843                             ║
║ [Batch 89] spad load: 0                                                                            ║
║ [Batch 90] hit ratio: 0.0000 accesses: 1464843 hits: 0 misses: 1464843                             ║
║ [Batch 90] spad load: 0                                                                            ║
║ [Batch 91] hit ratio: 0.0000 accesses: 1464843 hits: 0 misses: 1464843                             ║
║ [Batch 91] spad load: 0                                                                            ║
║ [Batch 92] hit ratio: 0.0000 accesses: 1464843 hits: 0 misses: 1464843                             ║
║ [Batch 92] spad load: 0                                                                            ║
║ [Batch 93] hit ratio: 0.0000 accesses: 1464843 hits: 0 misses: 1464843                             ║
║ [Batch 93] spad load: 0                                                                            ║
║ [Batch 94] hit ratio: 0.0000 accesses: 1464843 hits: 0 misses: 1464843                             ║
║ [Batch 94] spad load: 0                                                                            ║
║ [Batch 95] hit ratio: 0.0000 accesses: 1464843 hits: 0 misses: 1464843                             ║
║ [Batch 95] spad load: 0                                                                            ║
║ [Batch 96] hit ratio: 0.0000 accesses: 1464843 hits: 0 misses: 1464843                             ║
║ [Batch 96] spad load: 0                                                                            ║
║ [Batch 97] hit ratio: 0.0000 accesses: 1464843 hits: 0 misses: 1464843                             ║
║ [Batch 97] spad load: 0                                                                            ║
║ [Batch 98] hit ratio: 0.0000 accesses: 1464843 hits: 0 misses: 1464843                             ║
║ [Batch 98] spad load: 0                                                                            ║
║ [Batch 99] hit ratio: 0.0000 accesses: 1464843 hits: 0 misses: 1464843                             ║
║ [Batch 99] spad load: 1048576                                                                      ║
║ [Batch 100] hit ratio: 0.3349 accesses: 1464843 hits: 490506 misses: 974337                        ║
║ [Batch 100] spad load: 0                                                                           ║
║ [Batch 101] hit ratio: 0.0855 accesses: 1464843 hits: 125175 misses: 1339668                       ║
║ [Batch 101] spad load: 0                                                                           ║
║ [Batch 102] hit ratio: 0.0000 accesses: 1464843 hits: 0 misses: 1464843                            ║
║ [Batch 102] spad load: 0                                                                           ║
║ [Batch 103] hit ratio: 0.5377 accesses: 1464843 hits: 787707 misses: 677136                        ║
║ [Batch 103] spad load: 0                                                                           ║
║ [Batch 104] hit ratio: 0.1781 accesses: 1464843 hits: 260868 misses: 1203975                       ║
║ [Batch 104] spad load: 0                                                                           ║
║ [Batch 105] hit ratio: 0.0000 accesses: 1464843 hits: 0 misses: 1464843                            ║
║ [Batch 105] spad load: 0                                                                           ║
║ [Batch 106] hit ratio: 0.1334 accesses: 1464843 hits: 195435 misses: 1269408                       ║
║ [Batch 106] spad load: 0                                                                           ║
║ [Batch 107] hit ratio: 0.4434 accesses: 1464843 hits: 649497 misses: 815346                        ║
║ [Batch 107] spad load: 0                                                                           ║
║ [Batch 108] hit ratio: 0.1390 accesses: 1464843 hits: 203643 misses: 1261200                       ║
║ [Batch 108] spad load: 0                                                                           ║
║ [Batch 109] hit ratio: 0.0000 accesses: 1464843 hits: 0 misses: 1464843                            ║
║ [Batch 109] spad load: 0                                                                           ║
║ [Batch 110] hit ratio: 0.0000 accesses: 1464843 hits: 0 misses: 1464843                            ║
║ [Batch 110] spad load: 0                                                                           ║
║ [Batch 111] hit ratio: 0.3597 accesses: 1464843 hits: 526932 misses: 937911                        ║
║ [Batch 111] spad load: 0                                                                           ║
║ [Batch 112] hit ratio: 0.3330 accesses: 1464843 hits: 487851 misses: 976992                        ║
║ [Batch 112] spad load: 0                                                                           ║
║ [Batch 113] hit ratio: 0.5252 accesses: 1464843 hits: 769395 misses: 695448                        ║
║ [Batch 113] spad load: 0                                                                           ║
║ [Batch 114] hit ratio: 0.2137 accesses: 1464843 hits: 312972 misses: 1151871                       ║
║ [Batch 114] spad load: 0                                                                           ║
║ [Batch 115] hit ratio: 0.0000 accesses: 1464843 hits: 0 misses: 1464843                            ║
║ [Batch 115] spad load: 0                                                                           ║
║ [Batch 116] hit ratio: 0.0000 accesses: 1464843 hits: 0 misses: 1464843                            ║
║ [Batch 116] spad load: 0                                                                           ║
║ [Batch 117] hit ratio: 0.4838 accesses: 1464843 hits: 708696 misses: 756147                        ║
║ [Batch 117] spad load: 0                                                                           ║
║ [Batch 118] hit ratio: 0.3048 accesses: 1464843 hits: 446538 misses: 1018305                       ║
║ [Batch 118] spad load: 0                                                                           ║
║ [Batch 119] hit ratio: 0.4890 accesses: 1464843 hits: 716379 misses: 748464                        ║
║ [Batch 119] spad load: 0                                                                           ║
║ [Batch 120] hit ratio: 0.4632 accesses: 1464843 hits: 678564 misses: 786279                        ║
║ [Batch 120] spad load: 0                                                                           ║
║ [Batch 121] hit ratio: 0.3411 accesses: 1464843 hits: 499635 misses: 965208                        ║
║ [Batch 121] spad load: 0                                                                           ║
║ [Batch 122] hit ratio: 0.0655 accesses: 1464843 hits: 95913 misses: 1368930                        ║
║ [Batch 122] spad load: 0                                                                           ║
║ [Batch 123] hit ratio: 0.0000 accesses: 1464843 hits: 0 misses: 1464843                            ║
║ [Batch 123] spad load: 0                                                                           ║
║ [Batch 124] hit ratio: 0.0000 accesses: 1464843 hits: 0 misses: 1464843                            ║
║ [Batch 124] spad load: 0                                                                           ║
║ [Batch 125] hit ratio: 0.5365 accesses: 1464843 hits: 785889 misses: 678954                        ║
║ [Batch 125] spad load: 0                                                                           ║
║ [Batch 126] hit ratio: 0.1793 accesses: 1464843 hits: 262686 misses: 1202157                       ║
║ [Batch 126] spad load: 0                                                                           ║
║ [Batch 127] hit ratio: 0.0000 accesses: 1464843 hits: 0 misses: 1464843                            ║
║ [Batch 127] spad load: 0                                                                           ║
║ [Batch 128] hit ratio: 0.5365 accesses: 1464843 hits: 785889 misses: 678954                        ║
║ [Batch 128] spad load: 0                                                                           ║
║ [Batch 129] hit ratio: 0.1793 accesses: 1464843 hits: 262686 misses: 1202157                       ║
║ [Batch 129] spad load: 0                                                                           ║
║ [Batch 130] hit ratio: 0.0000 accesses: 1464843 hits: 0 misses: 1464843                            ║
║ [Batch 130] spad load: 0                                                                           ║
║ [Batch 131] hit ratio: 0.2955 accesses: 1464843 hits: 432894 misses: 1031949                       ║
║ [Batch 131] spad load: 0                                                                           ║
║ [Batch 132] hit ratio: 0.3391 accesses: 1464843 hits: 496683 misses: 968160                        ║
║ [Batch 132] spad load: 0                                                                           ║
║ [Batch 133] hit ratio: 0.0812 accesses: 1464843 hits: 118998 misses: 1345845                       ║
║ [Batch 133] spad load: 0                                                                           ║
║ [Batch 134] hit ratio: 0.3963 accesses: 1464843 hits: 580551 misses: 884292                        ║
║ [Batch 134] spad load: 0                                                                           ║
║ [Batch 135] hit ratio: 0.3077 accesses: 1464843 hits: 450669 misses: 1014174                       ║
║ [Batch 135] spad load: 0                                                                           ║
║ [Batch 136] hit ratio: 0.5396 accesses: 1464843 hits: 790476 misses: 674367                        ║
║ [Batch 136] spad load: 0                                                                           ║
║ [Batch 137] hit ratio: 0.1880 accesses: 1464843 hits: 275454 misses: 1189389                       ║
║ [Batch 137] spad load: 0                                                                           ║
║ [Batch 138] hit ratio: 0.0000 accesses: 1464843 hits: 0 misses: 1464843                            ║
║ [Batch 138] spad load: 0                                                                           ║
║ [Batch 139] hit ratio: 0.0000 accesses: 1464843 hits: 0 misses: 1464843                            ║
║ [Batch 139] spad load: 0                                                                           ║
║ [Batch 140] hit ratio: 0.0000 accesses: 1464843 hits: 0 misses: 1464843                            ║
║ [Batch 140] spad load: 0                                                                           ║
║ [Batch 141] hit ratio: 0.0000 accesses: 1464843 hits: 0 misses: 1464843                            ║
║ [Batch 141] spad load: 0                                                                           ║
║ [Batch 142] hit ratio: 0.2706 accesses: 1464843 hits: 396399 misses: 1068444                       ║
║ [Batch 142] spad load: 0                                                                           ║
║ [Batch 143] hit ratio: 0.3349 accesses: 1464843 hits: 490506 misses: 974337                        ║
║ [Batch 143] spad load: 0                                                                           ║
║ [Batch 144] hit ratio: 0.5114 accesses: 1464843 hits: 749139 misses: 715704                        ║
║ [Batch 144] spad load: 0                                                                           ║
║ [Batch 145] hit ratio: 0.3029 accesses: 1464843 hits: 443751 misses: 1021092                       ║
║ [Batch 145] spad load: 0                                                                           ║
║ [Batch 146] hit ratio: 0.0118 accesses: 1464843 hits: 17355 misses: 1447488                        ║
║ [Batch 146] spad load: 0                                                                           ║
║ [Batch 147] hit ratio: 0.4652 accesses: 1464843 hits: 681504 misses: 783339                        ║
║ [Batch 147] spad load: 0                                                                           ║
║ [Batch 148] hit ratio: 0.2506 accesses: 1464843 hits: 367071 misses: 1097772                       ║
║ [Batch 148] spad load: 0                                                                           ║
║ [Batch 149] hit ratio: 0.0713 accesses: 1464843 hits: 104469 misses: 1360374                       ║
║ [Batch 149] spad load: 0                                                                           ║
║ [Batch 150] hit ratio: 0.4905 accesses: 1464843 hits: 718569 misses: 746274                        ║
║ [Batch 150] spad load: 0                                                                           ║
║ [Batch 151] hit ratio: 0.1540 accesses: 1464843 hits: 225537 misses: 1239306                       ║
║ [Batch 151] spad load: 0                                                                           ║
║ [Batch 152] hit ratio: 0.0000 accesses: 1464843 hits: 0 misses: 1464843                            ║
║ [Batch 152] spad load: 0                                                                           ║
║ [Batch 153] hit ratio: 0.1372 accesses: 1464843 hits: 201006 misses: 1263837                       ║
║ [Batch 153] spad load: 0                                                                           ║
║ [Batch 154] hit ratio: 0.4439 accesses: 1464843 hits: 650238 misses: 814605                        ║
║ [Batch 154] spad load: 0                                                                           ║
║ [Batch 155] hit ratio: 0.4538 accesses: 1464843 hits: 664704 misses: 800139                        ║
║ [Batch 155] spad load: 0                                                                           ║
║ [Batch 156] hit ratio: 0.3667 accesses: 1464843 hits: 537204 misses: 927639                        ║
║ [Batch 156] spad load: 0                                                                           ║
║ [Batch 157] hit ratio: 0.0300 accesses: 1464843 hits: 43998 misses: 1420845                        ║
║ [Batch 157] spad load: 0                                                                           ║
║ [Batch 158] hit ratio: 0.0000 accesses: 1464843 hits: 0 misses: 1464843                            ║
║ [Batch 158] spad load: 0                                                                           ║
║ [Batch 159] hit ratio: 0.4838 accesses: 1464843 hits: 708696 misses: 756147                        ║
║ [Batch 159] spad load: 0                                                                           ║
║ [Batch 160] hit ratio: 0.2320 accesses: 1464843 hits: 339879 misses: 1124964                       ║
║ [Batch 160] spad load: 0                                                                           ║
║ [Batch 161] hit ratio: 0.0258 accesses: 1464843 hits: 37800 misses: 1427043                        ║
║ [Batch 161] spad load: 0                                                                           ║
║ [Batch 162] hit ratio: 0.5184 accesses: 1464843 hits: 759387 misses: 705456                        ║
║ [Batch 162] spad load: 0                                                                           ║
║ [Batch 163] hit ratio: 0.1716 accesses: 1464843 hits: 251388 misses: 1213455                       ║
║ [Batch 163] spad load: 0                                                                           ║
║ [Batch 164] hit ratio: 0.0000 accesses: 1464843 hits: 0 misses: 1464843                            ║
║ [Batch 164] spad load: 0                                                                           ║
║ [Batch 165] hit ratio: 0.2551 accesses: 1464843 hits: 373689 misses: 1091154                       ║
║ [Batch 165] spad load: 0                                                                           ║
║ [Batch 166] hit ratio: 0.3389 accesses: 1464843 hits: 496416 misses: 968427                        ║
║ [Batch 166] spad load: 0                                                                           ║
║ [Batch 167] hit ratio: 0.1218 accesses: 1464843 hits: 178470 misses: 1286373                       ║
║ [Batch 167] spad load: 0                                                                           ║
║ [Batch 168] hit ratio: 0.0000 accesses: 1464843 hits: 0 misses: 1464843                            ║
║ [Batch 168] spad load: 0                                                                           ║
║ [Batch 169] hit ratio: 0.4489 accesses: 1464843 hits: 657636 misses: 807207                        ║
║ [Batch 169] spad load: 0                                                                           ║
║ [Batch 170] hit ratio: 0.2669 accesses: 1464843 hits: 390939 misses: 1073904                       ║
║ [Batch 170] spad load: 0                                                                           ║
║ [Batch 171] hit ratio: 0.0000 accesses: 1464843 hits: 0 misses: 1464843                            ║
║ [Batch 171] spad load: 0                                                                           ║
║ [Batch 172] hit ratio: 0.5361 accesses: 1464843 hits: 785370 misses: 679473                        ║
║ [Batch 172] spad load: 0                                                                           ║
║ [Batch 173] hit ratio: 0.3644 accesses: 1464843 hits: 533751 misses: 931092                        ║
║ [Batch 173] spad load: 0                                                                           ║
║ [Batch 174] hit ratio: 0.4010 accesses: 1464843 hits: 587445 misses: 877398                        ║
║ [Batch 174] spad load: 0                                                                           ║
║ [Batch 175] hit ratio: 0.4599 accesses: 1464843 hits: 673725 misses: 791118                        ║
║ [Batch 175] spad load: 0                                                                           ║
║ [Batch 176] hit ratio: 0.3629 accesses: 1464843 hits: 531642 misses: 933201                        ║
║ [Batch 176] spad load: 0                                                                           ║
║ [Batch 177] hit ratio: 0.5069 accesses: 1464843 hits: 742488 misses: 722355                        ║
║ [Batch 177] spad load: 0                                                                           ║
║ [Batch 178] hit ratio: 0.3396 accesses: 1464843 hits: 497487 misses: 967356                        ║
║ [Batch 178] spad load: 0                                                                           ║
║ [Batch 179] hit ratio: 0.4665 accesses: 1464843 hits: 683352 misses: 781491                        ║
║ [Batch 179] spad load: 0                                                                           ║
║ [Batch 180] hit ratio: 0.1417 accesses: 1464843 hits: 207615 misses: 1257228                       ║
║ [Batch 180] spad load: 0                                                                           ║
║ [Batch 181] hit ratio: 0.0000 accesses: 1464843 hits: 0 misses: 1464843                            ║
║ [Batch 181] spad load: 0                                                                           ║
║ [Batch 182] hit ratio: 0.0000 accesses: 1464843 hits: 0 misses: 1464843                            ║
║ [Batch 182] spad load: 0                                                                           ║
║ [Batch 183] hit ratio: 0.0000 accesses: 1464843 hits: 0 misses: 1464843                            ║
║ [Batch 183] spad load: 0                                                                           ║
║ [Batch 184] hit ratio: 0.0000 accesses: 1464843 hits: 0 misses: 1464843                            ║
║ [Batch 184] spad load: 0                                                                           ║
║ [Batch 185] hit ratio: 0.0000 accesses: 1464843 hits: 0 misses: 1464843                            ║
║ [Batch 185] spad load: 0                                                                           ║
║ [Batch 186] hit ratio: 0.0000 accesses: 1464843 hits: 0 misses: 1464843                            ║
║ [Batch 186] spad load: 0                                                                           ║
║ [Batch 187] hit ratio: 0.5361 accesses: 1464843 hits: 785370 misses: 679473                        ║
║ [Batch 187] spad load: 0                                                                           ║
║ [Batch 188] hit ratio: 0.1797 accesses: 1464843 hits: 263205 misses: 1201638                       ║
║ [Batch 188] spad load: 0                                                                           ║
║ [Batch 189] hit ratio: 0.0940 accesses: 1464843 hits: 137739 misses: 1327104                       ║
║ [Batch 189] spad load: 0                                                                           ║
║ [Batch 190] hit ratio: 0.4801 accesses: 1464843 hits: 703221 misses: 761622                        ║
║ [Batch 190] spad load: 0                                                                           ║
║ [Batch 191] hit ratio: 0.4517 accesses: 1464843 hits: 661683 misses: 803160                        ║
║ [Batch 191] spad load: 0                                                                           ║
║ [Batch 192] hit ratio: 0.3587 accesses: 1464843 hits: 525438 misses: 939405                        ║
║ [Batch 192] spad load: 0                                                                           ║
║ [Batch 193] hit ratio: 0.0472 accesses: 1464843 hits: 69069 misses: 1395774                        ║
║ [Batch 193] spad load: 0                                                                           ║
║ [Batch 194] hit ratio: 0.4010 accesses: 1464843 hits: 587469 misses: 877374                        ║
║ [Batch 194] spad load: 0                                                                           ║
║ [Batch 195] hit ratio: 0.3029 accesses: 1464843 hits: 443751 misses: 1021092                       ║
║ [Batch 195] spad load: 0                                                                           ║
║ [Batch 196] hit ratio: 0.5480 accesses: 1464843 hits: 802725 misses: 662118                        ║
║ [Batch 196] spad load: 0                                                                           ║
║ [Batch 197] hit ratio: 0.1797 accesses: 1464843 hits: 263205 misses: 1201638                       ║
║ [Batch 197] spad load: 0                                                                           ║
║ [Batch 198] hit ratio: 0.0000 accesses: 1464843 hits: 0 misses: 1464843                            ║
║ [Batch 198] spad load: 0                                                                           ║
║ [Batch 199] hit ratio: 0.0000 accesses: 1464843 hits: 0 misses: 1464843                            ║
║ [Batch 199] spad load: 1048576                                                                     ║
╚════════════════════════════════════════════════════════════════════════════════════════════════════╝
(Time elapsed(s) in do simulation: 197.515050sec)
[DEBUG] workload_type: vectordb



 START ENERGY ESTIMATION 

Setting parameters for energy estimation...
Setting workload configuration...
Setting energy table configuration...
 [DEBUG] action type and count for op 0: add 187499904.0
 [DEBUG] action type and count for op 1: mul 187499904.0
 [DEBUG] action type and count for op 0: add 187499904.0
 [DEBUG] action type and count for op 1: mul 187499904.0
 [DEBUG] action type and count for op 0: add 187499904.0
 [DEBUG] action type and count for op 1: mul 187499904.0
 [DEBUG] action type and count for op 0: add 187499904.0
 [DEBUG] action type and count for op 1: mul 187499904.0
 [DEBUG] action type and count for op 0: add 187499904.0
 [DEBUG] action type and count for op 1: mul 187499904.0
 [DEBUG] action type and count for op 0: add 187499904.0
 [DEBUG] action type and count for op 1: mul 187499904.0
 [DEBUG] action type and count for op 0: add 187499904.0
 [DEBUG] action type and count for op 1: mul 187499904.0
 [DEBUG] action type and count for op 0: add 187499904.0
 [DEBUG] action type and count for op 1: mul 187499904.0
 [DEBUG] action type and count for op 0: add 187499904.0
 [DEBUG] action type and count for op 1: mul 187499904.0
 [DEBUG] action type and count for op 0: add 187499904.0
 [DEBUG] action type and count for op 1: mul 187499904.0
 [DEBUG] action type and count for op 0: add 187499904.0
 [DEBUG] action type and count for op 1: mul 187499904.0
 [DEBUG] action type and count for op 0: add 187499904.0
 [DEBUG] action type and count for op 1: mul 187499904.0
 [DEBUG] action type and count for op 0: add 187499904.0
 [DEBUG] action type and count for op 1: mul 187499904.0
 [DEBUG] action type and count for op 0: add 187499904.0
 [DEBUG] action type and count for op 1: mul 187499904.0
 [DEBUG] action type and count for op 0: add 187499904.0
 [DEBUG] action type and count for op 1: mul 187499904.0
 [DEBUG] action type and count for op 0: add 187499904.0
 [DEBUG] action type and count for op 1: mul 187499904.0
 [DEBUG] action type and count for op 0: add 187499904.0
 [DEBUG] action type and count for op 1: mul 187499904.0
 [DEBUG] action type and count for op 0: add 187499904.0
 [DEBUG] action type and count for op 1: mul 187499904.0
 [DEBUG] action type and count for op 0: add 187499904.0
 [DEBUG] action type and count for op 1: mul 187499904.0
 [DEBUG] action type and count for op 0: add 187499904.0
 [DEBUG] action type and count for op 1: mul 187499904.0
 [DEBUG] action type and count for op 0: add 187499904.0
 [DEBUG] action type and count for op 1: mul 187499904.0
 [DEBUG] action type and count for op 0: add 187499904.0
 [DEBUG] action type and count for op 1: mul 187499904.0
 [DEBUG] action type and count for op 0: add 187499904.0
 [DEBUG] action type and count for op 1: mul 187499904.0
 [DEBUG] action type and count for op 0: add 187499904.0
 [DEBUG] action type and count for op 1: mul 187499904.0
 [DEBUG] action type and count for op 0: add 187499904.0
 [DEBUG] action type and count for op 1: mul 187499904.0
 [DEBUG] action type and count for op 0: add 187499904.0
 [DEBUG] action type and count for op 1: mul 187499904.0
 [DEBUG] action type and count for op 0: add 187499904.0
 [DEBUG] action type and count for op 1: mul 187499904.0
 [DEBUG] action type and count for op 0: add 187499904.0
 [DEBUG] action type and count for op 1: mul 187499904.0
 [DEBUG] action type and count for op 0: add 187499904.0
 [DEBUG] action type and count for op 1: mul 187499904.0
 [DEBUG] action type and count for op 0: add 187499904.0
 [DEBUG] action type and count for op 1: mul 187499904.0
 [DEBUG] action type and count for op 0: add 187499904.0
 [DEBUG] action type and count for op 1: mul 187499904.0
 [DEBUG] action type and count for op 0: add 187499904.0
 [DEBUG] action type and count for op 1: mul 187499904.0
 [DEBUG] action type and count for op 0: add 187499904.0
 [DEBUG] action type and count for op 1: mul 187499904.0
 [DEBUG] action type and count for op 0: add 187499904.0
 [DEBUG] action type and count for op 1: mul 187499904.0
 [DEBUG] action type and count for op 0: add 187499904.0
 [DEBUG] action type and count for op 1: mul 187499904.0
 [DEBUG] action type and count for op 0: add 187499904.0
 [DEBUG] action type and count for op 1: mul 187499904.0
 [DEBUG] action type and count for op 0: add 187499904.0
 [DEBUG] action type and count for op 1: mul 187499904.0
 [DEBUG] action type and count for op 0: add 187499904.0
 [DEBUG] action type and count for op 1: mul 187499904.0
 [DEBUG] action type and count for op 0: add 187499904.0
 [DEBUG] action type and count for op 1: mul 187499904.0
 [DEBUG] action type and count for op 0: add 187499904.0
 [DEBUG] action type and count for op 1: mul 187499904.0
 [DEBUG] action type and count for op 0: add 187499904.0
 [DEBUG] action type and count for op 1: mul 187499904.0
 [DEBUG] action type and count for op 0: add 187499904.0
 [DEBUG] action type and count for op 1: mul 187499904.0
 [DEBUG] action type and count for op 0: add 187499904.0
 [DEBUG] action type and count for op 1: mul 187499904.0
 [DEBUG] action type and count for op 0: add 187499904.0
 [DEBUG] action type and count for op 1: mul 187499904.0
 [DEBUG] action type and count for op 0: add 187499904.0
 [DEBUG] action type and count for op 1: mul 187499904.0
 [DEBUG] action type and count for op 0: add 187499904.0
 [DEBUG] action type and count for op 1: mul 187499904.0
 [DEBUG] action type and count for op 0: add 187499904.0
 [DEBUG] action type and count for op 1: mul 187499904.0
 [DEBUG] action type and count for op 0: add 187499904.0
 [DEBUG] action type and count for op 1: mul 187499904.0
 [DEBUG] action type and count for op 0: add 187499904.0
 [DEBUG] action type and count for op 1: mul 187499904.0
 [DEBUG] action type and count for op 0: add 187499904.0
 [DEBUG] action type and count for op 1: mul 187499904.0
 [DEBUG] action type and count for op 0: add 187499904.0
 [DEBUG] action type and count for op 1: mul 187499904.0
 [DEBUG] action type and count for op 0: add 187499904.0
 [DEBUG] action type and count for op 1: mul 187499904.0
 [DEBUG] action type and count for op 0: add 187499904.0
 [DEBUG] action type and count for op 1: mul 187499904.0
 [DEBUG] action type and count for op 0: add 187499904.0
 [DEBUG] action type and count for op 1: mul 187499904.0
 [DEBUG] action type and count for op 0: add 187499904.0
 [DEBUG] action type and count for op 1: mul 187499904.0
 [DEBUG] action type and count for op 0: add 187499904.0
 [DEBUG] action type and count for op 1: mul 187499904.0
 [DEBUG] action type and count for op 0: add 187499904.0
 [DEBUG] action type and count for op 1: mul 187499904.0
 [DEBUG] action type and count for op 0: add 187499904.0
 [DEBUG] action type and count for op 1: mul 187499904.0
 [DEBUG] action type and count for op 0: add 187499904.0
 [DEBUG] action type and count for op 1: mul 187499904.0
 [DEBUG] action type and count for op 0: add 187499904.0
 [DEBUG] action type and count for op 1: mul 187499904.0
 [DEBUG] action type and count for op 0: add 187499904.0
 [DEBUG] action type and count for op 1: mul 187499904.0
 [DEBUG] action type and count for op 0: add 187499904.0
 [DEBUG] action type and count for op 1: mul 187499904.0
 [DEBUG] action type and count for op 0: add 187499904.0
 [DEBUG] action type and count for op 1: mul 187499904.0
 [DEBUG] action type and count for op 0: add 187499904.0
 [DEBUG] action type and count for op 1: mul 187499904.0
 [DEBUG] action type and count for op 0: add 187499904.0
 [DEBUG] action type and count for op 1: mul 187499904.0
 [DEBUG] action type and count for op 0: add 187499904.0
 [DEBUG] action type and count for op 1: mul 187499904.0
 [DEBUG] action type and count for op 0: add 187499904.0
 [DEBUG] action type and count for op 1: mul 187499904.0
 [DEBUG] action type and count for op 0: add 187499904.0
 [DEBUG] action type and count for op 1: mul 187499904.0
 [DEBUG] action type and count for op 0: add 187499904.0
 [DEBUG] action type and count for op 1: mul 187499904.0
 [DEBUG] action type and count for op 0: add 187499904.0
 [DEBUG] action type and count for op 1: mul 187499904.0
 [DEBUG] action type and count for op 0: add 187499904.0
 [DEBUG] action type and count for op 1: mul 187499904.0
 [DEBUG] action type and count for op 0: add 187499904.0
 [DEBUG] action type and count for op 1: mul 187499904.0
 [DEBUG] action type and count for op 0: add 187499904.0
 [DEBUG] action type and count for op 1: mul 187499904.0
 [DEBUG] action type and count for op 0: add 187499904.0
 [DEBUG] action type and count for op 1: mul 187499904.0
 [DEBUG] action type and count for op 0: add 187499904.0
 [DEBUG] action type and count for op 1: mul 187499904.0
 [DEBUG] action type and count for op 0: add 187499904.0
 [DEBUG] action type and count for op 1: mul 187499904.0
 [DEBUG] action type and count for op 0: add 187499904.0
 [DEBUG] action type and count for op 1: mul 187499904.0
 [DEBUG] action type and count for op 0: add 187499904.0
 [DEBUG] action type and count for op 1: mul 187499904.0
 [DEBUG] action type and count for op 0: add 187499904.0
 [DEBUG] action type and count for op 1: mul 187499904.0
 [DEBUG] action type and count for op 0: add 187499904.0
 [DEBUG] action type and count for op 1: mul 187499904.0
 [DEBUG] action type and count for op 0: add 187499904.0
 [DEBUG] action type and count for op 1: mul 187499904.0
 [DEBUG] action type and count for op 0: add 187499904.0
 [DEBUG] action type and count for op 1: mul 187499904.0
 [DEBUG] action type and count for op 0: add 187499904.0
 [DEBUG] action type and count for op 1: mul 187499904.0
 [DEBUG] action type and count for op 0: add 187499904.0
 [DEBUG] action type and count for op 1: mul 187499904.0
 [DEBUG] action type and count for op 0: add 187499904.0
 [DEBUG] action type and count for op 1: mul 187499904.0
 [DEBUG] action type and count for op 0: add 187499904.0
 [DEBUG] action type and count for op 1: mul 187499904.0
 [DEBUG] action type and count for op 0: add 187499904.0
 [DEBUG] action type and count for op 1: mul 187499904.0
 [DEBUG] action type and count for op 0: add 187499904.0
 [DEBUG] action type and count for op 1: mul 187499904.0
 [DEBUG] action type and count for op 0: add 187499904.0
 [DEBUG] action type and count for op 1: mul 187499904.0
 [DEBUG] action type and count for op 0: add 187499904.0
 [DEBUG] action type and count for op 1: mul 187499904.0
 [DEBUG] action type and count for op 0: add 187499904.0
 [DEBUG] action type and count for op 1: mul 187499904.0
 [DEBUG] action type and count for op 0: add 187499904.0
 [DEBUG] action type and count for op 1: mul 187499904.0
 [DEBUG] action type and count for op 0: add 187499904.0
 [DEBUG] action type and count for op 1: mul 187499904.0
 [DEBUG] action type and count for op 0: add 187499904.0
 [DEBUG] action type and count for op 1: mul 187499904.0
 [DEBUG] action type and count for op 0: add 187499904.0
 [DEBUG] action type and count for op 1: mul 187499904.0
 [DEBUG] action type and count for op 0: add 187499904.0
 [DEBUG] action type and count for op 1: mul 187499904.0
 [DEBUG] action type and count for op 0: add 187499904.0
 [DEBUG] action type and count for op 1: mul 187499904.0
 [DEBUG] action type and count for op 0: add 187499904.0
 [DEBUG] action type and count for op 1: mul 187499904.0
 [DEBUG] action type and count for op 0: add 187499904.0
 [DEBUG] action type and count for op 1: mul 187499904.0
 [DEBUG] action type and count for op 0: add 187499904.0
 [DEBUG] action type and count for op 1: mul 187499904.0
 [DEBUG] action type and count for op 0: add 187499904.0
 [DEBUG] action type and count for op 1: mul 187499904.0
 [DEBUG] action type and count for op 0: add 187499904.0
 [DEBUG] action type and count for op 1: mul 187499904.0
 [DEBUG] action type and count for op 0: add 187499904.0
 [DEBUG] action type and count for op 1: mul 187499904.0
 [DEBUG] action type and count for op 0: add 187499904.0
 [DEBUG] action type and count for op 1: mul 187499904.0
 [DEBUG] action type and count for op 0: add 187499904.0
 [DEBUG] action type and count for op 1: mul 187499904.0
 [DEBUG] action type and count for op 0: add 187499904.0
 [DEBUG] action type and count for op 1: mul 187499904.0
 [DEBUG] action type and count for op 0: add 187499904.0
 [DEBUG] action type and count for op 1: mul 187499904.0
 [DEBUG] action type and count for op 0: add 187499904.0
 [DEBUG] action type and count for op 1: mul 187499904.0
 [DEBUG] action type and count for op 0: add 187499904.0
 [DEBUG] action type and count for op 1: mul 187499904.0
 [DEBUG] action type and count for op 0: add 187499904.0
 [DEBUG] action type and count for op 1: mul 187499904.0
 [DEBUG] action type and count for op 0: add 187499904.0
 [DEBUG] action type and count for op 1: mul 187499904.0
 [DEBUG] action type and count for op 0: add 187499904.0
 [DEBUG] action type and count for op 1: mul 187499904.0
 [DEBUG] action type and count for op 0: add 187499904.0
 [DEBUG] action type and count for op 1: mul 187499904.0
 [DEBUG] action type and count for op 0: add 187499904.0
 [DEBUG] action type and count for op 1: mul 187499904.0
 [DEBUG] action type and count for op 0: add 187499904.0
 [DEBUG] action type and count for op 1: mul 187499904.0
 [DEBUG] action type and count for op 0: add 187499904.0
 [DEBUG] action type and count for op 1: mul 187499904.0
 [DEBUG] action type and count for op 0: add 187499904.0
 [DEBUG] action type and count for op 1: mul 187499904.0
 [DEBUG] action type and count for op 0: add 187499904.0
 [DEBUG] action type and count for op 1: mul 187499904.0
 [DEBUG] action type and count for op 0: add 187499904.0
 [DEBUG] action type and count for op 1: mul 187499904.0
 [DEBUG] action type and count for op 0: add 187499904.0
 [DEBUG] action type and count for op 1: mul 187499904.0
 [DEBUG] action type and count for op 0: add 187499904.0
 [DEBUG] action type and count for op 1: mul 187499904.0
 [DEBUG] action type and count for op 0: add 187499904.0
 [DEBUG] action type and count for op 1: mul 187499904.0
 [DEBUG] action type and count for op 0: add 187499904.0
 [DEBUG] action type and count for op 1: mul 187499904.0
 [DEBUG] action type and count for op 0: add 187499904.0
 [DEBUG] action type and count for op 1: mul 187499904.0
 [DEBUG] action type and count for op 0: add 187499904.0
 [DEBUG] action type and count for op 1: mul 187499904.0
 [DEBUG] action type and count for op 0: add 187499904.0
 [DEBUG] action type and count for op 1: mul 187499904.0
 [DEBUG] action type and count for op 0: add 187499904.0
 [DEBUG] action type and count for op 1: mul 187499904.0
 [DEBUG] action type and count for op 0: add 187499904.0
 [DEBUG] action type and count for op 1: mul 187499904.0
 [DEBUG] action type and count for op 0: add 187499904.0
 [DEBUG] action type and count for op 1: mul 187499904.0
 [DEBUG] action type and count for op 0: add 187499904.0
 [DEBUG] action type and count for op 1: mul 187499904.0
 [DEBUG] action type and count for op 0: add 187499904.0
 [DEBUG] action type and count for op 1: mul 187499904.0
 [DEBUG] action type and count for op 0: add 187499904.0
 [DEBUG] action type and count for op 1: mul 187499904.0
 [DEBUG] action type and count for op 0: add 187499904.0
 [DEBUG] action type and count for op 1: mul 187499904.0
 [DEBUG] action type and count for op 0: add 187499904.0
 [DEBUG] action type and count for op 1: mul 187499904.0
 [DEBUG] action type and count for op 0: add 187499904.0
 [DEBUG] action type and count for op 1: mul 187499904.0
 [DEBUG] action type and count for op 0: add 187499904.0
 [DEBUG] action type and count for op 1: mul 187499904.0
 [DEBUG] action type and count for op 0: add 187499904.0
 [DEBUG] action type and count for op 1: mul 187499904.0
 [DEBUG] action type and count for op 0: add 187499904.0
 [DEBUG] action type and count for op 1: mul 187499904.0
 [DEBUG] action type and count for op 0: add 187499904.0
 [DEBUG] action type and count for op 1: mul 187499904.0
 [DEBUG] action type and count for op 0: add 187499904.0
 [DEBUG] action type and count for op 1: mul 187499904.0
 [DEBUG] action type and count for op 0: add 187499904.0
 [DEBUG] action type and count for op 1: mul 187499904.0
 [DEBUG] action type and count for op 0: add 187499904.0
 [DEBUG] action type and count for op 1: mul 187499904.0
 [DEBUG] action type and count for op 0: add 187499904.0
 [DEBUG] action type and count for op 1: mul 187499904.0
 [DEBUG] action type and count for op 0: add 187499904.0
 [DEBUG] action type and count for op 1: mul 187499904.0
 [DEBUG] action type and count for op 0: add 187499904.0
 [DEBUG] action type and count for op 1: mul 187499904.0
 [DEBUG] action type and count for op 0: add 187499904.0
 [DEBUG] action type and count for op 1: mul 187499904.0
 [DEBUG] action type and count for op 0: add 187499904.0
 [DEBUG] action type and count for op 1: mul 187499904.0
 [DEBUG] action type and count for op 0: add 187499904.0
 [DEBUG] action type and count for op 1: mul 187499904.0
 [DEBUG] action type and count for op 0: add 187499904.0
 [DEBUG] action type and count for op 1: mul 187499904.0
 [DEBUG] action type and count for op 0: add 187499904.0
 [DEBUG] action type and count for op 1: mul 187499904.0
 [DEBUG] action type and count for op 0: add 187499904.0
 [DEBUG] action type and count for op 1: mul 187499904.0
 [DEBUG] action type and count for op 0: add 187499904.0
 [DEBUG] action type and count for op 1: mul 187499904.0
 [DEBUG] action type and count for op 0: add 187499904.0
 [DEBUG] action type and count for op 1: mul 187499904.0
 [DEBUG] action type and count for op 0: add 187499904.0
 [DEBUG] action type and count for op 1: mul 187499904.0
 [DEBUG] action type and count for op 0: add 187499904.0
 [DEBUG] action type and count for op 1: mul 187499904.0
 [DEBUG] action type and count for op 0: add 187499904.0
 [DEBUG] action type and count for op 1: mul 187499904.0
 [DEBUG] action type and count for op 0: add 187499904.0
 [DEBUG] action type and count for op 1: mul 187499904.0
 [DEBUG] action type and count for op 0: add 187499904.0
 [DEBUG] action type and count for op 1: mul 187499904.0
 [DEBUG] action type and count for op 0: add 187499904.0
 [DEBUG] action type and count for op 1: mul 187499904.0
 [DEBUG] action type and count for op 0: add 187499904.0
 [DEBUG] action type and count for op 1: mul 187499904.0
 [DEBUG] action type and count for op 0: add 187499904.0
 [DEBUG] action type and count for op 1: mul 187499904.0
 [DEBUG] action type and count for op 0: add 187499904.0
 [DEBUG] action type and count for op 1: mul 187499904.0
 [DEBUG] action type and count for op 0: add 187499904.0
 [DEBUG] action type and count for op 1: mul 187499904.0
 [DEBUG] action type and count for op 0: add 187499904.0
 [DEBUG] action type and count for op 1: mul 187499904.0
 [DEBUG] action type and count for op 0: add 187499904.0
 [DEBUG] action type and count for op 1: mul 187499904.0
 [DEBUG] action type and count for op 0: add 187499904.0
 [DEBUG] action type and count for op 1: mul 187499904.0
 [DEBUG] action type and count for op 0: add 187499904.0
 [DEBUG] action type and count for op 1: mul 187499904.0
 [DEBUG] action type and count for op 0: add 187499904.0
 [DEBUG] action type and count for op 1: mul 187499904.0
 [DEBUG] action type and count for op 0: add 187499904.0
 [DEBUG] action type and count for op 1: mul 187499904.0
 [DEBUG] action type and count for op 0: add 187499904.0
 [DEBUG] action type and count for op 1: mul 187499904.0
 [DEBUG] action type and count for op 0: add 187499904.0
 [DEBUG] action type and count for op 1: mul 187499904.0
 [DEBUG] action type and count for op 0: add 187499904.0
 [DEBUG] action type and count for op 1: mul 187499904.0
 [DEBUG] action type and count for op 0: add 187499904.0
 [DEBUG] action type and count for op 1: mul 187499904.0
 [DEBUG] action type and count for op 0: add 187499904.0
 [DEBUG] action type and count for op 1: mul 187499904.0
 [DEBUG] action type and count for op 0: add 187499904.0
 [DEBUG] action type and count for op 1: mul 187499904.0
 [DEBUG] action type and count for op 0: add 187499904.0
 [DEBUG] action type and count for op 1: mul 187499904.0
 [DEBUG] action type and count for op 0: add 187499904.0
 [DEBUG] action type and count for op 1: mul 187499904.0
 [DEBUG] action type and count for op 0: add 187499904.0
 [DEBUG] action type and count for op 1: mul 187499904.0
 [DEBUG] action type and count for op 0: add 187499904.0
 [DEBUG] action type and count for op 1: mul 187499904.0
 [DEBUG] action type and count for op 0: add 187499904.0
 [DEBUG] action type and count for op 1: mul 187499904.0
 [DEBUG] action type and count for op 0: add 187499904.0
 [DEBUG] action type and count for op 1: mul 187499904.0
 [DEBUG] action type and count for op 0: add 187499904.0
 [DEBUG] action type and count for op 1: mul 187499904.0
 [DEBUG] action type and count for op 0: add 187499904.0
 [DEBUG] action type and count for op 1: mul 187499904.0
 [DEBUG] action type and count for op 0: add 187499904.0
 [DEBUG] action type and count for op 1: mul 187499904.0
 [DEBUG] action type and count for op 0: add 187499904.0
 [DEBUG] action type and count for op 1: mul 187499904.0
 [DEBUG] action type and count for op 0: add 187499904.0
 [DEBUG] action type and count for op 1: mul 187499904.0
 [DEBUG] action type and count for op 0: add 187499904.0
 [DEBUG] action type and count for op 1: mul 187499904.0
 [DEBUG] action type and count for op 0: add 187499904.0
 [DEBUG] action type and count for op 1: mul 187499904.0
 [DEBUG] action type and count for op 0: add 187499904.0
 [DEBUG] action type and count for op 1: mul 187499904.0
 [DEBUG] action type and count for op 0: add 187499904.0
 [DEBUG] action type and count for op 1: mul 187499904.0
 [DEBUG] action type and count for op 0: add 187499904.0
 [DEBUG] action type and count for op 1: mul 187499904.0
 [DEBUG] action type and count for op 0: add 187499904.0
 [DEBUG] action type and count for op 1: mul 187499904.0
 [DEBUG] action type and count for op 0: add 187499904.0
 [DEBUG] action type and count for op 1: mul 187499904.0
 [DEBUG] action type and count for op 0: add 187499904.0
 [DEBUG] action type and count for op 1: mul 187499904.0
 [DEBUG] action type and count for op 0: add 187499904.0
 [DEBUG] action type and count for op 1: mul 187499904.0
 [DEBUG] action type and count for op 0: add 187499904.0
 [DEBUG] action type and count for op 1: mul 187499904.0
 [DEBUG] action type and count for op 0: add 187499904.0
 [DEBUG] action type and count for op 1: mul 187499904.0
 [DEBUG] action type and count for op 0: add 187499904.0
 [DEBUG] action type and count for op 1: mul 187499904.0
 [DEBUG] action type and count for op 0: add 187499904.0
 [DEBUG] action type and count for op 1: mul 187499904.0
 [DEBUG] action type and count for op 0: add 187499904.0
 [DEBUG] action type and count for op 1: mul 187499904.0

╔════════════════════════════════════════════════════════════════════════════════════════════════════╗
║▒▒▒▒▒▒▒▒▒▒▒▒▒▒▒▒▒▒▒▒▒▒▒▒▒▒▒▒▒▒▒▒▒▒▒《 Energy Estimation Results 》▒▒▒▒▒▒▒▒▒▒▒▒▒▒▒▒▒▒▒▒▒▒▒▒▒▒▒▒▒▒▒▒▒▒▒║
╚════════════════════════════════════════════════════════════════════════════════════════════════════╝

╔════════════════════════════════════════════════════════════════════════════════════════════════════╗
║▒▒▒▒▒▒▒▒▒▒▒▒▒▒▒▒▒▒▒▒▒▒▒▒▒▒▒▒▒▒▒▒▒▒▒《 Energy Estimation Results 》▒▒▒▒▒▒▒▒▒▒▒▒▒▒▒▒▒▒▒▒▒▒▒▒▒▒▒▒▒▒▒▒▒▒▒║
╠════════════════════════════════════════════════════════════════════════════════════════════════════╣
║ Total Energy: 1516705912538.400 pJ                                                                 ║
║ Off-chip Memory Energy: 1448979588000.000 pJ (95.53%)                                              ║
║ On-chip Memory Energy: 16163850758.400 pJ (1.07%)                                                  ║
║ Operations Energy:                                                                                 ║
║   - Operation 0: 8437495680.000 pJ (0.56%)                                                         ║
║   - Operation 1: 34687482240.000 pJ (2.29%)                                                        ║
║   - Operation 2: 8371577880.000 pJ (0.55%)                                                         ║
║   - Operation 3: 65917980.000 pJ (0.00%)                                                           ║
║                                                                                                    ║
║ Per-Batch Energy:                                                                                  ║
║   - Batch 0:                                                                                       ║
║     Total Energy: 8460933168.900 pJ                                                                ║
║     Off-chip Memory Energy: 8203120800.000 pJ                                                      ║
║     On-chip Memory Energy: 0.000 pJ                                                                ║
║     Operations Energy:                                                                             ║
║       - Operation 0: 42187478.400 pJ                                                               ║
║       - Operation 1: 173437411.200 pJ                                                              ║
║       - Operation 2: 41857889.400 pJ                                                               ║
║       - Operation 3: 329589.900 pJ                                                                 ║
║   - Batch 1:                                                                                       ║
║     Total Energy: 8460933168.900 pJ                                                                ║
║     Off-chip Memory Energy: 8203120800.000 pJ                                                      ║
║     On-chip Memory Energy: 0.000 pJ                                                                ║
║     Operations Energy:                                                                             ║
║       - Operation 0: 42187478.400 pJ                                                               ║
║       - Operation 1: 173437411.200 pJ                                                              ║
║       - Operation 2: 41857889.400 pJ                                                               ║
║       - Operation 3: 329589.900 pJ                                                                 ║
║   - Batch 2:                                                                                       ║
║     Total Energy: 8460933168.900 pJ                                                                ║
║     Off-chip Memory Energy: 8203120800.000 pJ                                                      ║
║     On-chip Memory Energy: 0.000 pJ                                                                ║
║     Operations Energy:                                                                             ║
║       - Operation 0: 42187478.400 pJ                                                               ║
║       - Operation 1: 173437411.200 pJ                                                              ║
║       - Operation 2: 41857889.400 pJ                                                               ║
║       - Operation 3: 329589.900 pJ                                                                 ║
║   - Batch 3:                                                                                       ║
║     Total Energy: 8460933168.900 pJ                                                                ║
║     Off-chip Memory Energy: 8203120800.000 pJ                                                      ║
║     On-chip Memory Energy: 0.000 pJ                                                                ║
║     Operations Energy:                                                                             ║
║       - Operation 0: 42187478.400 pJ                                                               ║
║       - Operation 1: 173437411.200 pJ                                                              ║
║       - Operation 2: 41857889.400 pJ                                                               ║
║       - Operation 3: 329589.900 pJ                                                                 ║
║   - Batch 4:                                                                                       ║
║     Total Energy: 8460933168.900 pJ                                                                ║
║     Off-chip Memory Energy: 8203120800.000 pJ                                                      ║
║     On-chip Memory Energy: 0.000 pJ                                                                ║
║     Operations Energy:                                                                             ║
║       - Operation 0: 42187478.400 pJ                                                               ║
║       - Operation 1: 173437411.200 pJ                                                              ║
║       - Operation 2: 41857889.400 pJ                                                               ║
║       - Operation 3: 329589.900 pJ                                                                 ║
║   - Batch 5:                                                                                       ║
║     Total Energy: 8414784048.900 pJ                                                                ║
║     Off-chip Memory Energy: 8152720800.000 pJ                                                      ║
║     On-chip Memory Energy: 4250880.000 pJ                                                          ║
║     Operations Energy:                                                                             ║
║       - Operation 0: 42187478.400 pJ                                                               ║
║       - Operation 1: 173437411.200 pJ                                                              ║
║       - Operation 2: 41857889.400 pJ                                                               ║
║       - Operation 3: 329589.900 pJ                                                                 ║
║   - Batch 6:                                                                                       ║
║     Total Energy: 8460933168.900 pJ                                                                ║
║     Off-chip Memory Energy: 8203120800.000 pJ                                                      ║
║     On-chip Memory Energy: 0.000 pJ                                                                ║
║     Operations Energy:                                                                             ║
║       - Operation 0: 42187478.400 pJ                                                               ║
║       - Operation 1: 173437411.200 pJ                                                              ║
║       - Operation 2: 41857889.400 pJ                                                               ║
║       - Operation 3: 329589.900 pJ                                                                 ║
║   - Batch 7:                                                                                       ║
║     Total Energy: 8460933168.900 pJ                                                                ║
║     Off-chip Memory Energy: 8203120800.000 pJ                                                      ║
║     On-chip Memory Energy: 0.000 pJ                                                                ║
║     Operations Energy:                                                                             ║
║       - Operation 0: 42187478.400 pJ                                                               ║
║       - Operation 1: 173437411.200 pJ                                                              ║
║       - Operation 2: 41857889.400 pJ                                                               ║
║       - Operation 3: 329589.900 pJ                                                                 ║
║   - Batch 8:                                                                                       ║
║     Total Energy: 8460933168.900 pJ                                                                ║
║     Off-chip Memory Energy: 8203120800.000 pJ                                                      ║
║     On-chip Memory Energy: 0.000 pJ                                                                ║
║     Operations Energy:                                                                             ║
║       - Operation 0: 42187478.400 pJ                                                               ║
║       - Operation 1: 173437411.200 pJ                                                              ║
║       - Operation 2: 41857889.400 pJ                                                               ║
║       - Operation 3: 329589.900 pJ                                                                 ║
║   - Batch 9:                                                                                       ║
║     Total Energy: 8460933168.900 pJ                                                                ║
║     Off-chip Memory Energy: 8203120800.000 pJ                                                      ║
║     On-chip Memory Energy: 0.000 pJ                                                                ║
║     Operations Energy:                                                                             ║
║       - Operation 0: 42187478.400 pJ                                                               ║
║       - Operation 1: 173437411.200 pJ                                                              ║
║       - Operation 2: 41857889.400 pJ                                                               ║
║       - Operation 3: 329589.900 pJ                                                                 ║
║   - Batch 10:                                                                                      ║
║     Total Energy: 8460933168.900 pJ                                                                ║
║     Off-chip Memory Energy: 8203120800.000 pJ                                                      ║
║     On-chip Memory Energy: 0.000 pJ                                                                ║
║     Operations Energy:                                                                             ║
║       - Operation 0: 42187478.400 pJ                                                               ║
║       - Operation 1: 173437411.200 pJ                                                              ║
║       - Operation 2: 41857889.400 pJ                                                               ║
║       - Operation 3: 329589.900 pJ                                                                 ║
║   - Batch 11:                                                                                      ║
║     Total Energy: 8460933168.900 pJ                                                                ║
║     Off-chip Memory Energy: 8203120800.000 pJ                                                      ║
║     On-chip Memory Energy: 0.000 pJ                                                                ║
║     Operations Energy:                                                                             ║
║       - Operation 0: 42187478.400 pJ                                                               ║
║       - Operation 1: 173437411.200 pJ                                                              ║
║       - Operation 2: 41857889.400 pJ                                                               ║
║       - Operation 3: 329589.900 pJ                                                                 ║
║   - Batch 12:                                                                                      ║
║     Total Energy: 8460933168.900 pJ                                                                ║
║     Off-chip Memory Energy: 8203120800.000 pJ                                                      ║
║     On-chip Memory Energy: 0.000 pJ                                                                ║
║     Operations Energy:                                                                             ║
║       - Operation 0: 42187478.400 pJ                                                               ║
║       - Operation 1: 173437411.200 pJ                                                              ║
║       - Operation 2: 41857889.400 pJ                                                               ║
║       - Operation 3: 329589.900 pJ                                                                 ║
║   - Batch 13:                                                                                      ║
║     Total Energy: 8460933168.900 pJ                                                                ║
║     Off-chip Memory Energy: 8203120800.000 pJ                                                      ║
║     On-chip Memory Energy: 0.000 pJ                                                                ║
║     Operations Energy:                                                                             ║
║       - Operation 0: 42187478.400 pJ                                                               ║
║       - Operation 1: 173437411.200 pJ                                                              ║
║       - Operation 2: 41857889.400 pJ                                                               ║
║       - Operation 3: 329589.900 pJ                                                                 ║
║   - Batch 14:                                                                                      ║
║     Total Energy: 8460933168.900 pJ                                                                ║
║     Off-chip Memory Energy: 8203120800.000 pJ                                                      ║
║     On-chip Memory Energy: 0.000 pJ                                                                ║
║     Operations Energy:                                                                             ║
║       - Operation 0: 42187478.400 pJ                                                               ║
║       - Operation 1: 173437411.200 pJ                                                              ║
║       - Operation 2: 41857889.400 pJ                                                               ║
║       - Operation 3: 329589.900 pJ                                                                 ║
║   - Batch 15:                                                                                      ║
║     Total Energy: 8417737592.580 pJ                                                                ║
║     Off-chip Memory Energy: 8155946400.000 pJ                                                      ║
║     On-chip Memory Energy: 3978823.680 pJ                                                          ║
║     Operations Energy:                                                                             ║
║       - Operation 0: 42187478.400 pJ                                                               ║
║       - Operation 1: 173437411.200 pJ                                                              ║
║       - Operation 2: 41857889.400 pJ                                                               ║
║       - Operation 3: 329589.900 pJ                                                                 ║
║   - Batch 16:                                                                                      ║
║     Total Energy: 8460933168.900 pJ                                                                ║
║     Off-chip Memory Energy: 8203120800.000 pJ                                                      ║
║     On-chip Memory Energy: 0.000 pJ                                                                ║
║     Operations Energy:                                                                             ║
║       - Operation 0: 42187478.400 pJ                                                               ║
║       - Operation 1: 173437411.200 pJ                                                              ║
║       - Operation 2: 41857889.400 pJ                                                               ║
║       - Operation 3: 329589.900 pJ                                                                 ║
║   - Batch 17:                                                                                      ║
║     Total Energy: 8460933168.900 pJ                                                                ║
║     Off-chip Memory Energy: 8203120800.000 pJ                                                      ║
║     On-chip Memory Energy: 0.000 pJ                                                                ║
║     Operations Energy:                                                                             ║
║       - Operation 0: 42187478.400 pJ                                                               ║
║       - Operation 1: 173437411.200 pJ                                                              ║
║       - Operation 2: 41857889.400 pJ                                                               ║
║       - Operation 3: 329589.900 pJ                                                                 ║
║   - Batch 18:                                                                                      ║
║     Total Energy: 8460933168.900 pJ                                                                ║
║     Off-chip Memory Energy: 8203120800.000 pJ                                                      ║
║     On-chip Memory Energy: 0.000 pJ                                                                ║
║     Operations Energy:                                                                             ║
║       - Operation 0: 42187478.400 pJ                                                               ║
║       - Operation 1: 173437411.200 pJ                                                              ║
║       - Operation 2: 41857889.400 pJ                                                               ║
║       - Operation 3: 329589.900 pJ                                                                 ║
║   - Batch 19:                                                                                      ║
║     Total Energy: 8460933168.900 pJ                                                                ║
║     Off-chip Memory Energy: 8203120800.000 pJ                                                      ║
║     On-chip Memory Energy: 0.000 pJ                                                                ║
║     Operations Energy:                                                                             ║
║       - Operation 0: 42187478.400 pJ                                                               ║
║       - Operation 1: 173437411.200 pJ                                                              ║
║       - Operation 2: 41857889.400 pJ                                                               ║
║       - Operation 3: 329589.900 pJ                                                                 ║
║   - Batch 20:                                                                                      ║
║     Total Energy: 8460933168.900 pJ                                                                ║
║     Off-chip Memory Energy: 8203120800.000 pJ                                                      ║
║     On-chip Memory Energy: 0.000 pJ                                                                ║
║     Operations Energy:                                                                             ║
║       - Operation 0: 42187478.400 pJ                                                               ║
║       - Operation 1: 173437411.200 pJ                                                              ║
║       - Operation 2: 41857889.400 pJ                                                               ║
║       - Operation 3: 329589.900 pJ                                                                 ║
║   - Batch 21:                                                                                      ║
║     Total Energy: 8460933168.900 pJ                                                                ║
║     Off-chip Memory Energy: 8203120800.000 pJ                                                      ║
║     On-chip Memory Energy: 0.000 pJ                                                                ║
║     Operations Energy:                                                                             ║
║       - Operation 0: 42187478.400 pJ                                                               ║
║       - Operation 1: 173437411.200 pJ                                                              ║
║       - Operation 2: 41857889.400 pJ                                                               ║
║       - Operation 3: 329589.900 pJ                                                                 ║
║   - Batch 22:                                                                                      ║
║     Total Energy: 8460933168.900 pJ                                                                ║
║     Off-chip Memory Energy: 8203120800.000 pJ                                                      ║
║     On-chip Memory Energy: 0.000 pJ                                                                ║
║     Operations Energy:                                                                             ║
║       - Operation 0: 42187478.400 pJ                                                               ║
║       - Operation 1: 173437411.200 pJ                                                              ║
║       - Operation 2: 41857889.400 pJ                                                               ║
║       - Operation 3: 329589.900 pJ                                                                 ║
║   - Batch 23:                                                                                      ║
║     Total Energy: 8460933168.900 pJ                                                                ║
║     Off-chip Memory Energy: 8203120800.000 pJ                                                      ║
║     On-chip Memory Energy: 0.000 pJ                                                                ║
║     Operations Energy:                                                                             ║
║       - Operation 0: 42187478.400 pJ                                                               ║
║       - Operation 1: 173437411.200 pJ                                                              ║
║       - Operation 2: 41857889.400 pJ                                                               ║
║       - Operation 3: 329589.900 pJ                                                                 ║
║   - Batch 24:                                                                                      ║
║     Total Energy: 8368034990.340 pJ                                                                ║
║     Off-chip Memory Energy: 8101665600.000 pJ                                                      ║
║     On-chip Memory Energy: 8557021.440 pJ                                                          ║
║     Operations Energy:                                                                             ║
║       - Operation 0: 42187478.400 pJ                                                               ║
║       - Operation 1: 173437411.200 pJ                                                              ║
║       - Operation 2: 41857889.400 pJ                                                               ║
║       - Operation 3: 329589.900 pJ                                                                 ║
║   - Batch 25:                                                                                      ║
║     Total Energy: 8460933168.900 pJ                                                                ║
║     Off-chip Memory Energy: 8203120800.000 pJ                                                      ║
║     On-chip Memory Energy: 0.000 pJ                                                                ║
║     Operations Energy:                                                                             ║
║       - Operation 0: 42187478.400 pJ                                                               ║
║       - Operation 1: 173437411.200 pJ                                                              ║
║       - Operation 2: 41857889.400 pJ                                                               ║
║       - Operation 3: 329589.900 pJ                                                                 ║
║   - Batch 26:                                                                                      ║
║     Total Energy: 8460933168.900 pJ                                                                ║
║     Off-chip Memory Energy: 8203120800.000 pJ                                                      ║
║     On-chip Memory Energy: 0.000 pJ                                                                ║
║     Operations Energy:                                                                             ║
║       - Operation 0: 42187478.400 pJ                                                               ║
║       - Operation 1: 173437411.200 pJ                                                              ║
║       - Operation 2: 41857889.400 pJ                                                               ║
║       - Operation 3: 329589.900 pJ                                                                 ║
║   - Batch 27:                                                                                      ║
║     Total Energy: 8460933168.900 pJ                                                                ║
║     Off-chip Memory Energy: 8203120800.000 pJ                                                      ║
║     On-chip Memory Energy: 0.000 pJ                                                                ║
║     Operations Energy:                                                                             ║
║       - Operation 0: 42187478.400 pJ                                                               ║
║       - Operation 1: 173437411.200 pJ                                                              ║
║       - Operation 2: 41857889.400 pJ                                                               ║
║       - Operation 3: 329589.900 pJ                                                                 ║
║   - Batch 28:                                                                                      ║
║     Total Energy: 8460933168.900 pJ                                                                ║
║     Off-chip Memory Energy: 8203120800.000 pJ                                                      ║
║     On-chip Memory Energy: 0.000 pJ                                                                ║
║     Operations Energy:                                                                             ║
║       - Operation 0: 42187478.400 pJ                                                               ║
║       - Operation 1: 173437411.200 pJ                                                              ║
║       - Operation 2: 41857889.400 pJ                                                               ║
║       - Operation 3: 329589.900 pJ                                                                 ║
║   - Batch 29:                                                                                      ║
║     Total Energy: 8460933168.900 pJ                                                                ║
║     Off-chip Memory Energy: 8203120800.000 pJ                                                      ║
║     On-chip Memory Energy: 0.000 pJ                                                                ║
║     Operations Energy:                                                                             ║
║       - Operation 0: 42187478.400 pJ                                                               ║
║       - Operation 1: 173437411.200 pJ                                                              ║
║       - Operation 2: 41857889.400 pJ                                                               ║
║       - Operation 3: 329589.900 pJ                                                                 ║
║   - Batch 30:                                                                                      ║
║     Total Energy: 8460933168.900 pJ                                                                ║
║     Off-chip Memory Energy: 8203120800.000 pJ                                                      ║
║     On-chip Memory Energy: 0.000 pJ                                                                ║
║     Operations Energy:                                                                             ║
║       - Operation 0: 42187478.400 pJ                                                               ║
║       - Operation 1: 173437411.200 pJ                                                              ║
║       - Operation 2: 41857889.400 pJ                                                               ║
║       - Operation 3: 329589.900 pJ                                                                 ║
║   - Batch 31:                                                                                      ║
║     Total Energy: 8460933168.900 pJ                                                                ║
║     Off-chip Memory Energy: 8203120800.000 pJ                                                      ║
║     On-chip Memory Energy: 0.000 pJ                                                                ║
║     Operations Energy:                                                                             ║
║       - Operation 0: 42187478.400 pJ                                                               ║
║       - Operation 1: 173437411.200 pJ                                                              ║
║       - Operation 2: 41857889.400 pJ                                                               ║
║       - Operation 3: 329589.900 pJ                                                                 ║
║   - Batch 32:                                                                                      ║
║     Total Energy: 8460933168.900 pJ                                                                ║
║     Off-chip Memory Energy: 8203120800.000 pJ                                                      ║
║     On-chip Memory Energy: 0.000 pJ                                                                ║
║     Operations Energy:                                                                             ║
║       - Operation 0: 42187478.400 pJ                                                               ║
║       - Operation 1: 173437411.200 pJ                                                              ║
║       - Operation 2: 41857889.400 pJ                                                               ║
║       - Operation 3: 329589.900 pJ                                                                 ║
║   - Batch 33:                                                                                      ║
║     Total Energy: 8460933168.900 pJ                                                                ║
║     Off-chip Memory Energy: 8203120800.000 pJ                                                      ║
║     On-chip Memory Energy: 0.000 pJ                                                                ║
║     Operations Energy:                                                                             ║
║       - Operation 0: 42187478.400 pJ                                                               ║
║       - Operation 1: 173437411.200 pJ                                                              ║
║       - Operation 2: 41857889.400 pJ                                                               ║
║       - Operation 3: 329589.900 pJ                                                                 ║
║   - Batch 34:                                                                                      ║
║     Total Energy: 8460933168.900 pJ                                                                ║
║     Off-chip Memory Energy: 8203120800.000 pJ                                                      ║
║     On-chip Memory Energy: 0.000 pJ                                                                ║
║     Operations Energy:                                                                             ║
║       - Operation 0: 42187478.400 pJ                                                               ║
║       - Operation 1: 173437411.200 pJ                                                              ║
║       - Operation 2: 41857889.400 pJ                                                               ║
║       - Operation 3: 329589.900 pJ                                                                 ║
║   - Batch 35:                                                                                      ║
║     Total Energy: 8460933168.900 pJ                                                                ║
║     Off-chip Memory Energy: 8203120800.000 pJ                                                      ║
║     On-chip Memory Energy: 0.000 pJ                                                                ║
║     Operations Energy:                                                                             ║
║       - Operation 0: 42187478.400 pJ                                                               ║
║       - Operation 1: 173437411.200 pJ                                                              ║
║       - Operation 2: 41857889.400 pJ                                                               ║
║       - Operation 3: 329589.900 pJ                                                                 ║
║   - Batch 36:                                                                                      ║
║     Total Energy: 8460933168.900 pJ                                                                ║
║     Off-chip Memory Energy: 8203120800.000 pJ                                                      ║
║     On-chip Memory Energy: 0.000 pJ                                                                ║
║     Operations Energy:                                                                             ║
║       - Operation 0: 42187478.400 pJ                                                               ║
║       - Operation 1: 173437411.200 pJ                                                              ║
║       - Operation 2: 41857889.400 pJ                                                               ║
║       - Operation 3: 329589.900 pJ                                                                 ║
║   - Batch 37:                                                                                      ║
║     Total Energy: 8460933168.900 pJ                                                                ║
║     Off-chip Memory Energy: 8203120800.000 pJ                                                      ║
║     On-chip Memory Energy: 0.000 pJ                                                                ║
║     Operations Energy:                                                                             ║
║       - Operation 0: 42187478.400 pJ                                                               ║
║       - Operation 1: 173437411.200 pJ                                                              ║
║       - Operation 2: 41857889.400 pJ                                                               ║
║       - Operation 3: 329589.900 pJ                                                                 ║
║   - Batch 38:                                                                                      ║
║     Total Energy: 8460933168.900 pJ                                                                ║
║     Off-chip Memory Energy: 8203120800.000 pJ                                                      ║
║     On-chip Memory Energy: 0.000 pJ                                                                ║
║     Operations Energy:                                                                             ║
║       - Operation 0: 42187478.400 pJ                                                               ║
║       - Operation 1: 173437411.200 pJ                                                              ║
║       - Operation 2: 41857889.400 pJ                                                               ║
║       - Operation 3: 329589.900 pJ                                                                 ║
║   - Batch 39:                                                                                      ║
║     Total Energy: 8460933168.900 pJ                                                                ║
║     Off-chip Memory Energy: 8203120800.000 pJ                                                      ║
║     On-chip Memory Energy: 0.000 pJ                                                                ║
║     Operations Energy:                                                                             ║
║       - Operation 0: 42187478.400 pJ                                                               ║
║       - Operation 1: 173437411.200 pJ                                                              ║
║       - Operation 2: 41857889.400 pJ                                                               ║
║       - Operation 3: 329589.900 pJ                                                                 ║
║   - Batch 40:                                                                                      ║
║     Total Energy: 8460933168.900 pJ                                                                ║
║     Off-chip Memory Energy: 8203120800.000 pJ                                                      ║
║     On-chip Memory Energy: 0.000 pJ                                                                ║
║     Operations Energy:                                                                             ║
║       - Operation 0: 42187478.400 pJ                                                               ║
║       - Operation 1: 173437411.200 pJ                                                              ║
║       - Operation 2: 41857889.400 pJ                                                               ║
║       - Operation 3: 329589.900 pJ                                                                 ║
║   - Batch 41:                                                                                      ║
║     Total Energy: 8460933168.900 pJ                                                                ║
║     Off-chip Memory Energy: 8203120800.000 pJ                                                      ║
║     On-chip Memory Energy: 0.000 pJ                                                                ║
║     Operations Energy:                                                                             ║
║       - Operation 0: 42187478.400 pJ                                                               ║
║       - Operation 1: 173437411.200 pJ                                                              ║
║       - Operation 2: 41857889.400 pJ                                                               ║
║       - Operation 3: 329589.900 pJ                                                                 ║
║   - Batch 42:                                                                                      ║
║     Total Energy: 8460933168.900 pJ                                                                ║
║     Off-chip Memory Energy: 8203120800.000 pJ                                                      ║
║     On-chip Memory Energy: 0.000 pJ                                                                ║
║     Operations Energy:                                                                             ║
║       - Operation 0: 42187478.400 pJ                                                               ║
║       - Operation 1: 173437411.200 pJ                                                              ║
║       - Operation 2: 41857889.400 pJ                                                               ║
║       - Operation 3: 329589.900 pJ                                                                 ║
║   - Batch 43:                                                                                      ║
║     Total Energy: 8460933168.900 pJ                                                                ║
║     Off-chip Memory Energy: 8203120800.000 pJ                                                      ║
║     On-chip Memory Energy: 0.000 pJ                                                                ║
║     Operations Energy:                                                                             ║
║       - Operation 0: 42187478.400 pJ                                                               ║
║       - Operation 1: 173437411.200 pJ                                                              ║
║       - Operation 2: 41857889.400 pJ                                                               ║
║       - Operation 3: 329589.900 pJ                                                                 ║
║   - Batch 44:                                                                                      ║
║     Total Energy: 8460933168.900 pJ                                                                ║
║     Off-chip Memory Energy: 8203120800.000 pJ                                                      ║
║     On-chip Memory Energy: 0.000 pJ                                                                ║
║     Operations Energy:                                                                             ║
║       - Operation 0: 42187478.400 pJ                                                               ║
║       - Operation 1: 173437411.200 pJ                                                              ║
║       - Operation 2: 41857889.400 pJ                                                               ║
║       - Operation 3: 329589.900 pJ                                                                 ║
║   - Batch 45:                                                                                      ║
║     Total Energy: 8460933168.900 pJ                                                                ║
║     Off-chip Memory Energy: 8203120800.000 pJ                                                      ║
║     On-chip Memory Energy: 0.000 pJ                                                                ║
║     Operations Energy:                                                                             ║
║       - Operation 0: 42187478.400 pJ                                                               ║
║       - Operation 1: 173437411.200 pJ                                                              ║
║       - Operation 2: 41857889.400 pJ                                                               ║
║       - Operation 3: 329589.900 pJ                                                                 ║
║   - Batch 46:                                                                                      ║
║     Total Energy: 8460933168.900 pJ                                                                ║
║     Off-chip Memory Energy: 8203120800.000 pJ                                                      ║
║     On-chip Memory Energy: 0.000 pJ                                                                ║
║     Operations Energy:                                                                             ║
║       - Operation 0: 42187478.400 pJ                                                               ║
║       - Operation 1: 173437411.200 pJ                                                              ║
║       - Operation 2: 41857889.400 pJ                                                               ║
║       - Operation 3: 329589.900 pJ                                                                 ║
║   - Batch 47:                                                                                      ║
║     Total Energy: 8460933168.900 pJ                                                                ║
║     Off-chip Memory Energy: 8203120800.000 pJ                                                      ║
║     On-chip Memory Energy: 0.000 pJ                                                                ║
║     Operations Energy:                                                                             ║
║       - Operation 0: 42187478.400 pJ                                                               ║
║       - Operation 1: 173437411.200 pJ                                                              ║
║       - Operation 2: 41857889.400 pJ                                                               ║
║       - Operation 3: 329589.900 pJ                                                                 ║
║   - Batch 48:                                                                                      ║
║     Total Energy: 8460933168.900 pJ                                                                ║
║     Off-chip Memory Energy: 8203120800.000 pJ                                                      ║
║     On-chip Memory Energy: 0.000 pJ                                                                ║
║     Operations Energy:                                                                             ║
║       - Operation 0: 42187478.400 pJ                                                               ║
║       - Operation 1: 173437411.200 pJ                                                              ║
║       - Operation 2: 41857889.400 pJ                                                               ║
║       - Operation 3: 329589.900 pJ                                                                 ║
║   - Batch 49:                                                                                      ║
║     Total Energy: 8460933168.900 pJ                                                                ║
║     Off-chip Memory Energy: 8203120800.000 pJ                                                      ║
║     On-chip Memory Energy: 0.000 pJ                                                                ║
║     Operations Energy:                                                                             ║
║       - Operation 0: 42187478.400 pJ                                                               ║
║       - Operation 1: 173437411.200 pJ                                                              ║
║       - Operation 2: 41857889.400 pJ                                                               ║
║       - Operation 3: 329589.900 pJ                                                                 ║
║   - Batch 50:                                                                                      ║
║     Total Energy: 8460933168.900 pJ                                                                ║
║     Off-chip Memory Energy: 8203120800.000 pJ                                                      ║
║     On-chip Memory Energy: 0.000 pJ                                                                ║
║     Operations Energy:                                                                             ║
║       - Operation 0: 42187478.400 pJ                                                               ║
║       - Operation 1: 173437411.200 pJ                                                              ║
║       - Operation 2: 41857889.400 pJ                                                               ║
║       - Operation 3: 329589.900 pJ                                                                 ║
║   - Batch 51:                                                                                      ║
║     Total Energy: 8460933168.900 pJ                                                                ║
║     Off-chip Memory Energy: 8203120800.000 pJ                                                      ║
║     On-chip Memory Energy: 0.000 pJ                                                                ║
║     Operations Energy:                                                                             ║
║       - Operation 0: 42187478.400 pJ                                                               ║
║       - Operation 1: 173437411.200 pJ                                                              ║
║       - Operation 2: 41857889.400 pJ                                                               ║
║       - Operation 3: 329589.900 pJ                                                                 ║
║   - Batch 52:                                                                                      ║
║     Total Energy: 8460933168.900 pJ                                                                ║
║     Off-chip Memory Energy: 8203120800.000 pJ                                                      ║
║     On-chip Memory Energy: 0.000 pJ                                                                ║
║     Operations Energy:                                                                             ║
║       - Operation 0: 42187478.400 pJ                                                               ║
║       - Operation 1: 173437411.200 pJ                                                              ║
║       - Operation 2: 41857889.400 pJ                                                               ║
║       - Operation 3: 329589.900 pJ                                                                 ║
║   - Batch 53:                                                                                      ║
║     Total Energy: 8460933168.900 pJ                                                                ║
║     Off-chip Memory Energy: 8203120800.000 pJ                                                      ║
║     On-chip Memory Energy: 0.000 pJ                                                                ║
║     Operations Energy:                                                                             ║
║       - Operation 0: 42187478.400 pJ                                                               ║
║       - Operation 1: 173437411.200 pJ                                                              ║
║       - Operation 2: 41857889.400 pJ                                                               ║
║       - Operation 3: 329589.900 pJ                                                                 ║
║   - Batch 54:                                                                                      ║
║     Total Energy: 8460933168.900 pJ                                                                ║
║     Off-chip Memory Energy: 8203120800.000 pJ                                                      ║
║     On-chip Memory Energy: 0.000 pJ                                                                ║
║     Operations Energy:                                                                             ║
║       - Operation 0: 42187478.400 pJ                                                               ║
║       - Operation 1: 173437411.200 pJ                                                              ║
║       - Operation 2: 41857889.400 pJ                                                               ║
║       - Operation 3: 329589.900 pJ                                                                 ║
║   - Batch 55:                                                                                      ║
║     Total Energy: 8460933168.900 pJ                                                                ║
║     Off-chip Memory Energy: 8203120800.000 pJ                                                      ║
║     On-chip Memory Energy: 0.000 pJ                                                                ║
║     Operations Energy:                                                                             ║
║       - Operation 0: 42187478.400 pJ                                                               ║
║       - Operation 1: 173437411.200 pJ                                                              ║
║       - Operation 2: 41857889.400 pJ                                                               ║
║       - Operation 3: 329589.900 pJ                                                                 ║
║   - Batch 56:                                                                                      ║
║     Total Energy: 8460933168.900 pJ                                                                ║
║     Off-chip Memory Energy: 8203120800.000 pJ                                                      ║
║     On-chip Memory Energy: 0.000 pJ                                                                ║
║     Operations Energy:                                                                             ║
║       - Operation 0: 42187478.400 pJ                                                               ║
║       - Operation 1: 173437411.200 pJ                                                              ║
║       - Operation 2: 41857889.400 pJ                                                               ║
║       - Operation 3: 329589.900 pJ                                                                 ║
║   - Batch 57:                                                                                      ║
║     Total Energy: 8414784048.900 pJ                                                                ║
║     Off-chip Memory Energy: 8152720800.000 pJ                                                      ║
║     On-chip Memory Energy: 4250880.000 pJ                                                          ║
║     Operations Energy:                                                                             ║
║       - Operation 0: 42187478.400 pJ                                                               ║
║       - Operation 1: 173437411.200 pJ                                                              ║
║       - Operation 2: 41857889.400 pJ                                                               ║
║       - Operation 3: 329589.900 pJ                                                                 ║
║   - Batch 58:                                                                                      ║
║     Total Energy: 8460933168.900 pJ                                                                ║
║     Off-chip Memory Energy: 8203120800.000 pJ                                                      ║
║     On-chip Memory Energy: 0.000 pJ                                                                ║
║     Operations Energy:                                                                             ║
║       - Operation 0: 42187478.400 pJ                                                               ║
║       - Operation 1: 173437411.200 pJ                                                              ║
║       - Operation 2: 41857889.400 pJ                                                               ║
║       - Operation 3: 329589.900 pJ                                                                 ║
║   - Batch 59:                                                                                      ║
║     Total Energy: 8460933168.900 pJ                                                                ║
║     Off-chip Memory Energy: 8203120800.000 pJ                                                      ║
║     On-chip Memory Energy: 0.000 pJ                                                                ║
║     Operations Energy:                                                                             ║
║       - Operation 0: 42187478.400 pJ                                                               ║
║       - Operation 1: 173437411.200 pJ                                                              ║
║       - Operation 2: 41857889.400 pJ                                                               ║
║       - Operation 3: 329589.900 pJ                                                                 ║
║   - Batch 60:                                                                                      ║
║     Total Energy: 8460933168.900 pJ                                                                ║
║     Off-chip Memory Energy: 8203120800.000 pJ                                                      ║
║     On-chip Memory Energy: 0.000 pJ                                                                ║
║     Operations Energy:                                                                             ║
║       - Operation 0: 42187478.400 pJ                                                               ║
║       - Operation 1: 173437411.200 pJ                                                              ║
║       - Operation 2: 41857889.400 pJ                                                               ║
║       - Operation 3: 329589.900 pJ                                                                 ║
║   - Batch 61:                                                                                      ║
║     Total Energy: 8460933168.900 pJ                                                                ║
║     Off-chip Memory Energy: 8203120800.000 pJ                                                      ║
║     On-chip Memory Energy: 0.000 pJ                                                                ║
║     Operations Energy:                                                                             ║
║       - Operation 0: 42187478.400 pJ                                                               ║
║       - Operation 1: 173437411.200 pJ                                                              ║
║       - Operation 2: 41857889.400 pJ                                                               ║
║       - Operation 3: 329589.900 pJ                                                                 ║
║   - Batch 62:                                                                                      ║
║     Total Energy: 8460933168.900 pJ                                                                ║
║     Off-chip Memory Energy: 8203120800.000 pJ                                                      ║
║     On-chip Memory Energy: 0.000 pJ                                                                ║
║     Operations Energy:                                                                             ║
║       - Operation 0: 42187478.400 pJ                                                               ║
║       - Operation 1: 173437411.200 pJ                                                              ║
║       - Operation 2: 41857889.400 pJ                                                               ║
║       - Operation 3: 329589.900 pJ                                                                 ║
║   - Batch 63:                                                                                      ║
║     Total Energy: 8460933168.900 pJ                                                                ║
║     Off-chip Memory Energy: 8203120800.000 pJ                                                      ║
║     On-chip Memory Energy: 0.000 pJ                                                                ║
║     Operations Energy:                                                                             ║
║       - Operation 0: 42187478.400 pJ                                                               ║
║       - Operation 1: 173437411.200 pJ                                                              ║
║       - Operation 2: 41857889.400 pJ                                                               ║
║       - Operation 3: 329589.900 pJ                                                                 ║
║   - Batch 64:                                                                                      ║
║     Total Energy: 8460933168.900 pJ                                                                ║
║     Off-chip Memory Energy: 8203120800.000 pJ                                                      ║
║     On-chip Memory Energy: 0.000 pJ                                                                ║
║     Operations Energy:                                                                             ║
║       - Operation 0: 42187478.400 pJ                                                               ║
║       - Operation 1: 173437411.200 pJ                                                              ║
║       - Operation 2: 41857889.400 pJ                                                               ║
║       - Operation 3: 329589.900 pJ                                                                 ║
║   - Batch 65:                                                                                      ║
║     Total Energy: 8460933168.900 pJ                                                                ║
║     Off-chip Memory Energy: 8203120800.000 pJ                                                      ║
║     On-chip Memory Energy: 0.000 pJ                                                                ║
║     Operations Energy:                                                                             ║
║       - Operation 0: 42187478.400 pJ                                                               ║
║       - Operation 1: 173437411.200 pJ                                                              ║
║       - Operation 2: 41857889.400 pJ                                                               ║
║       - Operation 3: 329589.900 pJ                                                                 ║
║   - Batch 66:                                                                                      ║
║     Total Energy: 8460933168.900 pJ                                                                ║
║     Off-chip Memory Energy: 8203120800.000 pJ                                                      ║
║     On-chip Memory Energy: 0.000 pJ                                                                ║
║     Operations Energy:                                                                             ║
║       - Operation 0: 42187478.400 pJ                                                               ║
║       - Operation 1: 173437411.200 pJ                                                              ║
║       - Operation 2: 41857889.400 pJ                                                               ║
║       - Operation 3: 329589.900 pJ                                                                 ║
║   - Batch 67:                                                                                      ║
║     Total Energy: 8460933168.900 pJ                                                                ║
║     Off-chip Memory Energy: 8203120800.000 pJ                                                      ║
║     On-chip Memory Energy: 0.000 pJ                                                                ║
║     Operations Energy:                                                                             ║
║       - Operation 0: 42187478.400 pJ                                                               ║
║       - Operation 1: 173437411.200 pJ                                                              ║
║       - Operation 2: 41857889.400 pJ                                                               ║
║       - Operation 3: 329589.900 pJ                                                                 ║
║   - Batch 68:                                                                                      ║
║     Total Energy: 8460933168.900 pJ                                                                ║
║     Off-chip Memory Energy: 8203120800.000 pJ                                                      ║
║     On-chip Memory Energy: 0.000 pJ                                                                ║
║     Operations Energy:                                                                             ║
║       - Operation 0: 42187478.400 pJ                                                               ║
║       - Operation 1: 173437411.200 pJ                                                              ║
║       - Operation 2: 41857889.400 pJ                                                               ║
║       - Operation 3: 329589.900 pJ                                                                 ║
║   - Batch 69:                                                                                      ║
║     Total Energy: 8460933168.900 pJ                                                                ║
║     Off-chip Memory Energy: 8203120800.000 pJ                                                      ║
║     On-chip Memory Energy: 0.000 pJ                                                                ║
║     Operations Energy:                                                                             ║
║       - Operation 0: 42187478.400 pJ                                                               ║
║       - Operation 1: 173437411.200 pJ                                                              ║
║       - Operation 2: 41857889.400 pJ                                                               ║
║       - Operation 3: 329589.900 pJ                                                                 ║
║   - Batch 70:                                                                                      ║
║     Total Energy: 8460933168.900 pJ                                                                ║
║     Off-chip Memory Energy: 8203120800.000 pJ                                                      ║
║     On-chip Memory Energy: 0.000 pJ                                                                ║
║     Operations Energy:                                                                             ║
║       - Operation 0: 42187478.400 pJ                                                               ║
║       - Operation 1: 173437411.200 pJ                                                              ║
║       - Operation 2: 41857889.400 pJ                                                               ║
║       - Operation 3: 329589.900 pJ                                                                 ║
║   - Batch 71:                                                                                      ║
║     Total Energy: 8460933168.900 pJ                                                                ║
║     Off-chip Memory Energy: 8203120800.000 pJ                                                      ║
║     On-chip Memory Energy: 0.000 pJ                                                                ║
║     Operations Energy:                                                                             ║
║       - Operation 0: 42187478.400 pJ                                                               ║
║       - Operation 1: 173437411.200 pJ                                                              ║
║       - Operation 2: 41857889.400 pJ                                                               ║
║       - Operation 3: 329589.900 pJ                                                                 ║
║   - Batch 72:                                                                                      ║
║     Total Energy: 8460933168.900 pJ                                                                ║
║     Off-chip Memory Energy: 8203120800.000 pJ                                                      ║
║     On-chip Memory Energy: 0.000 pJ                                                                ║
║     Operations Energy:                                                                             ║
║       - Operation 0: 42187478.400 pJ                                                               ║
║       - Operation 1: 173437411.200 pJ                                                              ║
║       - Operation 2: 41857889.400 pJ                                                               ║
║       - Operation 3: 329589.900 pJ                                                                 ║
║   - Batch 73:                                                                                      ║
║     Total Energy: 8460933168.900 pJ                                                                ║
║     Off-chip Memory Energy: 8203120800.000 pJ                                                      ║
║     On-chip Memory Energy: 0.000 pJ                                                                ║
║     Operations Energy:                                                                             ║
║       - Operation 0: 42187478.400 pJ                                                               ║
║       - Operation 1: 173437411.200 pJ                                                              ║
║       - Operation 2: 41857889.400 pJ                                                               ║
║       - Operation 3: 329589.900 pJ                                                                 ║
║   - Batch 74:                                                                                      ║
║     Total Energy: 8460933168.900 pJ                                                                ║
║     Off-chip Memory Energy: 8203120800.000 pJ                                                      ║
║     On-chip Memory Energy: 0.000 pJ                                                                ║
║     Operations Energy:                                                                             ║
║       - Operation 0: 42187478.400 pJ                                                               ║
║       - Operation 1: 173437411.200 pJ                                                              ║
║       - Operation 2: 41857889.400 pJ                                                               ║
║       - Operation 3: 329589.900 pJ                                                                 ║
║   - Batch 75:                                                                                      ║
║     Total Energy: 8460933168.900 pJ                                                                ║
║     Off-chip Memory Energy: 8203120800.000 pJ                                                      ║
║     On-chip Memory Energy: 0.000 pJ                                                                ║
║     Operations Energy:                                                                             ║
║       - Operation 0: 42187478.400 pJ                                                               ║
║       - Operation 1: 173437411.200 pJ                                                              ║
║       - Operation 2: 41857889.400 pJ                                                               ║
║       - Operation 3: 329589.900 pJ                                                                 ║
║   - Batch 76:                                                                                      ║
║     Total Energy: 8460933168.900 pJ                                                                ║
║     Off-chip Memory Energy: 8203120800.000 pJ                                                      ║
║     On-chip Memory Energy: 0.000 pJ                                                                ║
║     Operations Energy:                                                                             ║
║       - Operation 0: 42187478.400 pJ                                                               ║
║       - Operation 1: 173437411.200 pJ                                                              ║
║       - Operation 2: 41857889.400 pJ                                                               ║
║       - Operation 3: 329589.900 pJ                                                                 ║
║   - Batch 77:                                                                                      ║
║     Total Energy: 8460933168.900 pJ                                                                ║
║     Off-chip Memory Energy: 8203120800.000 pJ                                                      ║
║     On-chip Memory Energy: 0.000 pJ                                                                ║
║     Operations Energy:                                                                             ║
║       - Operation 0: 42187478.400 pJ                                                               ║
║       - Operation 1: 173437411.200 pJ                                                              ║
║       - Operation 2: 41857889.400 pJ                                                               ║
║       - Operation 3: 329589.900 pJ                                                                 ║
║   - Batch 78:                                                                                      ║
║     Total Energy: 8460933168.900 pJ                                                                ║
║     Off-chip Memory Energy: 8203120800.000 pJ                                                      ║
║     On-chip Memory Energy: 0.000 pJ                                                                ║
║     Operations Energy:                                                                             ║
║       - Operation 0: 42187478.400 pJ                                                               ║
║       - Operation 1: 173437411.200 pJ                                                              ║
║       - Operation 2: 41857889.400 pJ                                                               ║
║       - Operation 3: 329589.900 pJ                                                                 ║
║   - Batch 79:                                                                                      ║
║     Total Energy: 8460933168.900 pJ                                                                ║
║     Off-chip Memory Energy: 8203120800.000 pJ                                                      ║
║     On-chip Memory Energy: 0.000 pJ                                                                ║
║     Operations Energy:                                                                             ║
║       - Operation 0: 42187478.400 pJ                                                               ║
║       - Operation 1: 173437411.200 pJ                                                              ║
║       - Operation 2: 41857889.400 pJ                                                               ║
║       - Operation 3: 329589.900 pJ                                                                 ║
║   - Batch 80:                                                                                      ║
║     Total Energy: 8460933168.900 pJ                                                                ║
║     Off-chip Memory Energy: 8203120800.000 pJ                                                      ║
║     On-chip Memory Energy: 0.000 pJ                                                                ║
║     Operations Energy:                                                                             ║
║       - Operation 0: 42187478.400 pJ                                                               ║
║       - Operation 1: 173437411.200 pJ                                                              ║
║       - Operation 2: 41857889.400 pJ                                                               ║
║       - Operation 3: 329589.900 pJ                                                                 ║
║   - Batch 81:                                                                                      ║
║     Total Energy: 8460933168.900 pJ                                                                ║
║     Off-chip Memory Energy: 8203120800.000 pJ                                                      ║
║     On-chip Memory Energy: 0.000 pJ                                                                ║
║     Operations Energy:                                                                             ║
║       - Operation 0: 42187478.400 pJ                                                               ║
║       - Operation 1: 173437411.200 pJ                                                              ║
║       - Operation 2: 41857889.400 pJ                                                               ║
║       - Operation 3: 329589.900 pJ                                                                 ║
║   - Batch 82:                                                                                      ║
║     Total Energy: 8460933168.900 pJ                                                                ║
║     Off-chip Memory Energy: 8203120800.000 pJ                                                      ║
║     On-chip Memory Energy: 0.000 pJ                                                                ║
║     Operations Energy:                                                                             ║
║       - Operation 0: 42187478.400 pJ                                                               ║
║       - Operation 1: 173437411.200 pJ                                                              ║
║       - Operation 2: 41857889.400 pJ                                                               ║
║       - Operation 3: 329589.900 pJ                                                                 ║
║   - Batch 83:                                                                                      ║
║     Total Energy: 8460933168.900 pJ                                                                ║
║     Off-chip Memory Energy: 8203120800.000 pJ                                                      ║
║     On-chip Memory Energy: 0.000 pJ                                                                ║
║     Operations Energy:                                                                             ║
║       - Operation 0: 42187478.400 pJ                                                               ║
║       - Operation 1: 173437411.200 pJ                                                              ║
║       - Operation 2: 41857889.400 pJ                                                               ║
║       - Operation 3: 329589.900 pJ                                                                 ║
║   - Batch 84:                                                                                      ║
║     Total Energy: 8460933168.900 pJ                                                                ║
║     Off-chip Memory Energy: 8203120800.000 pJ                                                      ║
║     On-chip Memory Energy: 0.000 pJ                                                                ║
║     Operations Energy:                                                                             ║
║       - Operation 0: 42187478.400 pJ                                                               ║
║       - Operation 1: 173437411.200 pJ                                                              ║
║       - Operation 2: 41857889.400 pJ                                                               ║
║       - Operation 3: 329589.900 pJ                                                                 ║
║   - Batch 85:                                                                                      ║
║     Total Energy: 8421844864.260 pJ                                                                ║
║     Off-chip Memory Energy: 8160432000.000 pJ                                                      ║
║     On-chip Memory Energy: 3600495.360 pJ                                                          ║
║     Operations Energy:                                                                             ║
║       - Operation 0: 42187478.400 pJ                                                               ║
║       - Operation 1: 173437411.200 pJ                                                              ║
║       - Operation 2: 41857889.400 pJ                                                               ║
║       - Operation 3: 329589.900 pJ                                                                 ║
║   - Batch 86:                                                                                      ║
║     Total Energy: 8460933168.900 pJ                                                                ║
║     Off-chip Memory Energy: 8203120800.000 pJ                                                      ║
║     On-chip Memory Energy: 0.000 pJ                                                                ║
║     Operations Energy:                                                                             ║
║       - Operation 0: 42187478.400 pJ                                                               ║
║       - Operation 1: 173437411.200 pJ                                                              ║
║       - Operation 2: 41857889.400 pJ                                                               ║
║       - Operation 3: 329589.900 pJ                                                                 ║
║   - Batch 87:                                                                                      ║
║     Total Energy: 8460933168.900 pJ                                                                ║
║     Off-chip Memory Energy: 8203120800.000 pJ                                                      ║
║     On-chip Memory Energy: 0.000 pJ                                                                ║
║     Operations Energy:                                                                             ║
║       - Operation 0: 42187478.400 pJ                                                               ║
║       - Operation 1: 173437411.200 pJ                                                              ║
║       - Operation 2: 41857889.400 pJ                                                               ║
║       - Operation 3: 329589.900 pJ                                                                 ║
║   - Batch 88:                                                                                      ║
║     Total Energy: 8460933168.900 pJ                                                                ║
║     Off-chip Memory Energy: 8203120800.000 pJ                                                      ║
║     On-chip Memory Energy: 0.000 pJ                                                                ║
║     Operations Energy:                                                                             ║
║       - Operation 0: 42187478.400 pJ                                                               ║
║       - Operation 1: 173437411.200 pJ                                                              ║
║       - Operation 2: 41857889.400 pJ                                                               ║
║       - Operation 3: 329589.900 pJ                                                                 ║
║   - Batch 89:                                                                                      ║
║     Total Energy: 8460933168.900 pJ                                                                ║
║     Off-chip Memory Energy: 8203120800.000 pJ                                                      ║
║     On-chip Memory Energy: 0.000 pJ                                                                ║
║     Operations Energy:                                                                             ║
║       - Operation 0: 42187478.400 pJ                                                               ║
║       - Operation 1: 173437411.200 pJ                                                              ║
║       - Operation 2: 41857889.400 pJ                                                               ║
║       - Operation 3: 329589.900 pJ                                                                 ║
║   - Batch 90:                                                                                      ║
║     Total Energy: 8460933168.900 pJ                                                                ║
║     Off-chip Memory Energy: 8203120800.000 pJ                                                      ║
║     On-chip Memory Energy: 0.000 pJ                                                                ║
║     Operations Energy:                                                                             ║
║       - Operation 0: 42187478.400 pJ                                                               ║
║       - Operation 1: 173437411.200 pJ                                                              ║
║       - Operation 2: 41857889.400 pJ                                                               ║
║       - Operation 3: 329589.900 pJ                                                                 ║
║   - Batch 91:                                                                                      ║
║     Total Energy: 8460933168.900 pJ                                                                ║
║     Off-chip Memory Energy: 8203120800.000 pJ                                                      ║
║     On-chip Memory Energy: 0.000 pJ                                                                ║
║     Operations Energy:                                                                             ║
║       - Operation 0: 42187478.400 pJ                                                               ║
║       - Operation 1: 173437411.200 pJ                                                              ║
║       - Operation 2: 41857889.400 pJ                                                               ║
║       - Operation 3: 329589.900 pJ                                                                 ║
║   - Batch 92:                                                                                      ║
║     Total Energy: 8460933168.900 pJ                                                                ║
║     Off-chip Memory Energy: 8203120800.000 pJ                                                      ║
║     On-chip Memory Energy: 0.000 pJ                                                                ║
║     Operations Energy:                                                                             ║
║       - Operation 0: 42187478.400 pJ                                                               ║
║       - Operation 1: 173437411.200 pJ                                                              ║
║       - Operation 2: 41857889.400 pJ                                                               ║
║       - Operation 3: 329589.900 pJ                                                                 ║
║   - Batch 93:                                                                                      ║
║     Total Energy: 8460933168.900 pJ                                                                ║
║     Off-chip Memory Energy: 8203120800.000 pJ                                                      ║
║     On-chip Memory Energy: 0.000 pJ                                                                ║
║     Operations Energy:                                                                             ║
║       - Operation 0: 42187478.400 pJ                                                               ║
║       - Operation 1: 173437411.200 pJ                                                              ║
║       - Operation 2: 41857889.400 pJ                                                               ║
║       - Operation 3: 329589.900 pJ                                                                 ║
║   - Batch 94:                                                                                      ║
║     Total Energy: 8460933168.900 pJ                                                                ║
║     Off-chip Memory Energy: 8203120800.000 pJ                                                      ║
║     On-chip Memory Energy: 0.000 pJ                                                                ║
║     Operations Energy:                                                                             ║
║       - Operation 0: 42187478.400 pJ                                                               ║
║       - Operation 1: 173437411.200 pJ                                                              ║
║       - Operation 2: 41857889.400 pJ                                                               ║
║       - Operation 3: 329589.900 pJ                                                                 ║
║   - Batch 95:                                                                                      ║
║     Total Energy: 8460933168.900 pJ                                                                ║
║     Off-chip Memory Energy: 8203120800.000 pJ                                                      ║
║     On-chip Memory Energy: 0.000 pJ                                                                ║
║     Operations Energy:                                                                             ║
║       - Operation 0: 42187478.400 pJ                                                               ║
║       - Operation 1: 173437411.200 pJ                                                              ║
║       - Operation 2: 41857889.400 pJ                                                               ║
║       - Operation 3: 329589.900 pJ                                                                 ║
║   - Batch 96:                                                                                      ║
║     Total Energy: 8460933168.900 pJ                                                                ║
║     Off-chip Memory Energy: 8203120800.000 pJ                                                      ║
║     On-chip Memory Energy: 0.000 pJ                                                                ║
║     Operations Energy:                                                                             ║
║       - Operation 0: 42187478.400 pJ                                                               ║
║       - Operation 1: 173437411.200 pJ                                                              ║
║       - Operation 2: 41857889.400 pJ                                                               ║
║       - Operation 3: 329589.900 pJ                                                                 ║
║   - Batch 97:                                                                                      ║
║     Total Energy: 8460933168.900 pJ                                                                ║
║     Off-chip Memory Energy: 8203120800.000 pJ                                                      ║
║     On-chip Memory Energy: 0.000 pJ                                                                ║
║     Operations Energy:                                                                             ║
║       - Operation 0: 42187478.400 pJ                                                               ║
║       - Operation 1: 173437411.200 pJ                                                              ║
║       - Operation 2: 41857889.400 pJ                                                               ║
║       - Operation 3: 329589.900 pJ                                                                 ║
║   - Batch 98:                                                                                      ║
║     Total Energy: 8460933168.900 pJ                                                                ║
║     Off-chip Memory Energy: 8203120800.000 pJ                                                      ║
║     On-chip Memory Energy: 0.000 pJ                                                                ║
║     Operations Energy:                                                                             ║
║       - Operation 0: 42187478.400 pJ                                                               ║
║       - Operation 1: 173437411.200 pJ                                                              ║
║       - Operation 2: 41857889.400 pJ                                                               ║
║       - Operation 3: 329589.900 pJ                                                                 ║
║   - Batch 99:                                                                                      ║
║     Total Energy: 8460933168.900 pJ                                                                ║
║     Off-chip Memory Energy: 8203120800.000 pJ                                                      ║
║     On-chip Memory Energy: 0.000 pJ                                                                ║
║     Operations Energy:                                                                             ║
║       - Operation 0: 42187478.400 pJ                                                               ║
║       - Operation 1: 173437411.200 pJ                                                              ║
║       - Operation 2: 41857889.400 pJ                                                               ║
║       - Operation 3: 329589.900 pJ                                                                 ║
║   - Batch 100:                                                                                     ║
║     Total Energy: 5945775362.820 pJ                                                                ║
║     Off-chip Memory Energy: 5456287200.000 pJ                                                      ║
║     On-chip Memory Energy: 231675793.920 pJ                                                        ║
║     Operations Energy:                                                                             ║
║       - Operation 0: 42187478.400 pJ                                                               ║
║       - Operation 1: 173437411.200 pJ                                                              ║
║       - Operation 2: 41857889.400 pJ                                                               ║
║       - Operation 3: 329589.900 pJ                                                                 ║
║   - Batch 101:                                                                                     ║
║     Total Energy: 7819075824.900 pJ                                                                ║
║     Off-chip Memory Energy: 7502140800.000 pJ                                                      ║
║     On-chip Memory Energy: 59122656.000 pJ                                                         ║
║     Operations Energy:                                                                             ║
║       - Operation 0: 42187478.400 pJ                                                               ║
║       - Operation 1: 173437411.200 pJ                                                              ║
║       - Operation 2: 41857889.400 pJ                                                               ║
║       - Operation 3: 329589.900 pJ                                                                 ║
║   - Batch 102:                                                                                     ║
║     Total Energy: 8460933168.900 pJ                                                                ║
║     Off-chip Memory Energy: 8203120800.000 pJ                                                      ║
║     On-chip Memory Energy: 0.000 pJ                                                                ║
║     Operations Energy:                                                                             ║
║       - Operation 0: 42187478.400 pJ                                                               ║
║       - Operation 1: 173437411.200 pJ                                                              ║
║       - Operation 2: 41857889.400 pJ                                                               ║
║       - Operation 3: 329589.900 pJ                                                                 ║
║   - Batch 103:                                                                                     ║
║     Total Energy: 4421823739.140 pJ                                                                ║
║     Off-chip Memory Energy: 3791961600.000 pJ                                                      ║
║     On-chip Memory Energy: 372049770.240 pJ                                                        ║
║     Operations Energy:                                                                             ║
║       - Operation 0: 42187478.400 pJ                                                               ║
║       - Operation 1: 173437411.200 pJ                                                              ║
║       - Operation 2: 41857889.400 pJ                                                               ║
║       - Operation 3: 329589.900 pJ                                                                 ║
║   - Batch 104:                                                                                     ║
║     Total Energy: 7123285542.660 pJ                                                                ║
║     Off-chip Memory Energy: 6742260000.000 pJ                                                      ║
║     On-chip Memory Energy: 123213173.760 pJ                                                        ║
║     Operations Energy:                                                                             ║
║       - Operation 0: 42187478.400 pJ                                                               ║
║       - Operation 1: 173437411.200 pJ                                                              ║
║       - Operation 2: 41857889.400 pJ                                                               ║
║       - Operation 3: 329589.900 pJ                                                                 ║
║   - Batch 105:                                                                                     ║
║     Total Energy: 8460933168.900 pJ                                                                ║
║     Off-chip Memory Energy: 8203120800.000 pJ                                                      ║
║     On-chip Memory Energy: 0.000 pJ                                                                ║
║     Operations Energy:                                                                             ║
║       - Operation 0: 42187478.400 pJ                                                               ║
║       - Operation 1: 173437411.200 pJ                                                              ║
║       - Operation 2: 41857889.400 pJ                                                               ║
║       - Operation 3: 329589.900 pJ                                                                 ║
║   - Batch 106:                                                                                     ║
║     Total Energy: 7458805028.100 pJ                                                                ║
║     Off-chip Memory Energy: 7108684800.000 pJ                                                      ║
║     On-chip Memory Energy: 92307859.200 pJ                                                         ║
║     Operations Energy:                                                                             ║
║       - Operation 0: 42187478.400 pJ                                                               ║
║       - Operation 1: 173437411.200 pJ                                                              ║
║       - Operation 2: 41857889.400 pJ                                                               ║
║       - Operation 3: 329589.900 pJ                                                                 ║
║   - Batch 107:                                                                                     ║
║     Total Energy: 5130520391.940 pJ                                                                ║
║     Off-chip Memory Energy: 4565937600.000 pJ                                                      ║
║     On-chip Memory Energy: 306770423.040 pJ                                                        ║
║     Operations Energy:                                                                             ║
║       - Operation 0: 42187478.400 pJ                                                               ║
║       - Operation 1: 173437411.200 pJ                                                              ║
║       - Operation 2: 41857889.400 pJ                                                               ║
║       - Operation 3: 329589.900 pJ                                                                 ║
║   - Batch 108:                                                                                     ║
║     Total Energy: 7416717030.660 pJ                                                                ║
║     Off-chip Memory Energy: 7062720000.000 pJ                                                      ║
║     On-chip Memory Energy: 96184661.760 pJ                                                         ║
║     Operations Energy:                                                                             ║
║       - Operation 0: 42187478.400 pJ                                                               ║
║       - Operation 1: 173437411.200 pJ                                                              ║
║       - Operation 2: 41857889.400 pJ                                                               ║
║       - Operation 3: 329589.900 pJ                                                                 ║
║   - Batch 109:                                                                                     ║
║     Total Energy: 8460933168.900 pJ                                                                ║
║     Off-chip Memory Energy: 8203120800.000 pJ                                                      ║
║     On-chip Memory Energy: 0.000 pJ                                                                ║
║     Operations Energy:                                                                             ║
║       - Operation 0: 42187478.400 pJ                                                               ║
║       - Operation 1: 173437411.200 pJ                                                              ║
║       - Operation 2: 41857889.400 pJ                                                               ║
║       - Operation 3: 329589.900 pJ                                                                 ║
║   - Batch 110:                                                                                     ║
║     Total Energy: 8460933168.900 pJ                                                                ║
║     Off-chip Memory Energy: 8203120800.000 pJ                                                      ║
║     On-chip Memory Energy: 0.000 pJ                                                                ║
║     Operations Energy:                                                                             ║
║       - Operation 0: 42187478.400 pJ                                                               ║
║       - Operation 1: 173437411.200 pJ                                                              ║
║       - Operation 2: 41857889.400 pJ                                                               ║
║       - Operation 3: 329589.900 pJ                                                                 ║
║   - Batch 111:                                                                                     ║
║     Total Energy: 5758994491.140 pJ                                                                ║
║     Off-chip Memory Energy: 5252301600.000 pJ                                                      ║
║     On-chip Memory Energy: 248880522.240 pJ                                                        ║
║     Operations Energy:                                                                             ║
║       - Operation 0: 42187478.400 pJ                                                               ║
║       - Operation 1: 173437411.200 pJ                                                              ║
║       - Operation 2: 41857889.400 pJ                                                               ║
║       - Operation 3: 329589.900 pJ                                                                 ║
║   - Batch 112:                                                                                     ║
║     Total Energy: 5959389353.220 pJ                                                                ║
║     Off-chip Memory Energy: 5471155200.000 pJ                                                      ║
║     On-chip Memory Energy: 230421784.320 pJ                                                        ║
║     Operations Energy:                                                                             ║
║       - Operation 0: 42187478.400 pJ                                                               ║
║       - Operation 1: 173437411.200 pJ                                                              ║
║       - Operation 2: 41857889.400 pJ                                                               ║
║       - Operation 3: 329589.900 pJ                                                                 ║
║   - Batch 113:                                                                                     ║
║     Total Energy: 4515721815.300 pJ                                                                ║
║     Off-chip Memory Energy: 3894508800.000 pJ                                                      ║
║     On-chip Memory Energy: 363400646.400 pJ                                                        ║
║     Operations Energy:                                                                             ║
║       - Operation 0: 42187478.400 pJ                                                               ║
║       - Operation 1: 173437411.200 pJ                                                              ║
║       - Operation 2: 41857889.400 pJ                                                               ║
║       - Operation 3: 329589.900 pJ                                                                 ║
║   - Batch 114:                                                                                     ║
║     Total Energy: 6856112903.940 pJ                                                                ║
║     Off-chip Memory Energy: 6450477600.000 pJ                                                      ║
║     On-chip Memory Energy: 147822935.040 pJ                                                        ║
║     Operations Energy:                                                                             ║
║       - Operation 0: 42187478.400 pJ                                                               ║
║       - Operation 1: 173437411.200 pJ                                                              ║
║       - Operation 2: 41857889.400 pJ                                                               ║
║       - Operation 3: 329589.900 pJ                                                                 ║
║   - Batch 115:                                                                                     ║
║     Total Energy: 8460933168.900 pJ                                                                ║
║     Off-chip Memory Energy: 8203120800.000 pJ                                                      ║
║     On-chip Memory Energy: 0.000 pJ                                                                ║
║     Operations Energy:                                                                             ║
║       - Operation 0: 42187478.400 pJ                                                               ║
║       - Operation 1: 173437411.200 pJ                                                              ║
║       - Operation 2: 41857889.400 pJ                                                               ║
║       - Operation 3: 329589.900 pJ                                                                 ║
║   - Batch 116:                                                                                     ║
║     Total Energy: 8460933168.900 pJ                                                                ║
║     Off-chip Memory Energy: 8203120800.000 pJ                                                      ║
║     On-chip Memory Energy: 0.000 pJ                                                                ║
║     Operations Energy:                                                                             ║
║       - Operation 0: 42187478.400 pJ                                                               ║
║       - Operation 1: 173437411.200 pJ                                                              ║
║       - Operation 2: 41857889.400 pJ                                                               ║
║       - Operation 3: 329589.900 pJ                                                                 ║
║   - Batch 117:                                                                                     ║
║     Total Energy: 4826966863.620 pJ                                                                ║
║     Off-chip Memory Energy: 4234423200.000 pJ                                                      ║
║     On-chip Memory Energy: 334731294.720 pJ                                                        ║
║     Operations Energy:                                                                             ║
║       - Operation 0: 42187478.400 pJ                                                               ║
║       - Operation 1: 173437411.200 pJ                                                              ║
║       - Operation 2: 41857889.400 pJ                                                               ║
║       - Operation 3: 329589.900 pJ                                                                 ║
║   - Batch 118:                                                                                     ║
║     Total Energy: 6171229197.060 pJ                                                                ║
║     Off-chip Memory Energy: 5702508000.000 pJ                                                      ║
║     On-chip Memory Energy: 210908828.160 pJ                                                        ║
║     Operations Energy:                                                                             ║
║       - Operation 0: 42187478.400 pJ                                                               ║
║       - Operation 1: 173437411.200 pJ                                                              ║
║       - Operation 2: 41857889.400 pJ                                                               ║
║       - Operation 3: 329589.900 pJ                                                                 ║
║   - Batch 119:                                                                                     ║
║     Total Energy: 4787570898.180 pJ                                                                ║
║     Off-chip Memory Energy: 4191398400.000 pJ                                                      ║
║     On-chip Memory Energy: 338360129.280 pJ                                                        ║
║     Operations Energy:                                                                             ║
║       - Operation 0: 42187478.400 pJ                                                               ║
║       - Operation 1: 173437411.200 pJ                                                              ║
║       - Operation 2: 41857889.400 pJ                                                               ║
║       - Operation 3: 329589.900 pJ                                                                 ║
║   - Batch 120:                                                                                     ║
║     Total Energy: 4981474117.380 pJ                                                                ║
║     Off-chip Memory Energy: 4403162400.000 pJ                                                      ║
║     On-chip Memory Energy: 320499348.480 pJ                                                        ║
║     Operations Energy:                                                                             ║
║       - Operation 0: 42187478.400 pJ                                                               ║
║       - Operation 1: 173437411.200 pJ                                                              ║
║       - Operation 2: 41857889.400 pJ                                                               ║
║       - Operation 3: 329589.900 pJ                                                                 ║
║   - Batch 121:                                                                                     ║
║     Total Energy: 5898964772.100 pJ                                                                ║
║     Off-chip Memory Energy: 5405164800.000 pJ                                                      ║
║     On-chip Memory Energy: 235987603.200 pJ                                                        ║
║     Operations Energy:                                                                             ║
║       - Operation 0: 42187478.400 pJ                                                               ║
║       - Operation 1: 173437411.200 pJ                                                              ║
║       - Operation 2: 41857889.400 pJ                                                               ║
║       - Operation 3: 329589.900 pJ                                                                 ║
║   - Batch 122:                                                                                     ║
║     Total Energy: 7969121997.060 pJ                                                                ║
║     Off-chip Memory Energy: 7666008000.000 pJ                                                      ║
║     On-chip Memory Energy: 45301628.160 pJ                                                         ║
║     Operations Energy:                                                                             ║
║       - Operation 0: 42187478.400 pJ                                                               ║
║       - Operation 1: 173437411.200 pJ                                                              ║
║       - Operation 2: 41857889.400 pJ                                                               ║
║       - Operation 3: 329589.900 pJ                                                                 ║
║   - Batch 123:                                                                                     ║
║     Total Energy: 8460933168.900 pJ                                                                ║
║     Off-chip Memory Energy: 8203120800.000 pJ                                                      ║
║     On-chip Memory Energy: 0.000 pJ                                                                ║
║     Operations Energy:                                                                             ║
║       - Operation 0: 42187478.400 pJ                                                               ║
║       - Operation 1: 173437411.200 pJ                                                              ║
║       - Operation 2: 41857889.400 pJ                                                               ║
║       - Operation 3: 329589.900 pJ                                                                 ║
║   - Batch 124:                                                                                     ║
║     Total Energy: 8460933168.900 pJ                                                                ║
║     Off-chip Memory Energy: 8203120800.000 pJ                                                      ║
║     On-chip Memory Energy: 0.000 pJ                                                                ║
║     Operations Energy:                                                                             ║
║       - Operation 0: 42187478.400 pJ                                                               ║
║       - Operation 1: 173437411.200 pJ                                                              ║
║       - Operation 2: 41857889.400 pJ                                                               ║
║       - Operation 3: 329589.900 pJ                                                                 ║
║   - Batch 125:                                                                                     ║
║     Total Energy: 4431145861.380 pJ                                                                ║
║     Off-chip Memory Energy: 3802142400.000 pJ                                                      ║
║     On-chip Memory Energy: 371191092.480 pJ                                                        ║
║     Operations Energy:                                                                             ║
║       - Operation 0: 42187478.400 pJ                                                               ║
║       - Operation 1: 173437411.200 pJ                                                              ║
║       - Operation 2: 41857889.400 pJ                                                               ║
║       - Operation 3: 329589.900 pJ                                                                 ║
║   - Batch 126:                                                                                     ║
║     Total Energy: 7113963420.420 pJ                                                                ║
║     Off-chip Memory Energy: 6732079200.000 pJ                                                      ║
║     On-chip Memory Energy: 124071851.520 pJ                                                        ║
║     Operations Energy:                                                                             ║
║       - Operation 0: 42187478.400 pJ                                                               ║
║       - Operation 1: 173437411.200 pJ                                                              ║
║       - Operation 2: 41857889.400 pJ                                                               ║
║       - Operation 3: 329589.900 pJ                                                                 ║
║   - Batch 127:                                                                                     ║
║     Total Energy: 8460933168.900 pJ                                                                ║
║     Off-chip Memory Energy: 8203120800.000 pJ                                                      ║
║     On-chip Memory Energy: 0.000 pJ                                                                ║
║     Operations Energy:                                                                             ║
║       - Operation 0: 42187478.400 pJ                                                               ║
║       - Operation 1: 173437411.200 pJ                                                              ║
║       - Operation 2: 41857889.400 pJ                                                               ║
║       - Operation 3: 329589.900 pJ                                                                 ║
║   - Batch 128:                                                                                     ║
║     Total Energy: 4431145861.380 pJ                                                                ║
║     Off-chip Memory Energy: 3802142400.000 pJ                                                      ║
║     On-chip Memory Energy: 371191092.480 pJ                                                        ║
║     Operations Energy:                                                                             ║
║       - Operation 0: 42187478.400 pJ                                                               ║
║       - Operation 1: 173437411.200 pJ                                                              ║
║       - Operation 2: 41857889.400 pJ                                                               ║
║       - Operation 3: 329589.900 pJ                                                                 ║
║   - Batch 129:                                                                                     ║
║     Total Energy: 7113963420.420 pJ                                                                ║
║     Off-chip Memory Energy: 6732079200.000 pJ                                                      ║
║     On-chip Memory Energy: 124071851.520 pJ                                                        ║
║     Operations Energy:                                                                             ║
║       - Operation 0: 42187478.400 pJ                                                               ║
║       - Operation 1: 173437411.200 pJ                                                              ║
║       - Operation 2: 41857889.400 pJ                                                               ║
║       - Operation 3: 329589.900 pJ                                                                 ║
║   - Batch 130:                                                                                     ║
║     Total Energy: 8460933168.900 pJ                                                                ║
║     Off-chip Memory Energy: 8203120800.000 pJ                                                      ║
║     On-chip Memory Energy: 0.000 pJ                                                                ║
║     Operations Energy:                                                                             ║
║       - Operation 0: 42187478.400 pJ                                                               ║
║       - Operation 1: 173437411.200 pJ                                                              ║
║       - Operation 2: 41857889.400 pJ                                                               ║
║       - Operation 3: 329589.900 pJ                                                                 ║
║   - Batch 131:                                                                                     ║
║     Total Energy: 6241191262.980 pJ                                                                ║
║     Off-chip Memory Energy: 5778914400.000 pJ                                                      ║
║     On-chip Memory Energy: 204464494.080 pJ                                                        ║
║     Operations Energy:                                                                             ║
║       - Operation 0: 42187478.400 pJ                                                               ║
║       - Operation 1: 173437411.200 pJ                                                              ║
║       - Operation 2: 41857889.400 pJ                                                               ║
║       - Operation 3: 329589.900 pJ                                                                 ║
║   - Batch 132:                                                                                     ║
║     Total Energy: 5914101683.460 pJ                                                                ║
║     Off-chip Memory Energy: 5421696000.000 pJ                                                      ║
║     On-chip Memory Energy: 234593314.560 pJ                                                        ║
║     Operations Energy:                                                                             ║
║       - Operation 0: 42187478.400 pJ                                                               ║
║       - Operation 1: 173437411.200 pJ                                                              ║
║       - Operation 2: 41857889.400 pJ                                                               ║
║       - Operation 3: 329589.900 pJ                                                                 ║
║   - Batch 133:                                                                                     ║
║     Total Energy: 7850749504.260 pJ                                                                ║
║     Off-chip Memory Energy: 7536732000.000 pJ                                                      ║
║     On-chip Memory Energy: 56205135.360 pJ                                                         ║
║     Operations Energy:                                                                             ║
║       - Operation 0: 42187478.400 pJ                                                               ║
║       - Operation 1: 173437411.200 pJ                                                              ║
║       - Operation 2: 41857889.400 pJ                                                               ║
║       - Operation 3: 329589.900 pJ                                                                 ║
║   - Batch 134:                                                                                     ║
║     Total Energy: 5484053417.220 pJ                                                                ║
║     Off-chip Memory Energy: 4952035200.000 pJ                                                      ║
║     On-chip Memory Energy: 274205848.320 pJ                                                        ║
║     Operations Energy:                                                                             ║
║       - Operation 0: 42187478.400 pJ                                                               ║
║       - Operation 1: 173437411.200 pJ                                                              ║
║       - Operation 2: 41857889.400 pJ                                                               ║
║       - Operation 3: 329589.900 pJ                                                                 ║
║   - Batch 135:                                                                                     ║
║     Total Energy: 6150046750.980 pJ                                                                ║
║     Off-chip Memory Energy: 5679374400.000 pJ                                                      ║
║     On-chip Memory Energy: 212859982.080 pJ                                                        ║
║     Operations Energy:                                                                             ║
║       - Operation 0: 42187478.400 pJ                                                               ║
║       - Operation 1: 173437411.200 pJ                                                              ║
║       - Operation 2: 41857889.400 pJ                                                               ║
║       - Operation 3: 329589.900 pJ                                                                 ║
║   - Batch 136:                                                                                     ║
║     Total Energy: 4407625193.220 pJ                                                                ║
║     Off-chip Memory Energy: 3776455200.000 pJ                                                      ║
║     On-chip Memory Energy: 373357624.320 pJ                                                        ║
║     Operations Energy:                                                                             ║
║       - Operation 0: 42187478.400 pJ                                                               ║
║       - Operation 1: 173437411.200 pJ                                                              ║
║       - Operation 2: 41857889.400 pJ                                                               ║
║       - Operation 3: 329589.900 pJ                                                                 ║
║   - Batch 137:                                                                                     ║
║     Total Energy: 7048493202.180 pJ                                                                ║
║     Off-chip Memory Energy: 6660578400.000 pJ                                                      ║
║     On-chip Memory Energy: 130102433.280 pJ                                                        ║
║     Operations Energy:                                                                             ║
║       - Operation 0: 42187478.400 pJ                                                               ║
║       - Operation 1: 173437411.200 pJ                                                              ║
║       - Operation 2: 41857889.400 pJ                                                               ║
║       - Operation 3: 329589.900 pJ                                                                 ║
║   - Batch 138:                                                                                     ║
║     Total Energy: 8460933168.900 pJ                                                                ║
║     Off-chip Memory Energy: 8203120800.000 pJ                                                      ║
║     On-chip Memory Energy: 0.000 pJ                                                                ║
║     Operations Energy:                                                                             ║
║       - Operation 0: 42187478.400 pJ                                                               ║
║       - Operation 1: 173437411.200 pJ                                                              ║
║       - Operation 2: 41857889.400 pJ                                                               ║
║       - Operation 3: 329589.900 pJ                                                                 ║
║   - Batch 139:                                                                                     ║
║     Total Energy: 8460933168.900 pJ                                                                ║
║     Off-chip Memory Energy: 8203120800.000 pJ                                                      ║
║     On-chip Memory Energy: 0.000 pJ                                                                ║
║     Operations Energy:                                                                             ║
║       - Operation 0: 42187478.400 pJ                                                               ║
║       - Operation 1: 173437411.200 pJ                                                              ║
║       - Operation 2: 41857889.400 pJ                                                               ║
║       - Operation 3: 329589.900 pJ                                                                 ║
║   - Batch 140:                                                                                     ║
║     Total Energy: 8460933168.900 pJ                                                                ║
║     Off-chip Memory Energy: 8203120800.000 pJ                                                      ║
║     On-chip Memory Energy: 0.000 pJ                                                                ║
║     Operations Energy:                                                                             ║
║       - Operation 0: 42187478.400 pJ                                                               ║
║       - Operation 1: 173437411.200 pJ                                                              ║
║       - Operation 2: 41857889.400 pJ                                                               ║
║       - Operation 3: 329589.900 pJ                                                                 ║
║   - Batch 141:                                                                                     ║
║     Total Energy: 8460933168.900 pJ                                                                ║
║     Off-chip Memory Energy: 8203120800.000 pJ                                                      ║
║     On-chip Memory Energy: 0.000 pJ                                                                ║
║     Operations Energy:                                                                             ║
║       - Operation 0: 42187478.400 pJ                                                               ║
║       - Operation 1: 173437411.200 pJ                                                              ║
║       - Operation 2: 41857889.400 pJ                                                               ║
║       - Operation 3: 329589.900 pJ                                                                 ║
║   - Batch 142:                                                                                     ║
║     Total Energy: 6428325944.580 pJ                                                                ║
║     Off-chip Memory Energy: 5983286400.000 pJ                                                      ║
║     On-chip Memory Energy: 187227175.680 pJ                                                        ║
║     Operations Energy:                                                                             ║
║       - Operation 0: 42187478.400 pJ                                                               ║
║       - Operation 1: 173437411.200 pJ                                                              ║
║       - Operation 2: 41857889.400 pJ                                                               ║
║       - Operation 3: 329589.900 pJ                                                                 ║
║   - Batch 143:                                                                                     ║
║     Total Energy: 5945775362.820 pJ                                                                ║
║     Off-chip Memory Energy: 5456287200.000 pJ                                                      ║
║     On-chip Memory Energy: 231675793.920 pJ                                                        ║
║     Operations Energy:                                                                             ║
║       - Operation 0: 42187478.400 pJ                                                               ║
║       - Operation 1: 173437411.200 pJ                                                              ║
║       - Operation 2: 41857889.400 pJ                                                               ║
║       - Operation 3: 329589.900 pJ                                                                 ║
║   - Batch 144:                                                                                     ║
║     Total Energy: 4619588101.380 pJ                                                                ║
║     Off-chip Memory Energy: 4007942400.000 pJ                                                      ║
║     On-chip Memory Energy: 353833332.480 pJ                                                        ║
║     Operations Energy:                                                                             ║
║       - Operation 0: 42187478.400 pJ                                                               ║
║       - Operation 1: 173437411.200 pJ                                                              ║
║       - Operation 2: 41857889.400 pJ                                                               ║
║       - Operation 3: 329589.900 pJ                                                                 ║
║   - Batch 145:                                                                                     ║
║     Total Energy: 6185520041.220 pJ                                                                ║
║     Off-chip Memory Energy: 5718115200.000 pJ                                                      ║
║     On-chip Memory Energy: 209592472.320 pJ                                                        ║
║     Operations Energy:                                                                             ║
║       - Operation 0: 42187478.400 pJ                                                               ║
║       - Operation 1: 173437411.200 pJ                                                              ║
║       - Operation 2: 41857889.400 pJ                                                               ║
║       - Operation 3: 329589.900 pJ                                                                 ║
║   - Batch 146:                                                                                     ║
║     Total Energy: 8371942282.500 pJ                                                                ║
║     Off-chip Memory Energy: 8105932800.000 pJ                                                      ║
║     On-chip Memory Energy: 8197113.600 pJ                                                          ║
║     Operations Energy:                                                                             ║
║       - Operation 0: 42187478.400 pJ                                                               ║
║       - Operation 1: 173437411.200 pJ                                                              ║
║       - Operation 2: 41857889.400 pJ                                                               ║
║       - Operation 3: 329589.900 pJ                                                                 ║
║   - Batch 147:                                                                                     ║
║     Total Energy: 4966398738.180 pJ                                                                ║
║     Off-chip Memory Energy: 4386698400.000 pJ                                                      ║
║     On-chip Memory Energy: 321887969.280 pJ                                                        ║
║     Operations Energy:                                                                             ║
║       - Operation 0: 42187478.400 pJ                                                               ║
║       - Operation 1: 173437411.200 pJ                                                              ║
║       - Operation 2: 41857889.400 pJ                                                               ║
║       - Operation 3: 329589.900 pJ                                                                 ║
║   - Batch 148:                                                                                     ║
║     Total Energy: 6578710543.620 pJ                                                                ║
║     Off-chip Memory Energy: 6147523200.000 pJ                                                      ║
║     On-chip Memory Energy: 173374974.720 pJ                                                        ║
║     Operations Energy:                                                                             ║
║       - Operation 0: 42187478.400 pJ                                                               ║
║       - Operation 1: 173437411.200 pJ                                                              ║
║       - Operation 2: 41857889.400 pJ                                                               ║
║       - Operation 3: 329589.900 pJ                                                                 ║
║   - Batch 149:                                                                                     ║
║     Total Energy: 7925249566.980 pJ                                                                ║
║     Off-chip Memory Energy: 7618094400.000 pJ                                                      ║
║     On-chip Memory Energy: 49342798.080 pJ                                                         ║
║     Operations Energy:                                                                             ║
║       - Operation 0: 42187478.400 pJ                                                               ║
║       - Operation 1: 173437411.200 pJ                                                              ║
║       - Operation 2: 41857889.400 pJ                                                               ║
║       - Operation 3: 329589.900 pJ                                                                 ║
║   - Batch 150:                                                                                     ║
║     Total Energy: 4776341278.980 pJ                                                                ║
║     Off-chip Memory Energy: 4179134400.000 pJ                                                      ║
║     On-chip Memory Energy: 339394510.080 pJ                                                        ║
║     Operations Energy:                                                                             ║
║       - Operation 0: 42187478.400 pJ                                                               ║
║       - Operation 1: 173437411.200 pJ                                                              ║
║       - Operation 2: 41857889.400 pJ                                                               ║
║       - Operation 3: 329589.900 pJ                                                                 ║
║   - Batch 151:                                                                                     ║
║     Total Energy: 7304451604.740 pJ                                                                ║
║     Off-chip Memory Energy: 6940113600.000 pJ                                                      ║
║     On-chip Memory Energy: 106525635.840 pJ                                                        ║
║     Operations Energy:                                                                             ║
║       - Operation 0: 42187478.400 pJ                                                               ║
║       - Operation 1: 173437411.200 pJ                                                              ║
║       - Operation 2: 41857889.400 pJ                                                               ║
║       - Operation 3: 329589.900 pJ                                                                 ║
║   - Batch 152:                                                                                     ║
║     Total Energy: 8460933168.900 pJ                                                                ║
║     Off-chip Memory Energy: 8203120800.000 pJ                                                      ║
║     On-chip Memory Energy: 0.000 pJ                                                                ║
║     Operations Energy:                                                                             ║
║       - Operation 0: 42187478.400 pJ                                                               ║
║       - Operation 1: 173437411.200 pJ                                                              ║
║       - Operation 2: 41857889.400 pJ                                                               ║
║       - Operation 3: 329589.900 pJ                                                                 ║
║   - Batch 153:                                                                                     ║
║     Total Energy: 7430238722.820 pJ                                                                ║
║     Off-chip Memory Energy: 7077487200.000 pJ                                                      ║
║     On-chip Memory Energy: 94939153.920 pJ                                                         ║
║     Operations Energy:                                                                             ║
║       - Operation 0: 42187478.400 pJ                                                               ║
║       - Operation 1: 173437411.200 pJ                                                              ║
║       - Operation 2: 41857889.400 pJ                                                               ║
║       - Operation 3: 329589.900 pJ                                                                 ║
║   - Batch 154:                                                                                     ║
║     Total Energy: 5126720781.060 pJ                                                                ║
║     Off-chip Memory Energy: 4561788000.000 pJ                                                      ║
║     On-chip Memory Energy: 307120412.160 pJ                                                        ║
║     Operations Energy:                                                                             ║
║       - Operation 0: 42187478.400 pJ                                                               ║
║       - Operation 1: 173437411.200 pJ                                                              ║
║       - Operation 2: 41857889.400 pJ                                                               ║
║       - Operation 3: 329589.900 pJ                                                                 ║
║   - Batch 155:                                                                                     ║
║     Total Energy: 5052543762.180 pJ                                                                ║
║     Off-chip Memory Energy: 4480778400.000 pJ                                                      ║
║     On-chip Memory Energy: 313952993.280 pJ                                                        ║
║     Operations Energy:                                                                             ║
║       - Operation 0: 42187478.400 pJ                                                               ║
║       - Operation 1: 173437411.200 pJ                                                              ║
║       - Operation 2: 41857889.400 pJ                                                               ║
║       - Operation 3: 329589.900 pJ                                                                 ║
║   - Batch 156:                                                                                     ║
║     Total Energy: 5706322962.180 pJ                                                                ║
║     Off-chip Memory Energy: 5194778400.000 pJ                                                      ║
║     On-chip Memory Energy: 253732193.280 pJ                                                        ║
║     Operations Energy:                                                                             ║
║       - Operation 0: 42187478.400 pJ                                                               ║
║       - Operation 1: 173437411.200 pJ                                                              ║
║       - Operation 2: 41857889.400 pJ                                                               ║
║       - Operation 3: 329589.900 pJ                                                                 ║
║   - Batch 157:                                                                                     ║
║     Total Energy: 8235325504.260 pJ                                                                ║
║     Off-chip Memory Energy: 7956732000.000 pJ                                                      ║
║     On-chip Memory Energy: 20781135.360 pJ                                                         ║
║     Operations Energy:                                                                             ║
║       - Operation 0: 42187478.400 pJ                                                               ║
║       - Operation 1: 173437411.200 pJ                                                              ║
║       - Operation 2: 41857889.400 pJ                                                               ║
║       - Operation 3: 329589.900 pJ                                                                 ║
║   - Batch 158:                                                                                     ║
║     Total Energy: 8460933168.900 pJ                                                                ║
║     Off-chip Memory Energy: 8203120800.000 pJ                                                      ║
║     On-chip Memory Energy: 0.000 pJ                                                                ║
║     Operations Energy:                                                                             ║
║       - Operation 0: 42187478.400 pJ                                                               ║
║       - Operation 1: 173437411.200 pJ                                                              ║
║       - Operation 2: 41857889.400 pJ                                                               ║
║       - Operation 3: 329589.900 pJ                                                                 ║
║   - Batch 159:                                                                                     ║
║     Total Energy: 4826966863.620 pJ                                                                ║
║     Off-chip Memory Energy: 4234423200.000 pJ                                                      ║
║     On-chip Memory Energy: 334731294.720 pJ                                                        ║
║     Operations Energy:                                                                             ║
║       - Operation 0: 42187478.400 pJ                                                               ║
║       - Operation 1: 173437411.200 pJ                                                              ║
║       - Operation 2: 41857889.400 pJ                                                               ║
║       - Operation 3: 329589.900 pJ                                                                 ║
║   - Batch 160:                                                                                     ║
║     Total Energy: 6718142418.180 pJ                                                                ║
║     Off-chip Memory Energy: 6299798400.000 pJ                                                      ║
║     On-chip Memory Energy: 160531649.280 pJ                                                        ║
║     Operations Energy:                                                                             ║
║       - Operation 0: 42187478.400 pJ                                                               ║
║       - Operation 1: 173437411.200 pJ                                                              ║
║       - Operation 2: 41857889.400 pJ                                                               ║
║       - Operation 3: 329589.900 pJ                                                                 ║
║   - Batch 161:                                                                                     ║
║     Total Energy: 8267106864.900 pJ                                                                ║
║     Off-chip Memory Energy: 7991440800.000 pJ                                                      ║
║     On-chip Memory Energy: 17853696.000 pJ                                                         ║
║     Operations Energy:                                                                             ║
║       - Operation 0: 42187478.400 pJ                                                               ║
║       - Operation 1: 173437411.200 pJ                                                              ║
║       - Operation 2: 41857889.400 pJ                                                               ║
║       - Operation 3: 329589.900 pJ                                                                 ║
║   - Batch 162:                                                                                     ║
║     Total Energy: 4567039636.740 pJ                                                                ║
║     Off-chip Memory Energy: 3950553600.000 pJ                                                      ║
║     On-chip Memory Energy: 358673667.840 pJ                                                        ║
║     Operations Energy:                                                                             ║
║       - Operation 0: 42187478.400 pJ                                                               ║
║       - Operation 1: 173437411.200 pJ                                                              ║
║       - Operation 2: 41857889.400 pJ                                                               ║
║       - Operation 3: 329589.900 pJ                                                                 ║
║   - Batch 163:                                                                                     ║
║     Total Energy: 7171895949.060 pJ                                                                ║
║     Off-chip Memory Energy: 6795348000.000 pJ                                                      ║
║     On-chip Memory Energy: 118735580.160 pJ                                                        ║
║     Operations Energy:                                                                             ║
║       - Operation 0: 42187478.400 pJ                                                               ║
║       - Operation 1: 173437411.200 pJ                                                              ║
║       - Operation 2: 41857889.400 pJ                                                               ║
║       - Operation 3: 329589.900 pJ                                                                 ║
║   - Batch 164:                                                                                     ║
║     Total Energy: 8460933168.900 pJ                                                                ║
║     Off-chip Memory Energy: 8203120800.000 pJ                                                      ║
║     On-chip Memory Energy: 0.000 pJ                                                                ║
║     Operations Energy:                                                                             ║
║       - Operation 0: 42187478.400 pJ                                                               ║
║       - Operation 1: 173437411.200 pJ                                                              ║
║       - Operation 2: 41857889.400 pJ                                                               ║
║       - Operation 3: 329589.900 pJ                                                                 ║
║   - Batch 165:                                                                                     ║
║     Total Energy: 6544775557.380 pJ                                                                ║
║     Off-chip Memory Energy: 6110462400.000 pJ                                                      ║
║     On-chip Memory Energy: 176500788.480 pJ                                                        ║
║     Operations Energy:                                                                             ║
║       - Operation 0: 42187478.400 pJ                                                               ║
║       - Operation 1: 173437411.200 pJ                                                              ║
║       - Operation 2: 41857889.400 pJ                                                               ║
║       - Operation 3: 329589.900 pJ                                                                 ║
║   - Batch 166:                                                                                     ║
║     Total Energy: 5915470774.020 pJ                                                                ║
║     Off-chip Memory Energy: 5423191200.000 pJ                                                      ║
║     On-chip Memory Energy: 234467205.120 pJ                                                        ║
║     Operations Energy:                                                                             ║
║       - Operation 0: 42187478.400 pJ                                                               ║
║       - Operation 1: 173437411.200 pJ                                                              ║
║       - Operation 2: 41857889.400 pJ                                                               ║
║       - Operation 3: 329589.900 pJ                                                                 ║
║   - Batch 167:                                                                                     ║
║     Total Energy: 7545796119.300 pJ                                                                ║
║     Off-chip Memory Energy: 7203688800.000 pJ                                                      ║
║     On-chip Memory Energy: 84294950.400 pJ                                                         ║
║     Operations Energy:                                                                             ║
║       - Operation 0: 42187478.400 pJ                                                               ║
║       - Operation 1: 173437411.200 pJ                                                              ║
║       - Operation 2: 41857889.400 pJ                                                               ║
║       - Operation 3: 329589.900 pJ                                                                 ║
║   - Batch 168:                                                                                     ║
║     Total Energy: 8460933168.900 pJ                                                                ║
║     Off-chip Memory Energy: 8203120800.000 pJ                                                      ║
║     On-chip Memory Energy: 0.000 pJ                                                                ║
║     Operations Energy:                                                                             ║
║       - Operation 0: 42187478.400 pJ                                                               ║
║       - Operation 1: 173437411.200 pJ                                                              ║
║       - Operation 2: 41857889.400 pJ                                                               ║
║       - Operation 3: 329589.900 pJ                                                                 ║
║   - Batch 169:                                                                                     ║
║     Total Energy: 5088786204.420 pJ                                                                ║
║     Off-chip Memory Energy: 4520359200.000 pJ                                                      ║
║     On-chip Memory Energy: 310614635.520 pJ                                                        ║
║     Operations Energy:                                                                             ║
║       - Operation 0: 42187478.400 pJ                                                               ║
║       - Operation 1: 173437411.200 pJ                                                              ║
║       - Operation 2: 41857889.400 pJ                                                               ║
║       - Operation 3: 329589.900 pJ                                                                 ║
║   - Batch 170:                                                                                     ║
║     Total Energy: 6456323077.380 pJ                                                                ║
║     Off-chip Memory Energy: 6013862400.000 pJ                                                      ║
║     On-chip Memory Energy: 184648308.480 pJ                                                        ║
║     Operations Energy:                                                                             ║
║       - Operation 0: 42187478.400 pJ                                                               ║
║       - Operation 1: 173437411.200 pJ                                                              ║
║       - Operation 2: 41857889.400 pJ                                                               ║
║       - Operation 3: 329589.900 pJ                                                                 ║
║   - Batch 171:                                                                                     ║
║     Total Energy: 8460933168.900 pJ                                                                ║
║     Off-chip Memory Energy: 8203120800.000 pJ                                                      ║
║     On-chip Memory Energy: 0.000 pJ                                                                ║
║     Operations Energy:                                                                             ║
║       - Operation 0: 42187478.400 pJ                                                               ║
║       - Operation 1: 173437411.200 pJ                                                              ║
║       - Operation 2: 41857889.400 pJ                                                               ║
║       - Operation 3: 329589.900 pJ                                                                 ║
║   - Batch 172:                                                                                     ║
║     Total Energy: 4433807127.300 pJ                                                                ║
║     Off-chip Memory Energy: 3805048800.000 pJ                                                      ║
║     On-chip Memory Energy: 370945958.400 pJ                                                        ║
║     Operations Energy:                                                                             ║
║       - Operation 0: 42187478.400 pJ                                                               ║
║       - Operation 1: 173437411.200 pJ                                                              ║
║       - Operation 2: 41857889.400 pJ                                                               ║
║       - Operation 3: 329589.900 pJ                                                                 ║
║   - Batch 173:                                                                                     ║
║     Total Energy: 5724028841.220 pJ                                                                ║
║     Off-chip Memory Energy: 5214115200.000 pJ                                                      ║
║     On-chip Memory Energy: 252101272.320 pJ                                                        ║
║     Operations Energy:                                                                             ║
║       - Operation 0: 42187478.400 pJ                                                               ║
║       - Operation 1: 173437411.200 pJ                                                              ║
║       - Operation 2: 41857889.400 pJ                                                               ║
║       - Operation 3: 329589.900 pJ                                                                 ║
║   - Batch 174:                                                                                     ║
║     Total Energy: 5448703191.300 pJ                                                                ║
║     Off-chip Memory Energy: 4913428800.000 pJ                                                      ║
║     On-chip Memory Energy: 277462022.400 pJ                                                        ║
║     Operations Energy:                                                                             ║
║       - Operation 0: 42187478.400 pJ                                                               ║
║       - Operation 1: 173437411.200 pJ                                                              ║
║       - Operation 2: 41857889.400 pJ                                                               ║
║       - Operation 3: 329589.900 pJ                                                                 ║
║   - Batch 175:                                                                                     ║
║     Total Energy: 5006286960.900 pJ                                                                ║
║     Off-chip Memory Energy: 4430260800.000 pJ                                                      ║
║     On-chip Memory Energy: 318213792.000 pJ                                                        ║
║     Operations Energy:                                                                             ║
║       - Operation 0: 42187478.400 pJ                                                               ║
║       - Operation 1: 173437411.200 pJ                                                              ║
║       - Operation 2: 41857889.400 pJ                                                               ║
║       - Operation 3: 329589.900 pJ                                                                 ║
║   - Batch 176:                                                                                     ║
║     Total Energy: 5734843118.340 pJ                                                                ║
║     Off-chip Memory Energy: 5225925600.000 pJ                                                      ║
║     On-chip Memory Energy: 251105149.440 pJ                                                        ║
║     Operations Energy:                                                                             ║
║       - Operation 0: 42187478.400 pJ                                                               ║
║       - Operation 1: 173437411.200 pJ                                                              ║
║       - Operation 2: 41857889.400 pJ                                                               ║
║       - Operation 3: 329589.900 pJ                                                                 ║
║   - Batch 177:                                                                                     ║
║     Total Energy: 4653692301.060 pJ                                                                ║
║     Off-chip Memory Energy: 4045188000.000 pJ                                                      ║
║     On-chip Memory Energy: 350691932.160 pJ                                                        ║
║     Operations Energy:                                                                             ║
║       - Operation 0: 42187478.400 pJ                                                               ║
║       - Operation 1: 173437411.200 pJ                                                              ║
║       - Operation 2: 41857889.400 pJ                                                               ║
║       - Operation 3: 329589.900 pJ                                                                 ║
║   - Batch 178:                                                                                     ║
║     Total Energy: 5909979028.740 pJ                                                                ║
║     Off-chip Memory Energy: 5417193600.000 pJ                                                      ║
║     On-chip Memory Energy: 234973059.840 pJ                                                        ║
║     Operations Energy:                                                                             ║
║       - Operation 0: 42187478.400 pJ                                                               ║
║       - Operation 1: 173437411.200 pJ                                                              ║
║       - Operation 2: 41857889.400 pJ                                                               ║
║       - Operation 3: 329589.900 pJ                                                                 ║
║   - Batch 179:                                                                                     ║
║     Total Energy: 4956922785.540 pJ                                                                ║
║     Off-chip Memory Energy: 4376349600.000 pJ                                                      ║
║     On-chip Memory Energy: 322760816.640 pJ                                                        ║
║     Operations Energy:                                                                             ║
║       - Operation 0: 42187478.400 pJ                                                               ║
║       - Operation 1: 173437411.200 pJ                                                              ║
║       - Operation 2: 41857889.400 pJ                                                               ║
║       - Operation 3: 329589.900 pJ                                                                 ║
║   - Batch 180:                                                                                     ║
║     Total Energy: 7396349885.700 pJ                                                                ║
║     Off-chip Memory Energy: 7040476800.000 pJ                                                      ║
║     On-chip Memory Energy: 98060716.800 pJ                                                         ║
║     Operations Energy:                                                                             ║
║       - Operation 0: 42187478.400 pJ                                                               ║
║       - Operation 1: 173437411.200 pJ                                                              ║
║       - Operation 2: 41857889.400 pJ                                                               ║
║       - Operation 3: 329589.900 pJ                                                                 ║
║   - Batch 181:                                                                                     ║
║     Total Energy: 8460933168.900 pJ                                                                ║
║     Off-chip Memory Energy: 8203120800.000 pJ                                                      ║
║     On-chip Memory Energy: 0.000 pJ                                                                ║
║     Operations Energy:                                                                             ║
║       - Operation 0: 42187478.400 pJ                                                               ║
║       - Operation 1: 173437411.200 pJ                                                              ║
║       - Operation 2: 41857889.400 pJ                                                               ║
║       - Operation 3: 329589.900 pJ                                                                 ║
║   - Batch 182:                                                                                     ║
║     Total Energy: 8460933168.900 pJ                                                                ║
║     Off-chip Memory Energy: 8203120800.000 pJ                                                      ║
║     On-chip Memory Energy: 0.000 pJ                                                                ║
║     Operations Energy:                                                                             ║
║       - Operation 0: 42187478.400 pJ                                                               ║
║       - Operation 1: 173437411.200 pJ                                                              ║
║       - Operation 2: 41857889.400 pJ                                                               ║
║       - Operation 3: 329589.900 pJ                                                                 ║
║   - Batch 183:                                                                                     ║
║     Total Energy: 8460933168.900 pJ                                                                ║
║     Off-chip Memory Energy: 8203120800.000 pJ                                                      ║
║     On-chip Memory Energy: 0.000 pJ                                                                ║
║     Operations Energy:                                                                             ║
║       - Operation 0: 42187478.400 pJ                                                               ║
║       - Operation 1: 173437411.200 pJ                                                              ║
║       - Operation 2: 41857889.400 pJ                                                               ║
║       - Operation 3: 329589.900 pJ                                                                 ║
║   - Batch 184:                                                                                     ║
║     Total Energy: 8460933168.900 pJ                                                                ║
║     Off-chip Memory Energy: 8203120800.000 pJ                                                      ║
║     On-chip Memory Energy: 0.000 pJ                                                                ║
║     Operations Energy:                                                                             ║
║       - Operation 0: 42187478.400 pJ                                                               ║
║       - Operation 1: 173437411.200 pJ                                                              ║
║       - Operation 2: 41857889.400 pJ                                                               ║
║       - Operation 3: 329589.900 pJ                                                                 ║
║   - Batch 185:                                                                                     ║
║     Total Energy: 8460933168.900 pJ                                                                ║
║     Off-chip Memory Energy: 8203120800.000 pJ                                                      ║
║     On-chip Memory Energy: 0.000 pJ                                                                ║
║     Operations Energy:                                                                             ║
║       - Operation 0: 42187478.400 pJ                                                               ║
║       - Operation 1: 173437411.200 pJ                                                              ║
║       - Operation 2: 41857889.400 pJ                                                               ║
║       - Operation 3: 329589.900 pJ                                                                 ║
║   - Batch 186:                                                                                     ║
║     Total Energy: 8460933168.900 pJ                                                                ║
║     Off-chip Memory Energy: 8203120800.000 pJ                                                      ║
║     On-chip Memory Energy: 0.000 pJ                                                                ║
║     Operations Energy:                                                                             ║
║       - Operation 0: 42187478.400 pJ                                                               ║
║       - Operation 1: 173437411.200 pJ                                                              ║
║       - Operation 2: 41857889.400 pJ                                                               ║
║       - Operation 3: 329589.900 pJ                                                                 ║
║   - Batch 187:                                                                                     ║
║     Total Energy: 4433807127.300 pJ                                                                ║
║     Off-chip Memory Energy: 3805048800.000 pJ                                                      ║
║     On-chip Memory Energy: 370945958.400 pJ                                                        ║
║     Operations Energy:                                                                             ║
║       - Operation 0: 42187478.400 pJ                                                               ║
║       - Operation 1: 173437411.200 pJ                                                              ║
║       - Operation 2: 41857889.400 pJ                                                               ║
║       - Operation 3: 329589.900 pJ                                                                 ║
║   - Batch 188:                                                                                     ║
║     Total Energy: 7111302154.500 pJ                                                                ║
║     Off-chip Memory Energy: 6729172800.000 pJ                                                      ║
║     On-chip Memory Energy: 124316985.600 pJ                                                        ║
║     Operations Energy:                                                                             ║
║       - Operation 0: 42187478.400 pJ                                                               ║
║       - Operation 1: 173437411.200 pJ                                                              ║
║       - Operation 2: 41857889.400 pJ                                                               ║
║       - Operation 3: 329589.900 pJ                                                                 ║
║   - Batch 189:                                                                                     ║
║     Total Energy: 7754651653.380 pJ                                                                ║
║     Off-chip Memory Energy: 7431782400.000 pJ                                                      ║
║     On-chip Memory Energy: 65056884.480 pJ                                                         ║
║     Operations Energy:                                                                             ║
║       - Operation 0: 42187478.400 pJ                                                               ║
║       - Operation 1: 173437411.200 pJ                                                              ║
║       - Operation 2: 41857889.400 pJ                                                               ║
║       - Operation 3: 329589.900 pJ                                                                 ║
║   - Batch 190:                                                                                     ║
║     Total Energy: 4855040911.620 pJ                                                                ║
║     Off-chip Memory Energy: 4265083200.000 pJ                                                      ║
║     On-chip Memory Energy: 332145342.720 pJ                                                        ║
║     Operations Energy:                                                                             ║
║       - Operation 0: 42187478.400 pJ                                                               ║
║       - Operation 1: 173437411.200 pJ                                                              ║
║       - Operation 2: 41857889.400 pJ                                                               ║
║       - Operation 3: 329589.900 pJ                                                                 ║
║   - Batch 191:                                                                                     ║
║     Total Energy: 5068034483.460 pJ                                                                ║
║     Off-chip Memory Energy: 4497696000.000 pJ                                                      ║
║     On-chip Memory Energy: 312526114.560 pJ                                                        ║
║     Operations Energy:                                                                             ║
║       - Operation 0: 42187478.400 pJ                                                               ║
║       - Operation 1: 173437411.200 pJ                                                              ║
║       - Operation 2: 41857889.400 pJ                                                               ║
║       - Operation 3: 329589.900 pJ                                                                 ║
║   - Batch 192:                                                                                     ║
║     Total Energy: 5766655245.060 pJ                                                                ║
║     Off-chip Memory Energy: 5260668000.000 pJ                                                      ║
║     On-chip Memory Energy: 248174876.160 pJ                                                        ║
║     Operations Energy:                                                                             ║
║       - Operation 0: 42187478.400 pJ                                                               ║
║       - Operation 1: 173437411.200 pJ                                                              ║
║       - Operation 2: 41857889.400 pJ                                                               ║
║       - Operation 3: 329589.900 pJ                                                                 ║
║   - Batch 193:                                                                                     ║
║     Total Energy: 8106769438.980 pJ                                                                ║
║     Off-chip Memory Energy: 7816334400.000 pJ                                                      ║
║     On-chip Memory Energy: 32622670.080 pJ                                                         ║
║     Operations Energy:                                                                             ║
║       - Operation 0: 42187478.400 pJ                                                               ║
║       - Operation 1: 173437411.200 pJ                                                              ║
║       - Operation 2: 41857889.400 pJ                                                               ║
║       - Operation 3: 329589.900 pJ                                                                 ║
║   - Batch 194:                                                                                     ║
║     Total Energy: 5448580126.980 pJ                                                                ║
║     Off-chip Memory Energy: 4913294400.000 pJ                                                      ║
║     On-chip Memory Energy: 277473358.080 pJ                                                        ║
║     Operations Energy:                                                                             ║
║       - Operation 0: 42187478.400 pJ                                                               ║
║       - Operation 1: 173437411.200 pJ                                                              ║
║       - Operation 2: 41857889.400 pJ                                                               ║
║       - Operation 3: 329589.900 pJ                                                                 ║
║   - Batch 195:                                                                                     ║
║     Total Energy: 6185520041.220 pJ                                                                ║
║     Off-chip Memory Energy: 5718115200.000 pJ                                                      ║
║     On-chip Memory Energy: 209592472.320 pJ                                                        ║
║     Operations Energy:                                                                             ║
║       - Operation 0: 42187478.400 pJ                                                               ║
║       - Operation 1: 173437411.200 pJ                                                              ║
║       - Operation 2: 41857889.400 pJ                                                               ║
║       - Operation 3: 329589.900 pJ                                                                 ║
║   - Batch 196:                                                                                     ║
║     Total Energy: 4344816240.900 pJ                                                                ║
║     Off-chip Memory Energy: 3707860800.000 pJ                                                      ║
║     On-chip Memory Energy: 379143072.000 pJ                                                        ║
║     Operations Energy:                                                                             ║
║       - Operation 0: 42187478.400 pJ                                                               ║
║       - Operation 1: 173437411.200 pJ                                                              ║
║       - Operation 2: 41857889.400 pJ                                                               ║
║       - Operation 3: 329589.900 pJ                                                                 ║
║   - Batch 197:                                                                                     ║
║     Total Energy: 7111302154.500 pJ                                                                ║
║     Off-chip Memory Energy: 6729172800.000 pJ                                                      ║
║     On-chip Memory Energy: 124316985.600 pJ                                                        ║
║     Operations Energy:                                                                             ║
║       - Operation 0: 42187478.400 pJ                                                               ║
║       - Operation 1: 173437411.200 pJ                                                              ║
║       - Operation 2: 41857889.400 pJ                                                               ║
║       - Operation 3: 329589.900 pJ                                                                 ║
║   - Batch 198:                                                                                     ║
║     Total Energy: 8460933168.900 pJ                                                                ║
║     Off-chip Memory Energy: 8203120800.000 pJ                                                      ║
║     On-chip Memory Energy: 0.000 pJ                                                                ║
║     Operations Energy:                                                                             ║
║       - Operation 0: 42187478.400 pJ                                                               ║
║       - Operation 1: 173437411.200 pJ                                                              ║
║       - Operation 2: 41857889.400 pJ                                                               ║
║       - Operation 3: 329589.900 pJ                                                                 ║
║   - Batch 199:                                                                                     ║
║     Total Energy: 8460933168.900 pJ                                                                ║
║     Off-chip Memory Energy: 8203120800.000 pJ                                                      ║
║     On-chip Memory Energy: 0.000 pJ                                                                ║
║     Operations Energy:                                                                             ║
║       - Operation 0: 42187478.400 pJ                                                               ║
║       - Operation 1: 173437411.200 pJ                                                              ║
║       - Operation 2: 41857889.400 pJ                                                               ║
║       - Operation 3: 329589.900 pJ                                                                 ║
╚════════════════════════════════════════════════════════════════════════════════════════════════════╝
(Time elapsed(s) in energy estimation:   0.037971sec)
